player_name,role,mean_final_elo,sd_final_elo,q025,q50,q975
A'Shawn Robinson,Rusher,734.626958290149,3.77272537947505,726.216756648422,734.99024243987,740.923394243712
A.J. Cann,Blocker,1108.51866116722,2.84502786293885,1103.12084115783,1108.48217008246,1113.92559513412
A.J. Epenesa,Rusher,740.760591996464,4.43512548557691,731.372605621684,741.187698353061,748.285831145073
A.J. Johnson,Rusher,748.907009606576,0.574726652447558,747.898966579318,749.047385831957,749.717684974606
Aaron Brewer,Blocker,1085.5984026272,3.90498807088192,1078.56791165124,1085.3682362815,1093.53483751861
Aaron Donald,Rusher,815.893194966175,10.7244816566406,794.251941362978,816.270307387658,835.380146958071
Aaron James Klein,Rusher,739.759585858645,0.579474588569986,738.564815765439,739.785554704158,740.80788471078
Aaron Patrick,Rusher,756.111690421754,1.60976561901157,752.654046073271,756.259749258601,758.893020839599
Aaron Stinnie,Blocker,1117.06062389825,0.689664632390548,1115.79650126801,1117.03694844849,1118.44660124093
Abdullah Anderson,Rusher,740.669502025186,1.14999117963419,738.361819546972,740.697718822528,742.848807161322
Adam Butler,Rusher,691.363921513224,2.97770880364158,685.619412806217,691.354422843954,697.156080703065
Adam Gotsis,Rusher,750.129849723222,2.86576128328623,744.513746046166,750.153263663229,755.630290198245
Adetokunbo Ogundeji,Rusher,700.523789681806,2.89206566622704,694.777390555055,700.578460529054,705.869824287043
Aj Jackson,Blocker,1115.64050059221,1.28093428169911,1112.9855699693,1115.74247985452,1117.94595029384
Akeem Davis-Gaither,Rusher,746.404737593418,0.28065725687778,745.782228571506,746.435357410276,746.889796790437
Akeem Spence,Rusher,747.496973707262,0.154367800097483,747.184581773117,747.501792981063,747.81882128674
Akiem Hicks,Rusher,771.313131631518,5.78055674866169,759.506956557198,771.736653456435,780.959172353533
Al Woods,Rusher,714.871663588069,2.12732613720374,710.696762752859,714.887711692859,718.97497348307
Al-Quadin Muhammad,Rusher,757.748830088109,4.730159916447,748.732600787767,757.752524524463,767.032238163941
Albert Huggins,Rusher,718.496877847333,2.0686544853973,714.30679107624,718.581286357817,722.24897694378
Alec Ogletree,Rusher,738.852522363044,0.519088477754369,737.830075509089,738.865238240918,739.796590291716
Alejandro Villanueva,Blocker,1167.40937009464,7.68086373653719,1152.4303300049,1167.40113850275,1182.58197026837
Alex Anzalone,Rusher,717.486231498588,0.694509108333747,716.13412739828,717.487089515963,718.863354380861
Alex Bars,Blocker,1113.86400833999,0.468543714470947,1113.01257748134,1113.85097049244,1114.79283616482
Alex Barshaba,Blocker,1125.33755199351,0.348094288468351,1124.72082173693,1125.300703524,1126.12612664807
Alex Cappa,Blocker,1209.24004687877,2.01143929454784,1205.34859518427,1209.19720402837,1213.23638862398
Alex Highsmith,Rusher,745.677322176464,5.9992420015857,733.621145348622,745.956440170475,756.658750298331
Alex Leatherwood,Blocker,1113.92324518907,9.32154557076549,1095.59384916651,1114.05352828181,1131.18257883575
Alex Mack,Blocker,1149.55276987154,6.99336094336534,1135.60986047864,1149.74591614794,1162.53649478019
Alex Okafor,Rusher,708.122294609875,2.54396009459878,702.9009140966,708.227607859298,712.823023532087
Alex Singleton,Rusher,749.091784504952,0.588592725354902,747.920094584763,749.106987168063,750.179652049468
Alexander Johnson,Rusher,761.113555804166,1.3167689998257,758.729983511518,761.124135998439,763.414079651765
Ali Marpet,Blocker,1170.23383433422,5.4144692449797,1161.35494618171,1169.32714506031,1181.84445768912
Alijah Vera-Tucker,Blocker,1176.29430855003,4.41455946642989,1168.08618719644,1176.20561312999,1185.0753719845
Alim Mcneill,Rusher,796.375139051913,3.68642053697988,788.168216593529,796.78556752437,802.457262465343
Alton Robinson,Rusher,734.595659478416,3.0127628759713,728.530794562798,734.675973436068,740.264030335484
Amani Bledsoe,Rusher,738.215816542717,1.01705843048664,736.227549718473,738.206331964919,740.170905372223
Amen Ogbongbemiga,Rusher,767.59524045188,0.190312972393395,767.160075951405,767.62112792255,767.908133543591
Andre Dillard,Blocker,1148.08314344641,4.59145929875464,1140.32831875681,1147.54624284911,1157.12961825652
Andre James,Blocker,1125.42594032999,8.89421089992762,1108.41786529763,1125.2584545287,1143.12642359056
Andre Mintze,Rusher,725.344069143225,1.27386428718717,722.630909079641,725.445789668886,727.574229114823
Andre Smith,Blocker,1136.02260117322,0.969805635015631,1134.03531759291,1136.01927060444,1137.96115434837
Andrew Billings,Rusher,743.681050086711,1.56864001101993,740.679286683624,743.676868549905,746.67442836923
Andrew Brown,Rusher,749.060775047334,0.26593258837727,748.488376961916,749.053185676398,749.584879496501
Andrew Dowell,Rusher,747.740513634176,0.11481797763514,747.508550333688,747.744872125284,747.954672205775
Andrew Norwell,Blocker,1150.53965397318,5.67494132944697,1139.82970839891,1150.52576095076,1161.3179284638
Andrew Thomas,Blocker,1160.30406940215,2.61005562282176,1155.17645196502,1160.35057748947,1165.36541118705
Andrew Van Ginkel,Rusher,694.83330694782,3.25607249910348,688.395000443302,694.831396886969,701.179169052041
Andrew Whitworth,Blocker,1180.26815985922,5.69087952448943,1169.39771496898,1180.23316774576,1191.43506163298
Andrew Wylie,Blocker,1131.90151137139,5.66894575850615,1121.09938987885,1131.89008539987,1142.92531170239
Andrus Peat,Blocker,1118.36362135097,6.14514342350626,1107.51232525923,1118.74649514089,1129.19147691949
Angelo Blackson,Rusher,715.713978203761,3.36630354763967,709.047314897574,715.720363747794,722.24038030305
Anthony Barr,Rusher,716.512352286063,1.28182896801046,713.859315340517,716.535474811974,718.964235970918
Anthony Hitchens,Rusher,741.128400054326,0.646979488438584,739.84081676579,741.14075595133,742.357895614949
Anthony Levine Sr.,Rusher,747.93038764077,0.132638038111751,747.644812055755,747.943787443113,748.153753851806
Anthony Nelson,Rusher,737.9901865755,0.693529846386577,736.578687456334,738.006690089326,739.325069691807
Anthony Pittman,Rusher,743.127663616762,0.39705552504112,742.328683890819,743.142418339408,743.849643870974
Anthony Rush,Rusher,705.865055137449,1.8563530857384,702.142665187057,705.92019533085,709.335684312631
Anthony Walker Jr.,Rusher,750.095345741876,0.602311238318232,748.892853242416,750.101396070926,751.230953577694
Antwaun Woods,Rusher,729.643698729895,0.988933983577377,727.701762288327,729.651825115603,731.558058666038
Arden Key,Rusher,758.392761465395,3.61304714606225,750.949657700987,758.585258446832,764.930453289632
Arik Armstead,Rusher,768.486687354636,11.6798245631906,746.641975708827,768.123066668423,792.072414996974
Armon Watts,Rusher,756.412215981614,5.9259591338447,745.335000481557,756.345522166907,767.971728373175
Attauyo Nsekhe,Blocker,1127.42822036143,0.105197048789431,1127.24018777057,1127.41600938097,1127.6569939079
Austin Bryant,Rusher,760.407765771457,3.48440233102673,753.024251060212,760.637312294926,766.626687123855
Austin Calitro,Rusher,748.994121237398,0.0752285025638469,748.837278289078,749.007232783472,749.115461429722
Austin Corbett,Blocker,1157.03129094184,5.45171141738524,1146.1452426667,1157.10106303356,1167.27204436133
Austin Faoliu,Rusher,743.633991852896,0.942427573401435,741.690761784542,743.643772552136,745.313931573178
Austin Jackson,Blocker,1140.72941288076,5.65269725633482,1129.60389681527,1140.84227608595,1151.41882984225
Austin Johnson,Rusher,734.614554672014,2.97121884170091,729.01704201126,734.529077107315,740.510371532515
Austin Reiter,Blocker,1112.71328007386,3.8521767932071,1105.62254007292,1112.52827246687,1119.92142573982
Austin Schlottmann,Blocker,1121.08598869796,0.764391650559718,1119.53803114481,1121.06447054136,1122.70562567936
Azeez Al-Shaair,Rusher,730.897735759767,0.653071331442318,729.582123631716,730.911996538039,732.147817253124
Azeez Ojulari,Rusher,729.746025520175,2.99255132369931,723.722556372207,729.811549494933,735.373940066009
Azur Kamara,Rusher,739.731368928336,0.584063079625565,738.566488630277,739.7364906224,740.880802209994
B.J. Finney,Blocker,1145.76616615091,1.83989453116462,1142.43354431933,1145.68027062429,1149.70610257151
B.J. Hill,Rusher,761.907381833169,8.75187818263787,745.250210318229,761.843269890727,779.300189722902
Baron Browning,Rusher,713.941818542837,0.694847607432827,712.571255937131,713.939021054322,715.273386803249
Ben Banogu,Rusher,728.704221296991,1.39823779491011,725.850557836555,728.76749168023,731.298058358367
Ben Bartch,Blocker,1129.59097956284,4.11734463911429,1122.03199345628,1129.48642486751,1137.9319912119
Ben Bredeson,Blocker,1133.41501232054,4.08910426435646,1125.8580316849,1133.37816970587,1141.19645481627
Ben Cleveland,Blocker,1180.46916510066,2.47163970233896,1175.72524140938,1180.43019831593,1185.35187863975
Ben Jones,Blocker,1170.61192714641,4.12053204023413,1163.1508109006,1170.44347821433,1178.97244883545
Ben Niemann,Rusher,709.537434999135,1.19129697388434,707.262205859438,709.558181060203,711.711118078354
Ben Powers,Blocker,1147.8095076826,4.93652326787505,1138.46324224084,1147.76461984143,1157.53590171293
Benardrick Mckinney,Rusher,749.219126314888,0.251071018984081,748.717870611356,749.22540314204,749.693636302332
Benning Potoa'E,Rusher,748.782127819753,0.31666211017785,748.2261302345,748.742539696666,749.387609145067
Benson Mayowa,Rusher,708.33084534897,3.71850922553347,700.7308255791,708.439137484414,714.860295835241
Bilal Nichols,Rusher,729.326384986633,3.51104677161841,722.632338042497,729.354257594943,736.198649510389
Billy Price,Blocker,1136.83182865238,4.69076585527646,1127.74413484385,1136.9604324653,1145.79312590242
Billy Turner,Blocker,1150.41234570203,4.15099278862183,1142.52967832547,1150.3275093037,1158.46429506333
Blake Brandel,Blocker,1134.78406991883,0.484273739853988,1133.88056724061,1134.77219534446,1135.76491160312
Blake Cashman,Rusher,747.978330799698,0.124202082426321,747.730680675934,748.009875342852,748.155025606692
Blake Hance,Blocker,1107.22599078953,4.98875170860143,1098.03592744508,1107.02668869761,1117.53300633111
Blake Lynch,Rusher,763.440280270318,0.507783942062148,762.387040964007,763.495385412105,764.269172850389
Blake Martinez,Rusher,739.676843858913,0.310933755601859,739.080117379075,739.707697222222,740.210773082659
Bobby Brown III,Rusher,751.798802583497,0.728573419495171,750.378559505932,751.796844318946,753.131914662663
Bobby Evans,Blocker,1115.7146378838,1.4212673862827,1113.22746938708,1115.60812313647,1118.65101128671
Bobby Hart,Blocker,1125.61506462577,1.7246442288749,1122.22840202518,1125.57265014028,1129.01026797052
Bobby Massie,Blocker,1121.4397475015,6.07162186451318,1110.04572579371,1121.27471424003,1133.39721341586
Bobby Okereke,Rusher,720.573369659093,0.95890698464793,718.652317393089,720.598369960814,722.373524030547
Bobby Wagner,Rusher,739.305874919195,2.73789357150197,734.246585236276,739.328127349268,744.131082978178
Boogie Basham,Rusher,735.165605619034,2.81392188272511,729.778331846474,735.263864291827,740.23431385394
Braden Smith,Blocker,1160.00500147546,3.48952072620385,1153.42614670301,1159.90503886293,1167.11388495157
Bradlee Anae,Rusher,738.545639043403,1.40027656118765,735.45368875664,738.717359889968,740.915867790261
Bradley Bozeman,Blocker,1172.19997255633,4.19818319896496,1164.16052238448,1172.21040716617,1180.43377893121
Bradley Chubb,Rusher,734.499644159974,2.87522172003459,728.803999442546,734.536512788898,739.924531690639
Brady Christensen,Blocker,1071.16393636798,6.46892663735441,1058.99321112115,1070.94626316842,1083.53244695876
Brandin Bryant,Rusher,751.009541756136,1.08975803571798,748.774423116494,751.28392013685,752.504756147908
Brandon Brooks,Blocker,1142.47241214341,0.78954349230809,1141.11410991723,1142.40113384217,1144.11031292728
Brandon Copeland,Rusher,737.456259672663,3.50311071689489,730.837895724794,737.449367824624,743.886276489607
Brandon Graham,Rusher,749.464641796399,1.43167730844124,746.577048113184,749.501840503655,752.156554033948
Brandon Linder,Blocker,1162.1544808019,2.19242908535775,1157.90212502639,1162.14565492618,1166.43722645966
Brandon Parker,Blocker,1126.47823821711,6.34749611033008,1114.24082010186,1126.44191481646,1138.55583082428
Brandon Scherff,Blocker,1157.28301802629,1.97689965678704,1153.47668011862,1157.26699490358,1161.23512806924
Brandon Shell,Blocker,1118.72677631589,4.83257078643527,1109.61720165816,1118.71164157641,1128.42869579687
Brandon Williams,Rusher,694.200053659522,1.89855649156397,690.466305483785,694.19470917754,697.850039970373
Bravvion Roy,Rusher,712.201766825306,2.51907787601463,706.965227089888,712.280693968817,716.811979643732
Braxton Hoyett,Rusher,753.445929456159,0.19892095333693,753.058731281981,753.485090993662,753.758920560935
Breiden Fehoko,Rusher,721.973139826162,1.78075504598731,718.422246773563,722.157274109527,724.981555604823
Brennan Scarlett,Rusher,746.9903917121,1.27691795112237,744.524396572801,746.996947497965,749.482056079115
Brent Urban,Rusher,734.252731218417,1.5744815781357,731.142772562814,734.284473864084,737.130153446047
Brett Toth,Blocker,1134.86249782297,0.548183872251313,1133.97290731849,1134.79466127446,1135.96259675867
Brian Allen,Blocker,1160.6274255374,3.98469702473919,1153.03968820477,1160.55124018608,1168.54578064816
Brian Burns,Rusher,709.46099470451,3.10871380339258,702.474212123147,709.806613426155,714.640565148343
Brian O'Neill,Blocker,1170.07364559084,6.42640903620574,1157.25640755646,1170.25262701402,1181.93170394317
Brian Winters,Blocker,1133.82943455912,0.476945055261937,1132.93212246412,1133.80957905899,1134.8091421312
Broderick Washington,Rusher,763.194543410296,4.16709014202387,754.443121482082,763.732962264846,770.003106446249
Bruce Hector,Rusher,742.653074009151,0.498207074985491,741.612688261258,742.681969614066,743.550432927495
Bruce Irvin,Rusher,730.516953197982,2.59214868574564,725.437227939551,730.50942937627,735.564150576992
Bryan Bulaga,Blocker,1134.09422351421,1.21112910242097,1131.88591491583,1133.99627119795,1136.24631698792
Bryan Mone,Rusher,776.699157764256,4.70006197617051,765.964209005965,777.332570155394,784.123939139304
Bryce Huff,Rusher,738.592261597819,3.60348916292977,731.21337101849,738.646045948907,745.165325253121
Bud Dupree,Rusher,727.786126020062,4.43086846924332,718.318928811637,728.172467297418,735.474217642821
Bunmi Rotimi,Rusher,726.965784935112,2.47219058210263,722.163638073946,726.888958973598,731.765319683504
C.J. Mosley,Rusher,709.027101257737,1.31420861920821,706.407226262399,709.056241223305,711.512868261514
Calais Campbell,Rusher,725.736811350002,4.4550759020662,717.271605993636,725.780620398846,734.351922483275
Caleb Benenoch,Blocker,1089.08874646302,1.5319066979138,1086.73855577938,1088.76985289963,1091.95183373451
Caleb Johnson,Rusher,748.899891904072,0.0913479991025051,748.694853068186,748.910918389172,749.059676001241
Calvin Anderson,Blocker,1120.13776106423,7.07547535324063,1109.23163946545,1119.93975729568,1132.55593547868
Calvin Throckmorton,Blocker,1183.31121769595,3.53151297407285,1176.57261323707,1183.30388830669,1190.30974212652
Cam Brown,Rusher,751.393349938122,0.300414253952521,750.764040081064,751.411780432131,751.925512149253
Cam Robinson,Blocker,1142.50588961798,4.69543779165674,1133.42028505426,1142.49822086119,1151.68592577649
Cam Sample,Rusher,709.633399236802,2.05058368452157,705.479331376316,709.708615391961,713.392035873302
Cameron Erving,Blocker,1144.34153606809,3.21684465369431,1138.49299077842,1144.19439970732,1150.9652286593
Cameron Fleming,Blocker,1118.66592274206,5.44460405903116,1108.67982441398,1118.70503775462,1128.65210665422
Cameron Heyward,Rusher,731.685264679132,7.89138060461025,716.80611785239,731.583317584533,747.05177147061
Cameron Jordan,Rusher,724.654794841043,4.41196755434775,715.739049274336,724.763789892213,732.961994328885
Cameron Malveaux,Rusher,726.605992624158,1.16042335402204,724.628120316811,726.560766116288,728.711848992773
Cameron Tom,Blocker,1125.62285387964,0.0544626270086349,1125.52116157382,1125.62384709281,1125.75057505288
Caraun Reid,Rusher,746.402597724953,0.59076184452563,745.08101811948,746.490421105325,747.400536359834
Carl Davis Jr.,Rusher,743.735473211475,3.7589601828986,735.745309499383,744.077106811052,750.04999743713
Carl Granderson,Rusher,711.623033133018,3.18034612887766,705.367757413931,711.638852427083,717.72506807045
Carl Nassib,Rusher,717.943378653563,3.11427069850116,711.945312321572,718.042097014271,723.592201487979
Carlos Basham Jr.,Rusher,755.36183576244,1.93658953073899,751.987662953622,755.408347276519,758.672673064514
Carlos Davis,Rusher,733.449834955302,1.06079634555414,731.207306936233,733.538088053837,735.324522409218
Carlos Dunlap,Rusher,782.597300514651,5.95803990913939,769.803698155173,783.062932110511,793.135402919914
Carlos Watkins,Rusher,737.961196930444,2.5515598205839,733.04636756869,737.955593255342,742.779832794002
Carter Coughlin,Rusher,747.44470243335,0.838536294151169,745.730367332693,747.479818832974,748.938947391835
Casey Toohill,Rusher,682.779946521709,2.3481178008507,678.020416756373,682.823903647182,687.16918255893
Casey Tucker,Blocker,1117.33997339255,0.331306803003,1116.70622329269,1117.31567661313,1118.02361547178
Cassius Marsh Sr.,Rusher,763.19332887865,2.25579055126121,758.823179617699,763.266908052803,767.271978710357
Cedric Ogbuehi,Blocker,1115.98183923155,0.651025140108289,1114.80931898615,1115.96131228545,1117.40321816604
Cesar Ruiz,Blocker,1164.56441078811,4.29839409186571,1156.51234119396,1164.48491314323,1173.18963393893
Chandler Jones,Rusher,764.982377667697,10.5043033576248,745.406866259691,764.444795551223,785.76669014532
Chapelle Russell,Rusher,753.000446695358,0.0960261886664962,752.811423134598,753.02403064955,753.143557183478
Charles Harris,Rusher,743.444693489597,5.34528777907514,732.770478505611,743.505362066919,753.565627566098
Charles Leno Jr.,Blocker,1147.56171504465,6.29617489102527,1135.43734858296,1147.52962978191,1159.69432904474
Charles Omenihu,Rusher,750.013993220507,4.15427532724424,741.545390563553,750.30259290981,757.171732113244
Charles Snowden,Rusher,748.9155303231,0.0939332074879824,748.724525676277,748.924963711733,749.091507259849
Charlie Heck,Blocker,1104.85629992654,8.59111098122996,1088.03670096412,1104.9492082736,1121.11264825714
Chase Roullier,Blocker,1141.85406531216,2.24642398402299,1137.61029572972,1141.80286275939,1146.42399929024
Chase Winovich,Rusher,731.316840166543,1.5144966211022,728.395652013698,731.264560202846,734.105353539567
Chase Young,Rusher,720.915902027092,3.50743634444502,713.924630128754,721.071890698912,727.400271242301
Chauncey Golston,Rusher,712.399440217799,2.49690390956342,707.423357369176,712.491014646459,716.984383876013
Chauncey Rivers,Rusher,755.694701066886,0.868774433639408,753.925590932917,755.711061476993,757.369147805809
Chris Board,Rusher,718.755552688006,1.32837337418973,716.140865290387,718.780480158908,721.246105222105
Chris Hubbard,Blocker,1111.89490367611,0.929723846554638,1110.33273728824,1111.76124865082,1113.82624986757
Chris Jones,Rusher,773.965446620596,8.62557796885362,758.024445378516,773.507115994013,791.50855165204
Chris Lindstrom,Blocker,1138.75146430384,5.54889873536206,1128.25909854988,1138.66169913256,1149.8319272465
Chris Reed,Blocker,1137.69384863315,2.65692835180969,1132.88703173603,1137.58031946391,1143.28137650429
Chris Rumph II,Rusher,726.430791865245,1.43837968795407,723.729659739148,726.436739417657,729.201920923129
Chris Smith,Rusher,763.704258126385,1.78198897182347,760.494065771873,763.730324746429,766.750304300109
Chris Williams,Rusher,748.658712749467,0.977419206699486,746.74829986659,748.660739873889,750.578957362012
Chris Wormley,Rusher,754.614986339534,7.56792664751686,740.840940591404,754.225283918737,769.816862380432
Christian Barmore,Rusher,744.279353014709,5.07826818592075,734.473019173021,744.231094744859,753.991863467743
Christian Covington,Rusher,744.494595965237,4.24113189899381,735.502509016913,744.913100681618,751.732057294367
Christian Darrisaw,Blocker,1114.95754815699,4.60025382066616,1106.40042477578,1114.79083453001,1124.26546549189
Christian Jones,Rusher,750.150024348789,0.156152749658887,749.826604884866,750.159964574257,750.421679824761
Christian Kirksey,Rusher,726.338246174516,0.708742865867535,724.967955485637,726.339047246269,727.715733464907
Christian Ringo,Rusher,721.859541721981,2.20356640355645,717.420607831522,721.898454567776,725.973942506773
Christian Wilkins,Rusher,746.229399349944,3.3579745156562,739.622449623616,746.285770386375,752.560639288414
Chukwuma Okorafor,Blocker,1150.38670572152,7.55806225947093,1135.86644211319,1150.20408102415,1165.24683306114
Chuma Edoga,Blocker,1127.12556090778,0.332124393108128,1126.59536544146,1127.09043797463,1127.76066324848
Clay Johnston,Rusher,748.93430405983,0.0573110578210561,748.816755455654,748.928922445123,749.052413147982
Clelin Ferrell,Rusher,754.261891860025,2.76747942065183,748.647397670298,754.371960656546,759.292867117438
Cody Barton,Rusher,752.883450976054,0.0404557955384142,752.799003926461,752.883099945554,752.963828790826
Cody Ford,Blocker,1119.15243290348,5.65692397323291,1110.83355296351,1117.93223878248,1131.80633493052
Cody Whitehair,Blocker,1184.55991582346,3.14610236061863,1178.51110725466,1184.519956933,1190.81129282482
Colby Gossett,Blocker,1110.5716150085,1.70423274395608,1108.02440172725,1110.31657600741,1113.99781775027
Cole Holcomb,Rusher,747.960005102062,2.13888474639591,743.695406070494,747.996153635765,751.876959123474
Cole Toner,Blocker,1130.95784838962,1.95821332051,1128.55952261601,1130.30148478257,1135.26846307569
Coleman Shelton,Blocker,1152.02104426776,4.00538639607613,1145.00690287154,1151.96885813672,1159.79813519039
Colton Mckivitz,Blocker,1095.93053236615,2.41515155507976,1091.1656171371,1096.04845622999,1100.68559464507
Connor Mcgovern,Blocker,1121.20098551771,4.09049055168781,1113.26895278553,1121.22263654821,1129.02404012879
Conor Mcdermott,Blocker,1089.10078938649,4.45366466839798,1081.50315022185,1089.03543525613,1098.03130742958
Corey Levin,Blocker,1133.27070375392,0.687180691830695,1132.16827491781,1133.2751883903,1134.55732323419
Corey Linsley,Blocker,1172.4390259689,3.28205885863831,1166.07190414019,1172.52889967979,1178.556518091
Corey Peters,Rusher,690.247146323788,1.87704112344306,686.449269992363,690.287910560025,693.77756314435
Cornelius Lucas,Blocker,1140.98687239001,3.48465316108953,1134.64969270149,1140.82337915673,1148.33048298787
Cortez Broughton,Rusher,748.784770085054,0.0577470023049627,748.675317016441,748.783436573907,748.897648939428
Cory Littleton,Rusher,740.696109237366,0.431128739780478,739.763573985825,740.733140359991,741.441202723781
Creed Humphrey,Blocker,1142.97425786742,4.61556985168173,1134.46247960613,1142.8399493236,1152.23694094882
Curtis Robinson,Rusher,750.406294625636,0.219467971227221,750.013635361312,750.459389493112,750.740540972542
Curtis Weaver,Rusher,746.447961376652,0.141525451758076,746.13450219274,746.434619433172,746.738618539539
D'Ante Smith,Blocker,1123.6778250615,2.34499711433157,1119.28927995788,1123.56147124638,1128.59441323336
D.J. Humphries,Blocker,1108.65512659114,8.99647096385566,1091.37962756759,1108.65346784008,1125.98900514669
D.J. Jones,Rusher,756.614498271464,4.2626465034834,748.629239330136,756.44742156996,765.192900357699
D.J. Reader,Rusher,739.934690216994,4.97165134602413,730.787863911706,739.757807404754,749.812625821447
D.J. Wonnum,Rusher,696.515789494695,3.5625540657926,689.468327455954,696.546896032571,703.212595140976
Da'Shawn Hand,Rusher,732.000620978275,1.78289780622447,728.26367477393,732.322763267597,734.716530890219
Daelin Hayes,Rusher,747.746680509539,0.146456149007927,747.471993427723,747.776076682149,747.979797883031
Dakota Allen,Rusher,745.963023444958,0.286368027497024,745.414739235351,745.950789084209,746.484079766535
Dalton Risner,Blocker,1170.14104220249,3.60939417599677,1163.05002765845,1170.22184382444,1177.07721685092
Dalvin Tomlinson,Rusher,759.949261400246,5.243274326573,750.005977069175,759.893544730257,769.957861951463
Damien Lewis,Blocker,1127.91840069629,3.76327778165691,1120.62945865706,1127.93409497081,1135.23024391964
Damien Wilson,Rusher,731.162396812441,0.920273064456522,729.425932078528,731.150678426903,733.003892665018
Damion Square,Rusher,738.055985123637,2.06912820390278,734.168627343468,738.055998591407,742.050286409484
Dan Moore Jr.,Blocker,1157.00442161704,4.71576630511942,1147.73777485836,1157.03675022979,1166.07511526603
Daniel Archibong,Rusher,746.027750753382,0.295887472392844,745.428321409866,746.098968032557,746.452193472078
Daniel Brunskill,Blocker,1141.22698580986,7.95422839238281,1126.44076769473,1141.11905811495,1156.89235301552
Daniel Ekuale,Rusher,794.644892168127,8.23094877498355,778.952728686872,794.856627750517,809.672268797891
Daniel Wise,Rusher,716.054351146869,1.6464350654007,712.523628080532,716.21235010198,718.883588275639
Danielle Hunter,Rusher,758.650954374576,5.60758584881125,747.102642041671,759.256650573643,767.73779480565
Danny Pinter,Blocker,1138.0803147541,2.13643337975224,1134.36299866233,1137.89639094275,1142.29691402507
Danny Shelton,Rusher,710.220978043432,1.83419176669516,706.413648934884,710.330735856218,713.574262355183
Danny Trevathan,Rusher,746.54337809095,0.149661684311274,746.230881258941,746.550713290307,746.816116650287
Dante Fowler Jr.,Rusher,738.203616950128,3.34225503597668,731.393288438112,738.425421906494,744.105102408755
Daquan Jones,Rusher,751.381952093525,4.28245323608094,742.824639571207,751.49258094311,759.095994697099
Darious Williams,Rusher,749.244079909958,0.137921047371011,748.921746384218,749.290321094223,749.396097204546
Darius Hodges,Rusher,751.575144702374,0.379388871813113,750.819468056356,751.613290399266,752.234391941807
Darius Leonard,Rusher,728.78630363165,0.863078820203773,727.013454075136,728.800880416874,730.40624072424
Darius Philon,Rusher,746.304458076808,2.20134469447311,741.770886456722,746.384563634197,750.348785351501
Daron Payne,Rusher,733.186028924441,3.84065492813737,725.587688025318,733.205935584181,740.643083422758
Darrell Taylor,Rusher,755.245323689811,3.62216786569645,747.413645925295,755.565544722019,761.479723948527
Darryl Johnson,Rusher,742.684319461529,0.447113582090344,741.751382185105,742.705204010662,743.518865843402
Daryl Williams,Blocker,1131.50632924892,7.55329409302918,1117.38111007176,1131.47845432676,1145.92527132647
David Andrews,Blocker,1166.61229472442,2.90830808159623,1160.89377790892,1166.64338504398,1172.21834204887
David Bakhtiari,Blocker,1121.92763767888,1.34182482473988,1119.45880939097,1121.94187598488,1125.11112174667
David Edwards,Blocker,1158.06519445368,5.656584262415,1146.71653157426,1158.1891945048,1168.43719549652
"David Long, Jr.",Rusher,751.064869114173,1.86535773352784,747.495498249561,751.090476405365,754.298384349524
David Mayo,Rusher,748.875144758311,0.0921692527105291,748.672828999208,748.89157020997,749.032295715805
David Moa,Rusher,740.120086117942,0.356606771087559,739.376545601109,740.150874962963,740.738618887868
David Onyemata,Rusher,757.746472707802,3.96336595672969,749.841121361128,757.884027248927,765.183688994098
David Quessenberry,Blocker,1149.13549529689,6.26507941453122,1137.29058730955,1149.0348902352,1161.42772577127
David Sharpe,Blocker,1095.40268801248,4.83273403859198,1087.59288343986,1095.14667130176,1104.20923765738
David Steinmetz,Blocker,1126.22840270356,0.0828909344618465,1126.06319095341,1126.22877192552,1126.41683323431
Davion Taylor,Rusher,746.690067351266,0.144320068328608,746.367651419103,746.711321140946,746.91224596671
Daviyon Nixon,Rusher,744.65763110292,0.846645864828149,742.974301745155,744.689119518023,746.235841016742
Davon Godchaux,Rusher,716.836177851559,2.88467963981545,711.012751057051,716.904531532729,722.326145854216
Davon Hamilton,Rusher,753.746715828114,2.77750654163296,748.112809961986,753.803100829809,759.081457639875
Dawuane Smoot,Rusher,742.499800806744,2.93786011208878,736.692026947395,742.520114996859,748.07151858699
Dayo Odeyingbo,Rusher,705.916588621934,1.96375748698782,702.221228372209,705.863292093075,709.846882043265
De'Vondre Campbell,Rusher,739.173865096588,0.917425881881896,737.317339993148,739.224711000056,740.858672124695
DeAngelo Malone,Rusher,748.950735013449,0.0906587827880253,748.800576828126,748.960123720824,749.089353550685
DeMarcus Lawrence,Rusher,740.365592747324,3.79877191178685,732.75002746206,740.444207341576,747.294519128516
Dean Lowry,Rusher,713.772945471888,4.30579704119704,705.525846688318,713.707172889563,722.157990321597
Deatrich Wise Jr.,Rusher,747.082179155426,2.89470581977706,741.22614163649,747.108783450407,752.591401426596
Dee Ford,Rusher,747.34699124682,2.86557279880144,741.708186276778,747.346671905814,752.899961218037
Deforest Buckner,Rusher,782.553817648093,10.4637783951696,762.966234373242,782.419862437164,803.169651332772
Deion Jones,Rusher,744.684929097956,0.897213994253043,742.94996051739,744.695274409565,746.332811743965
Del'Shawn Phillips,Rusher,747.579547892287,0.183813708271334,747.169255206959,747.599577645911,747.888245014603
Delontae Scott,Rusher,749.657194800564,0.3505803999605,748.868731715789,749.70753114568,750.221646849716
Demarcus Walker,Rusher,756.301124121623,4.27333176465799,747.238670702981,756.626168946321,763.707460027529
Demario Davis,Rusher,767.212447706882,5.15531467140047,758.224837948468,767.308114881712,775.528304710067
Demetrius Flannigan-Fowles,Rusher,746.529183225815,0.239530098226031,746.023641788365,746.539420838535,746.989344831092
Demone Harris,Rusher,753.640239076686,1.61371165907477,750.287026987125,753.870843401918,756.244131217212
Denico Autry,Rusher,773.437252184619,8.03156861123036,758.570967269502,773.313170306538,789.186332216926
Dennis Daley,Blocker,1095.93026765715,7.82163264878156,1081.06893398256,1095.57606379402,1111.88276220605
Dennis Gardeck,Rusher,726.381742193864,1.78960919226829,722.740267485103,726.449608992047,729.63940242025
Dennis Kelly,Blocker,1126.76105097326,6.78956255432216,1115.77289757239,1125.40297727845,1140.3517384564
Denzel Perryman,Rusher,743.693832201095,0.291734318165985,743.085009885515,743.716348591071,744.19763175622
Denzelle Good,Blocker,1132.10625645154,0.462753145846859,1131.2012239714,1132.12125171171,1133.10230173356
Deonte Brown,Blocker,1131.76164005488,0.754189556339117,1130.73770608291,1131.63914346456,1133.189392278
Derek Barnett,Rusher,722.008603265901,3.35886787369152,715.292000869953,722.086488669226,728.344391390898
Derek Rivers,Rusher,745.137005987239,1.86180295550133,741.357452042688,745.229512368666,748.520026277665
Derick Roberson,Rusher,759.186928652997,1.64407730016344,756.289440276746,759.406445579514,761.643377575607
Derrek Tuszka,Rusher,737.678545428309,3.44929206254546,731.068180253177,737.629602230106,744.255607926637
Derrick Barnes,Rusher,740.906883310055,0.651125073807713,739.618114376076,740.937007830584,742.078353440441
Derrick Brown,Rusher,747.310122222532,3.35920549461366,740.739502228081,747.324736222292,753.578806471351
Derrick Nnadi,Rusher,748.778245394793,2.90731597365559,743.007419946614,748.83881321097,754.295617217301
Deshawn Williams,Rusher,691.093290346049,1.65942160748163,687.811927311384,691.120309748654,694.175854076894
Devin Bush,Rusher,741.215928644207,0.408737100498884,740.401436373326,741.225446735399,741.981310387792
Devin White,Rusher,737.097384897677,0.543477605603025,736.058096267928,737.092173512605,738.141211794972
Devon Kennard,Rusher,701.802260788957,2.82125979284395,696.455392510639,701.777220291102,707.076133133876
Dexter Lawrence,Rusher,757.199858460965,4.25675829219178,748.834017270245,757.249085484438,765.426634012632
Dillon Radunz,Blocker,1105.48905670263,2.03497207067741,1101.83361433704,1105.37140159913,1109.66809190223
Dion Dawkins,Blocker,1160.95407316957,10.7624593725849,1138.92910999346,1162.44834013535,1178.63831467213
Divine Deablo,Rusher,738.79234473342,0.423635460572218,737.868173185448,738.846356137011,739.48619829506
Donovan Smith,Blocker,1145.98594976173,1.92449659278417,1142.23237657328,1145.99727193605,1149.68447450819
Dont'A Hightower,Rusher,706.071374504546,1.61178679298217,702.917533619162,706.095763231715,709.194348478225
Dorance Armstrong,Rusher,735.388525657345,3.54529879962854,728.276575902737,735.471877103556,741.962737936052
Dorian O'Daniel,Rusher,747.491465786497,0.0977250812044631,747.313771661688,747.483928965859,747.693822747852
Doug Costin,Rusher,745.79947240675,0.337560614688921,745.135032472766,745.886020633057,746.265980407634
Dre Greenlaw,Rusher,742.34062742316,0.400077378142853,741.444540022104,742.398158861373,742.961649543102
Dre'Mont Jones,Rusher,767.6236534995,8.4834845201004,752.339518509084,767.212867379143,784.774504058543
Drew Dalman,Blocker,1136.74140310838,0.786198054893743,1135.33208654976,1136.69811005902,1138.40668278852
Drue Tranquill,Rusher,747.117637193866,0.644686778770155,745.798268195202,747.141055439528,748.317754777479
Duane Brown,Blocker,1137.25884866418,6.69448805134139,1124.31737577879,1137.30691618368,1149.91913899535
Duke Riley,Rusher,736.124526453956,0.996533183111193,733.965677338376,736.154155684866,737.977587950388
Dylan Cole,Rusher,754.610772277114,0.221267859824726,754.151582118447,754.64051913765,754.965686860498
E.J. Speed,Rusher,743.800171536428,0.600252141964657,742.556030793745,743.830836617459,744.883536985235
Ed Oliver,Rusher,756.486170289524,5.69592739765554,745.844224799801,756.32022268051,767.605520532624
Eddie Goldman,Rusher,737.098170240455,2.79352806471201,731.674011620678,737.110776113565,742.413411485798
Efe Obada,Rusher,791.920639542548,5.32510528443092,780.931562530033,792.273614727018,801.296823115661
Elandon Roberts,Rusher,739.311282385867,0.570458999464321,738.136049338635,739.345014754217,740.32436827412
Elerson Smith,Rusher,741.518384927907,1.00568428204213,739.445330641637,741.574000449065,743.347586005292
Elgton Jenkins,Blocker,1129.03671147223,2.85529654575063,1123.39472228001,1129.04375734222,1134.5362476909
Eli Ankou,Rusher,737.201733982567,1.53374457449648,734.087115209115,737.260047510208,739.958663277624
Elijah Lee,Rusher,748.949351924155,0.0989317967995242,748.763645198967,748.971029197514,749.096406717643
Elijah Wilkinson,Blocker,1119.10605623777,2.50287482078131,1114.47263941371,1118.97447663572,1124.40569955783
Emeke Egbule,Rusher,739.38093733814,0.615408165575569,738.03492873589,739.403433888494,740.51717379033
Emmanuel Ellerbee,Rusher,748.928688254886,0.0913429962509087,748.755039218374,748.950304065931,749.086170021575
Emmanuel Ogbah,Rusher,731.642771822766,6.06670241433326,719.680842132606,731.88636426718,742.823597640623
Ereck Flowers Sr.,Blocker,1130.77594550215,7.82350008788706,1114.77649653126,1131.47616582773,1144.35650988266
Eric Banks,Rusher,741.574227139949,0.569008203239451,740.417621524295,741.59344620324,742.624223618895
Eric Fisher,Blocker,1125.17135835292,4.9017914346677,1116.00949333698,1125.10669362564,1134.75606477811
Eric Kendricks,Rusher,731.756008250128,2.26273513011636,727.604254212613,731.734904794081,735.790534094608
Eric Wilson,Rusher,744.82758731779,0.407329948362692,743.893595522579,744.907942588031,745.450701710094
Erik McCoy,Blocker,1166.60084455658,2.531010532254,1161.67654945733,1166.58344402859,1171.55281842048
Ernest Jones,Rusher,742.432258923306,0.661401820246497,741.113654381758,742.47839361188,743.642254376324
Ethan Pocic,Blocker,1133.48636500681,2.92527241379786,1127.79431325152,1133.45562527718,1139.29232494809
Evan Brown,Blocker,1125.86324628602,3.1546250800386,1119.6546308251,1125.91306305736,1131.78540643524
Everson Griffen,Rusher,767.288705497158,4.81945107085515,757.336815978369,767.64669863074,775.85049906835
Ezra Cleveland,Blocker,1126.60376236697,6.77871027084443,1113.90163595612,1126.52813831351,1140.1297902143
Fletcher Cox,Rusher,745.785551798226,7.40284454790617,731.694935430785,745.766506085779,760.1096709263
Folorunso Fatukasi,Rusher,757.654470020622,3.14176234120007,751.381961865428,757.694752564612,763.68536386961
Forrest Merrill,Rusher,742.573192414615,0.356380011526127,741.872146998411,742.609380711761,743.166316610813
Foyesade Oluokun,Rusher,727.4118540391,1.8060638527294,723.875762467492,727.44015733809,730.797499580525
Frank Clark,Rusher,724.690102362676,5.02227475300005,714.828369846418,724.732422498379,734.054554453147
Frank Ragnow,Blocker,1143.63916145749,2.32826381961035,1139.43200816711,1143.53305868352,1148.41007525858
Frankie Luvu,Rusher,719.089251320901,0.879830699203282,717.406496009194,719.076705069979,720.799750098629
Fred Johnson,Blocker,1152.71208593861,1.44335548587067,1150.06061905157,1152.66781294276,1155.55811787149
Fred Warner,Rusher,730.49899083354,1.8724118526697,727.048256420175,730.560605677119,733.775256541255
Freedom Akinmoladun,Rusher,743.218889752081,0.614498311309124,742.067692563329,743.361718920832,744.069382334861
Gabe Jackson,Blocker,1175.38232152639,4.96755811700783,1165.91125001804,1175.31715052539,1184.83956038383
Garett Bolles,Blocker,1158.48669997871,3.71267353568176,1151.07637320587,1158.61300172539,1165.26319704911
Garret Wallow,Rusher,747.01685974678,0.153902409168138,746.707059997366,747.019116903646,747.298452651297
Garrett Bradbury,Blocker,1155.28938170501,2.70600649554447,1150.07416666378,1155.24752289428,1160.58733343954
Genard Avery,Rusher,739.855927429576,2.01479056908622,736.095613900142,739.874517428299,743.457590771725
George Fant,Blocker,1135.24251989542,6.34202001001466,1122.91038067073,1135.25770486014,1147.28146465613
Gerald McCoy,Rusher,756.424082629138,0.547351354417848,755.267527083041,756.57656546059,757.150171908246
Germain Ifedi,Blocker,1145.27930346803,4.65911155025098,1137.11697752733,1144.93786013203,1154.81449427501
Germaine Pratt,Rusher,719.956223559671,0.715925588146731,718.510992684879,719.967412124157,721.320890766327
Geron Christian Sr.,Blocker,1154.44967420004,3.25267523294808,1148.29174911926,1154.4666828082,1160.61668866511
Grady Jarrett,Rusher,738.640694557813,4.11451311809563,730.595043087068,738.682710084729,746.39476146535
Graham Glasgow,Blocker,1116.36422625948,2.92968956417465,1110.97688284797,1116.17553241433,1122.48380228005
Grant Stuard,Rusher,747.463558417803,0.246784341764621,747.005640666548,747.456938280184,747.904281554663
Greg Gaines,Rusher,734.796353841676,10.9674293796522,714.635964065599,734.264094732511,756.403437907582
Greg Mancz,Blocker,1145.60957345008,3.17615108937641,1139.86807908583,1145.5979033376,1151.69680843925
Greg Rousseau,Rusher,740.005066796192,3.63312342938379,732.576692791408,740.160464791549,746.556717353794
Greg Van Roten,Blocker,1149.4063601923,4.54899565336316,1140.90965464475,1149.39879022915,1158.22959137987
Grover Stewart,Rusher,702.430464699999,2.99059883328315,696.667777884996,702.467547251285,708.044360898986
Haason Reddick,Rusher,731.099787215228,4.27720273073856,721.846679438119,731.469657867628,738.625054485155
Hakeem Adeniji,Blocker,1086.74103833013,5.64860405391432,1076.16314871915,1086.6105007787,1097.98625069322
Halapoulivaati Vaitai,Blocker,1171.66119285659,2.98351800046857,1165.82257369859,1171.67552614692,1177.40644718995
Hamilcar Rashed Jr.,Rusher,746.900487966779,0.733918817845664,745.175348179328,746.885675040844,748.192669292055
Hamsah Nasirildeen,Rusher,747.73975986843,0.114449954799845,747.526737198905,747.745012931885,747.960666991752
Harold Landry III,Rusher,760.481546118711,6.7243117797464,747.723595800406,760.49423402131,773.58701644421
Harvey Langi,Rusher,749.036308202798,0.10173274021715,748.831490096045,749.060915713585,749.185129809842
Hassan Ridgeway,Rusher,735.836480415263,2.5638296620027,731.031129147089,735.829714818431,740.779961590812
Henry Anderson,Rusher,752.013032222227,0.72629378819206,750.459898756432,752.17722654723,753.098656739033
Henry Mondeaux,Rusher,752.480462965733,3.37543601972369,745.525341770214,752.59663100887,758.474861574722
Ifeadi Odenigbo,Rusher,718.317723078876,1.68389358516574,714.892199923929,718.362847651353,721.368445390064
Ike Boettger,Blocker,1114.36040675301,6.34042446718906,1102.3428875101,1114.12629893734,1127.12364576399
Iosua Opeta,Blocker,1102.47452338907,3.7883287884447,1095.08888406618,1102.58428775457,1109.63341019326
Isaac Rochell,Rusher,729.649087616664,2.71102756408186,724.323848649459,729.655135049212,734.805777594111
Isaac Seumalo,Blocker,1132.24967395496,2.94822971335175,1127.23827721584,1132.16782435238,1137.58613914526
Isaiah Buggs,Rusher,725.532961137905,1.48830328782712,722.484306048314,725.588555527819,728.328101785374
Isaiah Mack,Rusher,766.554554691081,1.04677086076958,764.416853348111,766.650704386722,768.328942488697
Isaiah Prince,Blocker,1143.35524332712,3.71106706342612,1136.51570667804,1143.24171235176,1150.81921011547
Isaiah Simmons,Rusher,733.303482157629,1.18192363371836,730.949887646823,733.30669253518,735.568818155169
Isaiah Williams,Blocker,1128.16966921701,0.32773855029541,1127.64820432735,1128.12353830765,1128.99929350101
Isaiah Wynn,Blocker,1136.32465579942,5.18522447047377,1126.47255730991,1136.25293840743,1146.32931764447
Isaiahh Loudermilk,Rusher,702.690186237852,2.187857997718,698.268943740231,702.741822486896,706.732886615547
J.C. Hassenauer,Blocker,1165.99596174627,2.40496673124572,1161.27077874175,1166.00332215441,1170.67475924727
J.C. Tretter,Blocker,1163.85853642522,2.80942003110069,1158.43074155875,1163.88761092002,1169.14729803509
J.J. Watt,Rusher,784.610005892956,3.62449873973517,776.95401924434,784.832183788967,791.037408199828
Ja'Whaun Bentley,Rusher,739.806380293235,1.83182246557632,736.464577968418,739.752286014145,743.311509300179
Jabari Zuniga,Rusher,779.309809569099,0.74721759808729,777.834858673653,779.285854330275,780.812571245531
Jack Anderson,Blocker,1115.26107355327,1.42263889798876,1113.08126552262,1114.97809319486,1117.83373462852
Jack Conklin,Blocker,1144.65595523078,3.50644632690672,1138.2039182488,1144.57428617911,1151.72646643813
Jack Driscoll,Blocker,1137.85197947101,2.76921576974928,1132.44550361081,1137.82910149794,1143.36285272442
Jack Heflin,Rusher,748.960800549365,0.294026503129562,748.362176010572,748.968594568288,749.494929294573
Jackson Barton,Blocker,1120.32986044297,0.148753545167783,1120.05787674501,1120.31861913453,1120.63682160302
Jackson Carman,Blocker,1132.70028030288,3.85593413945425,1126.01934618158,1132.51185452172,1140.70890904059
Jacob Martin,Rusher,744.362473469894,4.28886296809131,735.644327796594,744.482417650666,752.36698497206
Jacob Phillips,Rusher,760.099807563749,0.278948535648031,759.553492623937,760.10371736075,760.630934166869
Jacob Tuioti-Mariner,Rusher,780.256043454493,1.32146035670142,777.66046318317,780.265142099652,782.714844165461
Jadeveon Clowney,Rusher,759.021995403409,6.64680216302513,746.008435893636,759.157353117815,771.293189725967
Jaelan Phillips,Rusher,755.806923357665,10.0869416044287,734.98802076612,756.009877952269,774.114560144021
Jake Brendel,Blocker,1125.63295770459,0.0700571220647567,1125.49967220616,1125.63326646883,1125.77412462004
Jake Curhan,Blocker,1111.78325085451,4.46252873492953,1103.28491655817,1111.8081699025,1120.06268507977
Jake Hanson,Blocker,1126.6692025907,0.114953392055415,1126.48252552123,1126.65326925589,1126.91717306374
Jake Matthews,Blocker,1160.59055322177,3.8673870864573,1153.24122676921,1160.60430445367,1168.04909169717
Jake Zimmer,Rusher,744.807840270812,0.89460534225413,743.028261492512,744.964854387984,746.181067592694
Jaleel Johnson,Rusher,719.818100370554,3.15494524662929,713.083657147704,720.198218125884,725.087913617967
Jalen Mayfield,Blocker,1104.77765517084,6.08222411123162,1093.29630161467,1104.6627304536,1116.7580792572
Jalen Reeves-Maybin,Rusher,723.660963948266,1.82509941986319,720.219507741683,723.649074423929,727.104032573314
Jalyn Holmes,Rusher,699.97827171642,2.73954344135361,695.049218125256,699.831011026569,705.159847450096
Jamarco Jones,Blocker,1145.05696594451,1.94050163610916,1141.36176027481,1145.03755220093,1148.92716789467
James Carpenter,Blocker,1127.2518767387,0.141270487547349,1126.99855823254,1127.24087596163,1127.55955869443
James Daniels,Blocker,1155.67793174386,7.97371509108351,1139.90698243582,1155.9517145276,1169.86974722921
James Ferentz,Blocker,1124.33145077999,1.62553267137093,1121.35470236507,1124.27502314585,1127.87968920912
James Hudson III,Blocker,1104.14429728759,5.42345207953936,1094.215815587,1104.36807797151,1114.26191054147
James Lynch,Rusher,711.361824114672,2.09078308767062,707.295538003583,711.384981157772,715.338485962143
James Smith-Williams,Rusher,690.491887798023,2.51713469598516,685.379595239619,690.593104875319,695.116489345851
James Vaughters,Rusher,747.149993005807,3.42544459420553,740.298359463759,747.274281686532,753.353391559041
Jamie Collins Sr.,Rusher,736.816010982876,0.793025436583668,735.245539477553,736.813970610806,738.362769417683
Jamien Sherwood,Rusher,747.064936144193,0.310348337585376,746.484089922417,747.056434137369,747.6729708751
Jamil Douglas,Blocker,1126.51235844576,0.10417656229343,1126.34774194648,1126.49004923726,1126.72101152209
Jamin Davis,Rusher,750.07711814241,2.57350294100293,745.62512949869,750.027189674412,754.582030646312
Jamir Jones,Rusher,738.039600410287,1.12735288303593,735.750500535818,738.070500477979,740.168076880154
Jarrad Davis,Rusher,743.890158822076,0.628101313261569,742.410574369491,743.938975124381,744.942006115585
Jarran Reed,Rusher,733.610758163001,6.16936550018807,721.996638621062,733.502989486797,745.525618967027
Jaryd Jones-Smith,Blocker,1127.15473487579,0.221277872370608,1126.75209719893,1127.14391982665,1127.66051599092
Jashon Cornell,Rusher,750.796912424333,0.225611715185725,750.297091509793,750.856944985958,751.103748407701
Jason Kelce,Blocker,1121.09623276558,2.95823304892092,1115.36758632233,1121.04813554915,1126.84792476882
Jason Peters,Blocker,1126.50717917097,5.04111451756865,1116.95874702064,1126.47502743577,1136.30799154173
Jason Pierre-Paul,Rusher,722.688456127362,0.815326452542987,720.988396961218,722.722805306101,724.184816167301
Jason Spriggs,Blocker,1137.98297990429,2.3195108499518,1134.0515721017,1137.66964625957,1142.60967391407
Javon Hargrave,Rusher,790.972731644283,13.3618592365025,766.050031106718,790.643784366796,817.562073757837
Javon Kinlaw,Rusher,748.48539754144,4.12162683337777,741.144293871597,748.691139781077,755.456469635635
Jawaan Taylor,Blocker,1151.77087731099,5.71141487412735,1140.81381216112,1151.73632042788,1162.90478878351
Jay Tufele,Rusher,740.806958269383,1.05944403517595,738.546943985021,740.931495104689,742.485906213367
Jaylon Ferguson,Rusher,706.537565790893,1.26032657200521,703.946687088749,706.565861012989,708.880954170647
Jaylon Moore,Blocker,1149.85543625409,2.50260752510957,1145.36454330599,1149.88640221341,1154.47188267666
Jaylon Smith,Rusher,730.246398104996,0.470057407035054,729.298759669665,730.257856393506,731.13341316514
Jayon Brown,Rusher,734.568755296874,0.623510045962102,733.293892951786,734.597916347236,735.707143126432
Jc Tretter,Blocker,1136.63974709055,0.757194079602594,1135.22948802044,1136.57065938874,1138.22698380674
Jedrick Wills Jr.,Blocker,1123.94541502743,4.93727161510441,1114.31395430771,1123.99979334172,1133.3600461038
Jeffery Simmons,Rusher,769.242794397569,13.411532304714,745.188700158886,768.695396469018,796.431247343779
Jeremiah Attaochu,Rusher,738.83504041126,1.7004382085706,735.458549077809,738.847719175994,742.118159688995
Jeremiah Owusu-Koramoah,Rusher,744.477001876805,0.886817565576635,742.75266963898,744.466638930072,746.211270836181
Jermaine Carter Jr.,Rusher,743.632496565574,0.735433790196661,742.148476063797,743.648885973247,745.017624431935
Jermaine Eluemunor,Blocker,1163.37938033245,4.10981454895053,1157.17707167935,1162.43989583438,1171.49749419324
Jerome Baker,Rusher,718.71925342447,5.65727089120652,709.051161705257,719.532996686194,726.736201779322
Jerry Hughes,Rusher,717.623310846799,2.51375741158465,712.680907293999,717.627879481156,722.409600858492
Jerry Tillery,Rusher,707.227777855012,4.15577652724268,699.009882884692,707.272910335513,715.120273787519
Jesse Davis,Blocker,1164.77187947647,4.82458108918319,1155.19346475026,1164.9382004914,1173.69473171421
Jessie Lemonier,Rusher,774.018183082308,5.26896490610424,764.25436543372,774.007192582524,783.656839659144
Jihad Ward,Rusher,751.514298917879,3.00230070089291,745.324055474075,751.606137617522,757.097601475335
Jimmy Morrissey,Blocker,1146.47647067625,3.08911768278448,1141.59463781026,1146.15139490835,1153.51735204326
Joe Bachie,Rusher,748.742557642574,0.0878927354776113,748.564299481679,748.767634035041,748.864518479206
Joe Gaziano,Rusher,726.156784577949,2.0498165150964,722.244041119952,726.119384309235,730.187606659909
Joe Haeg,Blocker,1141.70379865626,4.17506208503338,1134.63100499154,1141.22330885916,1150.02007161867
Joe Jackson,Rusher,728.347389058508,2.94903982499038,723.06046651881,728.244884047536,733.705776997851
Joe Noteboom,Blocker,1134.94301166082,1.22325579463047,1132.72342841807,1134.86583635641,1137.64990382542
Joe Schobert,Rusher,722.960242795006,2.05917337392678,719.238283622477,722.922783163138,726.752886942283
Joe Thomas,Rusher,767.504534775475,0.145330902315265,767.22660969217,767.507616148252,767.772996302277
Joe Thuney,Blocker,1203.70981496454,6.03061928547045,1192.20208100391,1203.63252931197,1215.56618236812
Joe Tryon-Shoyinka,Rusher,754.324346903936,2.02588753862751,750.620554166923,754.300059093607,758.002971117952
Joe Walker,Rusher,743.652555395182,0.323670518835583,743.036878882161,743.653989475927,744.259084056342
Joel Bitonio,Blocker,1178.44678340097,4.34851599662062,1169.76987594748,1178.64667457441,1186.54629144869
Joey Bosa,Rusher,784.219156897129,6.16070511202843,771.829216695257,784.327406575359,795.662528718633
John Cominsky,Rusher,754.68122829716,0.196654327302757,754.278499581103,754.708356880923,755.013830732662
John Franklin-Myers,Rusher,736.696175771121,4.65519547268891,727.072635885855,736.969912215716,744.896631980457
John Jenkins,Rusher,726.013491478565,1.89349559904665,722.047155415252,726.10558062055,729.574379312744
John Leglue,Blocker,1159.73482412986,2.51502402605627,1155.10032400026,1159.64970453668,1164.82204312795
John Miller,Blocker,1102.86557211042,3.58418576664772,1095.72869938085,1102.96654855351,1109.54161121346
John Penisini,Rusher,725.934882538491,1.65394801381424,722.661412784867,726.004175975354,728.94247801188
John Simon,Rusher,747.080516608412,0.642975232549722,745.789415955734,747.075149113447,748.29628311078
John Simpson,Blocker,1143.05443805829,8.98510135311303,1125.40716721109,1143.24211668777,1159.98162981879
Johnathan Hankins,Rusher,696.626420608121,2.42150032177777,691.877660074493,696.609424586228,701.329025117952
Jon Feliciano,Blocker,1136.94635513858,3.40716206594388,1130.35501445962,1136.90329034942,1143.74374023416
Jon Runyan,Blocker,1155.51681680309,3.80237048452649,1148.43567482685,1155.42009469437,1163.16663194747
Jon Toth,Blocker,1124.27700182221,0.331755829359213,1123.65104190958,1124.29385753295,1124.9142700247
Jonah Jackson,Blocker,1149.18585833377,5.76728333866605,1138.32708173166,1149.23004315262,1160.2052936512
Jonah Williams,Blocker,1146.90547706024,8.56522281685497,1130.36432505801,1147.04539929729,1163.21158303503
Jonas Griffith,Rusher,739.620283965498,0.593725851812807,738.347669846291,739.73099552862,740.516822745534
Jonathan Allen,Rusher,787.273529369016,9.00391351424208,770.154689901127,787.132854034242,804.997997163353
Jonathan Bostic,Rusher,738.520881456534,0.63311035958611,737.178404098242,738.554734188949,739.653414775124
Jonathan Bullard,Rusher,728.849342616631,1.43783478068332,726.121442734075,728.848682480693,731.626278076698
Jonathan Garvin,Rusher,727.789336005073,2.7305239370902,722.315558160943,727.863760463782,732.83779421821
Jonathan Greenard,Rusher,780.373001643455,4.40668294773039,771.645724739933,780.602936195041,788.366737616619
Jonathan Harris,Rusher,733.743650206851,1.01570192436812,731.658293698005,733.797630050815,735.482866899679
Jonathan Ledbetter,Rusher,745.754320103655,0.497228755475262,744.629782248692,745.942858240527,746.307992509006
Jonathan Marshall,Rusher,738.158803254436,1.76490194485432,734.632125332351,738.303534501061,741.258883417043
Jonathon Cooper,Rusher,729.699757644849,5.65037757491942,717.371515665149,730.965693599577,738.169845529038
Jordan Elliott,Rusher,700.031088547727,1.93518131861791,696.257021168336,700.044126238909,703.760490991256
Jordan Evans,Rusher,746.692913888331,0.178071281277775,746.299305252906,746.725326687196,746.970839588747
Jordan Hicks,Rusher,737.95921902401,1.66604516902315,734.613311710243,738.010172062907,741.042019392914
Jordan Jenkins,Rusher,783.153113084528,7.87055100439067,769.945514846177,783.474841925867,795.181833463606
Jordan Mailata,Blocker,1143.59559335977,3.65119859852709,1136.65255271678,1143.53193435552,1150.73304990467
Jordan Mills,Blocker,1184.34081967183,1.96363663841853,1180.77904378282,1184.2740223197,1187.95585468105
Jordan Phillips,Rusher,744.69251412294,4.75534306661919,734.614336844455,745.217727953472,752.362244992693
Jordan Simmons,Blocker,1108.79336221546,1.25516320167324,1106.33977477327,1108.84431271423,1111.1575721857
Jordan Smith,Rusher,742.993784393253,0.528448406373489,741.941904501864,743.076990185823,743.848530632384
Jordan Willis,Rusher,727.602728579918,3.95916078312142,719.768283761565,727.782063197151,734.513415182253
Jordyn Brooks,Rusher,734.547776905084,1.96136542680438,730.999172497225,734.537924351694,738.132906186568
Joseph Jones,Rusher,735.283260710208,0.385165239751436,734.586398384981,735.259136572369,736.01564682708
Joseph Noteboom,Blocker,1130.71105664433,3.68981141911925,1124.45417340029,1130.47670729626,1137.20205413921
Josey Jewell,Rusher,747.607733782292,0.0810120122536341,747.434762278011,747.615771113285,747.758827137956
Josh Allen,Rusher,795.601952772076,11.5289882254809,774.418030402201,795.23416887745,818.131195093406
Josh Bynes,Rusher,739.942797868357,0.564219465377187,738.88379322094,739.934352347889,741.084237224318
Josh Jones,Blocker,1116.63393219649,4.46955366106424,1108.01245620966,1116.62734033171,1125.22943698889
Josh Mauro,Rusher,766.448576431885,2.45200654009999,762.498928589772,766.560942056184,770.332083347741
Josh Myers,Blocker,1153.6080040596,2.32633478358423,1149.44632092337,1153.47972226471,1158.32657271476
Josh Sweat,Rusher,753.183472431359,4.97958671018058,743.068980789427,753.375193121745,762.177125179279
Josh Tupou,Rusher,737.388093230234,2.67746296729178,731.986476170512,737.454819143534,742.377475929578
Josh Uche,Rusher,793.80427523256,8.79810154186887,777.799736463345,794.415660783302,807.826004300701
Josh Wells,Blocker,1134.88727999536,0.600005388349887,1133.7506870849,1134.87479104217,1136.08808539493
Josh Woods,Rusher,739.424664649351,0.399840381521544,738.589743191719,739.43324393981,740.201234121155
Joshua Kaindoh,Rusher,757.919288440153,1.16932950739589,755.351660388289,758.094023466513,759.771548770673
Joshua Miles,Blocker,1124.08293117842,0.264212616010244,1123.62583564079,1124.0753956728,1124.66691201981
Josiah Bronson,Rusher,705.071259771894,2.10817104187783,700.930911687905,705.145809942024,708.621437951502
Julian Okwara,Rusher,721.590873713435,2.66279090675634,716.059146125104,721.833912284376,726.197943974435
Julian Stanford,Rusher,744.156595312607,0.231316905720212,743.704826150093,744.157857454135,744.600893839805
Julie'N Davenport,Blocker,1127.32466209571,8.95195464177276,1113.46639515129,1126.0672069377,1142.90978289528
Justin Britt,Blocker,1115.93996758625,3.03426594086158,1110.50737518167,1115.79483953234,1122.14749626269
Justin Ellis,Rusher,702.295508297797,2.15378847308532,698.045144734934,702.327614050454,706.440179764645
Justin Hamilton,Rusher,722.610369042563,2.18624302046841,718.139054133774,722.668244826577,726.551403236181
Justin Herron,Blocker,1156.1621027966,3.64936149858207,1149.42171934423,1156.02095026041,1163.35551365987
Justin Hollins,Rusher,745.126145279658,4.14045307745687,737.829883296125,744.992879564299,752.119633989772
Justin Houston,Rusher,735.789155043311,3.29844128873233,729.337625951183,735.848513225682,742.112077381173
Justin Jones,Rusher,714.704339839095,2.52574319171423,709.686280222724,714.709248575552,719.562467225424
Justin Lawler,Rusher,746.427389384437,0.287927549824604,745.808912013234,746.451850632592,746.928569514923
Justin Madubuike,Rusher,732.238432129012,2.48029899986791,727.301535831936,732.310652594359,736.936433620415
Justin Mccray,Blocker,1095.28716996257,4.24790355988276,1087.71550399011,1095.09502409816,1104.05486345359
Justin Murray,Blocker,1130.70680602896,2.16024519975606,1127.22169742482,1130.68803324406,1134.49583292087
Justin Pugh,Blocker,1159.76419540214,3.91062560617107,1152.41261817823,1159.69755270887,1167.33322654961
Justin Strnad,Rusher,740.76723171987,0.814841576155826,739.024351610325,740.815717373537,742.189955286823
Justin Zimmer,Rusher,744.148898411456,1.92977289439572,740.36085067075,744.14665233696,747.925221613905
K'Lavon Chaisson,Rusher,742.700083294355,3.30270725205892,736.378145663043,742.681598758793,748.954275098818
K.J. Wright,Rusher,743.619939134974,0.212256385509148,743.188572268626,743.627379929858,744.013603650198
Kaden Elliss,Rusher,725.924935068964,0.726296873877483,724.450509794387,725.943142709157,727.284615221323
Kahlil Mckenzie,Rusher,748.909282840871,0.137314228893148,748.545983228911,748.921473006881,749.148549842577
Kaleb McGary,Blocker,1115.56837805852,5.99397689822046,1103.80706230058,1115.64843910194,1126.99518543511
Kamu Grugier-Hill,Rusher,737.881020124842,1.29354089222795,735.429147007978,737.872769118521,740.368175613772
Kayode Awosika,Blocker,1099.40056180463,0.948385890875276,1098.01430863454,1099.27287903634,1101.09000572639
Kc Mcdermott,Blocker,1128.71460036943,1.04305702253877,1126.94263600117,1128.67378176513,1130.53496569228
Keanu Neal,Rusher,738.148719530658,0.462047971214054,737.158919751019,738.200056856621,738.921661627712
Keaton Sutherland,Blocker,1126.00467020233,0.388826759114195,1125.31272831717,1125.97227146706,1126.86908343682
Keith Ismael,Blocker,1148.77987006849,3.15180719794595,1142.64804625931,1148.73122475282,1155.1862390565
Kelvin Beachum,Blocker,1161.48473174245,5.79151136404952,1150.41380604806,1161.49678394695,1172.70588940904
Kemoko Turay,Rusher,759.561785276359,6.77057255454737,745.488595438874,759.846966774391,771.36406217367
Kendal Vickers,Rusher,749.452880681409,0.574199236552208,748.24345928758,749.536495828619,750.413914312844
Kendall Lamm,Blocker,1109.74442547774,2.43393009042485,1105.20908307862,1109.70809261169,1114.20281241933
Kendrick Green,Blocker,1175.6360273299,5.09604857602465,1165.46533226863,1175.80254877713,1184.91988253551
Kenneth Murray Jr.,Rusher,721.329215561253,0.954998359709579,719.496198416491,721.456058385298,722.898299761449
Kenny Clark,Rusher,729.153403174394,7.14278811012519,716.376242091835,728.956255994035,743.528616399724
Kenny Willekes,Rusher,746.473772451118,5.57946477760143,736.040753585462,746.894880680529,755.722273058354
Kenny Young,Rusher,729.629266925323,0.623514849575278,728.303509709302,729.662036406137,730.754312934705
Kentavius Street,Rusher,748.467307343142,2.97405900584483,742.195231843451,748.689839983765,753.74196668499
Kerry Hyder Jr.,Rusher,705.041765543401,2.32047762802831,700.485894806316,705.061607173368,709.532462973243
Kevin Dotson,Blocker,1178.08792819545,2.76962796846698,1172.76291475589,1178.04105134341,1183.50136579297
Kevin Givens,Rusher,745.688724603157,2.54995379125518,740.666986779104,745.714657511515,750.654102240561
Kevin Minter,Rusher,745.696396433414,0.182644576916846,745.34902312953,745.69129011741,746.042348168691
Kevin Strong,Rusher,732.237255764213,1.17628343041415,729.847374887446,732.241572876673,734.523250067061
Kevin Zeitler,Blocker,1187.76497139069,6.97809625350591,1174.17585365664,1188.08750802702,1200.2953066761
Khaleke Hudson,Rusher,746.360095911199,0.144391473404101,746.076074456207,746.359092744379,746.650802806828
Khalen Saunders,Rusher,739.573175574694,2.14257589792713,735.407243685281,739.626808056011,743.55357025025
Khalid Kareem,Rusher,720.450499702599,1.76523412041996,716.756498657783,720.529554293621,723.662515533775
Khalil Davis,Rusher,749.856861198946,0.242188977979265,749.416387402861,749.915500219753,750.231575247739
Khalil Mack,Rusher,829.645934715873,6.95586224535895,816.326907048658,830.116994278273,841.355607291239
Khyiris Tonga,Rusher,715.602554331809,1.54890610727824,712.587566300163,715.610292531398,718.591332935665
Kingsley Keke,Rusher,736.065931935375,4.1639206245716,727.366805781256,736.272570460603,743.522370725593
Kolton Miller,Blocker,1170.00979985941,7.81414073956427,1154.64783409489,1170.09054716702,1184.91355363639
Korey Cunningham,Blocker,1104.34597338979,2.77384484332495,1099.37353981389,1104.50266546841,1109.42869083485
Kristian Welch,Rusher,750.527756414067,0.167673077212979,750.184664422876,750.534672876222,750.843104806475
Krys Barnes,Rusher,738.821875031205,0.340060981788607,738.101498566079,738.836813809477,739.450558883474
Kwity Paye,Rusher,740.631258596544,4.09990531972254,732.32775328569,740.757425624329,748.3975505445
Kwon Alexander,Rusher,765.105333397378,3.65702358002945,758.588309622109,765.07489989311,771.608374451472
Kyle Fuller,Blocker,1128.18353817133,2.77912875265504,1122.9570572983,1128.10096320685,1133.79317589995
Kyle Murphy,Blocker,1127.79568126392,0.244670390509333,1127.34444848569,1127.77337572837,1128.35603863823
Kyle Peko,Rusher,810.530387611147,5.77134751301419,799.349395487436,810.623304645621,821.439760183941
Kyle Phillips,Rusher,732.282615718576,3.71260937524503,724.893679630939,732.369453957866,739.327873196292
Kyle Van Noy,Rusher,709.235036056384,2.99353139079271,703.173343181208,709.337798728623,714.74991811064
Kyler Fackrell,Rusher,749.449832219145,5.02582133878369,738.699732262157,750.326524844138,757.308357137313
Kylie Fitts,Rusher,739.618437086192,0.565942267502047,738.451754035432,739.663477375604,740.596025151072
Kyzir White,Rusher,740.053592795537,0.763888713857591,738.538503928213,740.07542876206,741.48951960624
L.J. Collier,Rusher,729.656578932386,2.06536736541389,725.523238623869,729.73017587843,733.646698098166
La'Darius Hamilton,Rusher,748.551896670953,0.154896316565191,748.333190618443,748.554049180613,748.760146406903
La'El Collins,Blocker,1155.38724270216,2.72933224619489,1150.0352228342,1155.44339365893,1160.60312332603
Lachavious Simmons,Blocker,1125.99688591239,0.128357663602245,1125.81822851947,1125.97976206843,1126.23061231801
Ladarius Hamilton,Rusher,747.673393815292,1.34180511741492,744.715337770692,747.883435117333,749.723619392466
Laken Tomlinson,Blocker,1163.72624361412,5.20316735060919,1153.79605677114,1163.63362893961,1173.92553762078
Landon Dickerson,Blocker,1139.88476517013,2.88043247871247,1134.4602813094,1139.84623583957,1145.47630922007
Landon Young,Blocker,1150.35971272246,1.93209544304255,1146.31734333134,1150.417049168,1154.10690785482
Lane Johnson,Blocker,1162.43849627215,3.41676453890093,1156.13754735106,1162.37164082906,1169.26634467185
Lane Taylor,Blocker,1143.64875274362,2.31774181610321,1139.13241009641,1143.65235100122,1148.15500370296
Laremy Tunsil,Blocker,1139.25736908229,5.04926524874684,1129.80180653943,1139.11876296008,1149.41554736671
Larrell Murchison,Rusher,750.535903182104,2.5098158172743,745.566335240116,750.591471975984,755.262776056528
Larry Borom,Blocker,1156.39083596493,4.08615018199186,1148.7233462982,1156.31516690617,1164.50458819756
Larry Ogunjobi,Rusher,730.919778937984,5.51166456116665,720.651135609315,730.798817347943,741.646237819424
Laurent Duvernay-Tardif,Blocker,1120.93891606308,3.91349494289032,1114.15746628999,1120.96156602531,1128.79446071432
Lavonte David,Rusher,750.423491317076,0.451564819092324,749.548862588146,750.504865334123,751.134134290496
Lawrence Guy,Rusher,729.317315104939,2.58556229840716,724.205837522607,729.357186880097,734.192451226611
Le'Raven Clark,Blocker,1089.33211091838,2.41286954835532,1085.95074665456,1088.85342674654,1093.5528282444
Ledarius Mack,Rusher,742.191511836038,0.381318071877096,741.387862535568,742.220571471857,742.864368485552
Leighton Vander Esch,Rusher,717.873280178095,0.742550605881984,716.399707253619,717.895840621925,719.2569724824
Leki Fotu,Rusher,695.5448814513,1.96939337539727,691.488654419947,695.590055835352,699.233841145029
Leonard Floyd,Rusher,739.616830158746,6.67391144098786,726.762546094148,739.623164960438,752.552407267759
Leonard Williams,Rusher,760.564198726605,6.16038556885668,749.095157220614,760.299892439227,772.988745356559
Lerentee Mccray,Rusher,746.246640738873,0.202703846632908,745.849590886138,746.24172215165,746.633910106315
Lester Cotton Sr.,Blocker,1126.79647416715,0.173060850493836,1126.46790899405,1126.80114050587,1127.18286102477
Levi Onwuzurike,Rusher,715.627584511373,3.353967335001,709.388180222384,715.564796923362,721.791068420413
Liam Eichenberg,Blocker,1094.32513290031,8.52744860568388,1077.61821731734,1094.58427170408,1110.17018049216
Linval Joseph,Rusher,717.244530884166,2.80091566233657,711.630283576033,717.351426913418,722.403739176121
Lloyd Cushenberry III,Blocker,1107.17503428038,5.28249837034011,1096.37253140808,1107.6056535772,1116.30116700209
Logan Wilson,Rusher,721.61545070824,0.926152977377105,719.798616273199,721.623206811915,723.418530679414
Lorenzo Carter,Rusher,732.059582852057,4.42521561206011,722.604117902567,732.4669376636,739.624502193825
Lucas Niang,Blocker,1145.65903540446,2.73110445929589,1140.39825507081,1145.6088903867,1151.14137256804
Lucas Patrick,Blocker,1155.46460521676,3.71757744669299,1148.35153296032,1155.39244168707,1162.78534984634
Luke Gifford,Rusher,752.770612795285,0.00487925680724223,752.763336338444,752.769507110577,752.779595803612
Mack Wilson Sr.,Rusher,746.438708584206,0.19465214096907,746.035308548447,746.450976148046,746.790030212076
Malcolm Koonce,Rusher,773.952699245272,1.31615010982661,771.506601089612,773.889304413651,776.382221615439
Malcolm Roach,Rusher,742.552155277178,2.45009517742945,737.655645548743,742.583285088242,747.275403640074
Malcolm Smith,Rusher,739.588802806648,0.54242155999271,738.508403207521,739.592956783169,740.62515993262
Malcom Brown,Rusher,751.734733418069,5.11171343651293,741.738422920141,751.721500731453,761.582329441323
Maliek Collins,Rusher,753.717264940101,5.76297213123823,742.072244963072,753.941602903783,764.489644289753
Malik Harrison,Rusher,741.254937586034,0.338860501862777,740.511709103754,741.297411860992,741.806475264832
Malik Jackson,Rusher,698.573736040477,3.28425175087138,692.372403404287,698.502747352575,705.154144144769
Malik Mcdowell,Rusher,765.093214221594,6.7889683277797,751.801555784273,765.152541360234,777.938550287298
Malik Reed,Rusher,724.005402209892,3.72379813916115,716.462814842609,724.10638395269,730.954036615424
Marcell Harris,Rusher,743.501825251557,0.248655100469225,742.996814228215,743.510617087947,743.965003359662
Marcus Allen,Rusher,744.347854164784,0.27588510444127,743.727052470027,744.399463411511,744.772428413859
Marcus Cannon,Blocker,1089.606534895,3.6771526020945,1082.69012046475,1089.72774766446,1096.59614831579
Marcus Davenport,Rusher,775.878952972888,5.96179276856187,763.423171125669,776.213645885842,785.962716221132
Marcus Henry,Blocker,1126.15172446123,0.0758431380508482,1126.00810737215,1126.14573177267,1126.30687943768
Margus Hunt,Rusher,733.161235568058,1.22038863290682,730.692144073874,733.18597595815,735.426757830935
Mario Addison,Rusher,754.009420130218,3.31814189389752,747.191470828514,754.164806834086,760.113420135882
Mario Edwards Jr.,Rusher,750.442077410635,4.13958141359686,741.643120891356,750.923020941718,757.223007302606
Mark Glowinski,Blocker,1111.68826624165,3.80153817606118,1103.66458583666,1111.93641540387,1118.71678904002
Markus Bailey,Rusher,747.944736045798,0.424392044281276,747.068700993909,747.969313143985,748.726578030608
Markus Golden,Rusher,767.774225913462,5.54592770294835,756.188165822789,767.938447854925,778.314495742525
Marlon Davidson,Rusher,708.969040233819,2.0522753951684,704.895295224327,709.034575386661,712.691871604907
Marlon Tuipulotu,Rusher,734.418373169555,0.928940854578558,732.372187519579,734.511880045466,736.016618361221
Marquis Haynes Sr.,Rusher,778.173893411464,4.76917705502292,769.057971742867,778.193044810201,787.006089246835
Marquise Copeland,Rusher,778.627105117509,4.51386306981534,770.740730421623,778.598004916293,786.368276759477
Marquiss Spencer,Rusher,748.788667802947,0.077481453413397,748.706886264699,748.719996363892,748.878768143135
Marvin Wilson,Rusher,742.340546481149,0.905762560391004,740.188037095186,742.661855939172,743.3554459177
Mason Cole,Blocker,1156.90794407827,4.30326595419995,1148.9629429904,1156.92692024678,1165.03297432756
Matt Farniok,Blocker,1123.4210975645,0.105715426349267,1123.21472327987,1123.41897226562,1123.6317210251
Matt Feiler,Blocker,1134.28713739633,4.77502119931543,1124.52551919772,1134.64730303419,1142.64894241504
Matt Hennessy,Blocker,1162.42538225035,4.18536983340341,1154.08719469304,1162.58005888536,1170.13806403325
Matt Ioannidis,Rusher,758.205350625709,3.97889222628676,750.766188474484,758.087470340035,766.059760664877
Matt Milano,Rusher,758.392380658494,2.45224141119967,753.761823421557,758.376941196757,763.05612475223
Matt Nelson,Blocker,1142.63992176942,5.0848721077531,1133.0409192891,1142.53299972294,1152.45667434176
Matt Paradis,Blocker,1130.33679685931,3.62147856682702,1123.38930840431,1130.39272165978,1137.09360088522
Matt Peart,Blocker,1101.69433042882,4.43985078241537,1094.02961484102,1101.42713072806,1110.99983134212
Matt Pryor,Blocker,1130.32861298549,4.8329760527523,1121.16530749188,1130.50325531041,1139.4019037547
Matt Skura,Blocker,1148.14758290929,2.88652140978625,1142.70329272483,1148.07443260805,1153.82687382789
Matthew Judon,Rusher,753.058070653757,4.4684441392211,744.279581471958,753.114891173236,761.51886174775
Maurice Hurst,Rusher,747.436653446405,0.712608833712999,745.92552520497,747.459521835175,748.793561026128
Max Garcia,Blocker,1122.76007006719,7.07414847531316,1108.46571173404,1123.19386503684,1135.28422014622
Max Scharping,Blocker,1135.74536670058,3.47407212619228,1129.11126521849,1135.6519116657,1142.64719214743
Maxx Crosby,Rusher,754.075054890832,9.46141877953902,736.598918881922,753.654507684898,773.16403309357
Mctelvin Agim,Rusher,748.36876933232,1.57966688172435,745.192877938739,748.40145450804,751.248024653608
Mekhi Becton,Blocker,1127.14562323457,1.42300937486279,1124.66974717533,1126.94802669121,1129.99659034987
Melvin Ingram,Rusher,711.896128036651,3.15381646879497,705.677717562473,711.946626171845,717.834366136969
Micah Kiser,Rusher,749.150796799101,0.134709634613224,748.871050890271,749.15288315419,749.410516577042
Micah Parsons,Rusher,780.864479200664,4.22139788291901,771.973264663741,781.111937436877,788.355683376217
Michael Brockers,Rusher,708.051838198789,2.1392129777737,703.809332868423,708.091148706724,712.180319692561
Michael Deiter,Blocker,1136.77855305608,2.07560469214919,1132.80553293304,1136.7368649743,1140.95037687095
Michael Dogbe,Rusher,731.526091537471,3.54435983540574,724.065772134712,732.067434144043,737.091924144774
Michael Dunn,Blocker,1119.23217526954,3.86674524213727,1113.46488335568,1118.59691942363,1125.87127693599
Michael Dwumfour,Rusher,788.727577454856,1.35100010750548,785.75240951185,788.840183578318,791.068040630952
Michael Hoecht,Rusher,727.600717343885,1.69506946039344,724.328184603876,727.731243105383,730.440733053219
Michael Jordan,Blocker,1146.17477075624,3.70665618201381,1139.89894514352,1145.80246701439,1154.09123148367
Michael Pierce,Rusher,758.162699201577,4.43291486083786,748.800437078661,759.284992154139,764.48875516938
Michael Schofield III,Blocker,1165.27670954408,3.94624422612445,1157.50379311355,1165.35043815889,1172.71345447781
Mike Daniels,Rusher,752.922178648297,1.24904764228103,750.406776929733,753.082840783877,754.997623689889
Mike Danna,Rusher,708.208774648666,2.59524181446268,703.044431444064,708.259430014093,713.103468929931
Mike Mcglinchey,Blocker,1147.68041859666,4.5847182541269,1139.17810855613,1147.54146231333,1156.79077022096
Mike Onwenu,Blocker,1165.81719619034,3.12953020353182,1160.08599510986,1165.66095861051,1172.20762362168
Mike Pennel,Rusher,753.373670948964,1.87849133969242,749.814893660375,753.366181334512,757.097996904215
Mike Purcell,Rusher,708.413743856515,2.00906137928503,704.461174026041,708.468095947399,712.196623174051
Mike Remmers,Blocker,1144.37029547622,7.00939600520189,1134.73412421799,1143.14395233478,1154.8105224238
Milton Williams,Rusher,745.738633291717,2.50777979280868,740.667383026244,745.779339713344,750.434249538834
Mitch Morse,Blocker,1151.19684505789,5.65967954308987,1139.18449104611,1152.15842092416,1160.26165359941
Montez Sweat,Rusher,756.538803430726,4.41686561685503,747.685542984877,756.673394997868,764.671835139823
Montravius Adams,Rusher,745.5983272377,4.31685932703819,736.89606096418,745.856820156132,752.936387467709
Monty Rice,Rusher,749.81942780977,0.350311144055627,749.098743540904,749.829654534781,750.470732330495
Morgan Fox,Rusher,722.308879104134,2.36140461867107,717.581847935455,722.339812558421,726.730992809262
Morgan Moses,Blocker,1111.40962275129,8.02487535258354,1095.63763619266,1111.56728895299,1126.51693306757
Mykal Walker,Rusher,746.584411926011,0.723127278045945,745.116068695822,746.645256782879,747.85537746248
Myles Adams,Rusher,749.114380009397,1.21781352662202,746.391326008502,749.367776210762,750.891102289618
Myles Garrett,Rusher,795.308454021915,9.38495921342485,777.952471346133,795.040588653198,814.008777136411
Myles Jack,Rusher,744.875932804425,1.7579833838297,741.558771026523,744.856479801685,748.269436384078
Myron Cunningham,Blocker,1123.53765396802,0.6387659834,1122.52890828229,1123.45197943837,1125.14883418806
Naquan Jones,Rusher,709.24994953687,1.96402290373402,705.417022601182,709.258828970418,713.022074199577
Nate Davis,Blocker,1161.51089495269,3.63762501803632,1154.51832533323,1161.41274319436,1168.63919605479
Nate Herbig,Blocker,1113.09946748116,2.58550617977121,1108.00502961028,1113.18566401654,1117.91385745435
Nate Solder,Blocker,1144.90040845927,4.98506442292832,1135.19367731332,1144.96444988115,1154.32616578369
Nathan Landman,Rusher,746.71338014406,0.229430386444129,746.335888295656,746.734292405779,747.057301254354
Nathan Shepherd,Rusher,749.253657614699,2.34561679030815,744.629242943028,749.278403115005,753.69785523913
Ndamukong Suh,Rusher,675.581171329335,2.41193088715085,670.696278202396,675.637529216452,680.102699086572
Netane Muti,Blocker,1095.44942513566,4.56320715086769,1086.77566261023,1095.42409439139,1104.17971749926
Neville Gallimore,Rusher,745.040513262272,2.66848010381716,740.071042185371,744.97734465204,750.000711177443
Neville Hewitt,Rusher,743.95449598119,0.488942582967717,742.898984385558,743.989744346471,744.813388645328
Nick Allegretti,Blocker,1129.68757194279,1.21488475842101,1127.3475888469,1129.72587987775,1132.34348635296
Nick Bolton,Rusher,742.3158469172,1.06804021345265,740.223564994473,742.315755064287,744.358866259041
Nick Bosa,Rusher,789.933729120818,10.6970104760699,768.958270583546,789.935577985091,810.422247880974
Nick Dzubnar,Rusher,738.608074410233,0.718530319375839,737.013598159126,738.721484450959,739.740954868041
Nick Gates,Blocker,1116.02219239771,2.0003548326669,1112.15577974751,1116.1018554356,1119.56128037443
Nick Harris,Blocker,1141.08260711988,1.60377947832046,1138.3922267167,1140.85934149643,1144.79343906192
Nick Kwiatkoski,Rusher,748.861989297992,0.0925098159960679,748.672504712054,748.883250121312,748.997326935467
Nick Leverett,Blocker,1136.99513981039,0.836655041698095,1135.3409968772,1136.96257465253,1138.63150896047
Nick Martin,Blocker,1126.26442919437,0.0147242898672637,1126.23706478936,1126.26458184848,1126.291633326
Nick Niemann,Rusher,752.812241500902,0.0416375555880349,752.723361911972,752.813468737677,752.891227759256
Nick Thurman,Rusher,749.478996695948,0.337196751879742,748.707190161501,749.515494574484,750.039324685726
Nick Vigil,Rusher,734.721091687639,0.821838032805819,733.081345365614,734.737849968681,736.26808303658
Nick Williams,Rusher,690.573232939837,2.40678343080148,685.672717745356,690.664148073946,695.04336767434
Noah Spence,Rusher,740.923682241479,1.53596053513906,737.594326217787,741.193072716404,743.376113979483
Odafe Oweh,Rusher,750.041440662603,4.19227217233909,741.72014827047,750.140759776303,757.980705075509
Oday Aboushi,Blocker,1163.10573743499,2.19393774095433,1158.78657269042,1163.16555911064,1167.30377291139
Ogbonnia Okoronkwo,Rusher,723.519954546051,2.50765163442736,718.630190176952,723.515204115901,728.35424987832
Ola Adeniyi,Rusher,730.182049814999,4.06184747369299,722.58319642568,730.549926533136,737.001417750674
Olisaemeka Udoh,Blocker,1144.97883175088,5.90397204957712,1132.78875246398,1145.42332957299,1155.45892404551
Oren Burks,Rusher,743.165123197845,0.300911775623894,742.567133442712,743.168008497384,743.724337708709
Orlando Brown,Blocker,1153.65104849273,9.34132617742317,1135.94329609038,1153.63178414951,1171.70485609061
Osa Odighizuwa,Rusher,714.816664305538,4.00448440346102,707.27232123485,714.687535718619,722.597343338703
Oshane Ximines,Rusher,715.956355567206,2.21400687766173,711.653131215952,716.034224584045,719.987439759529
Otito Ogbonnia,Rusher,750.697597755084,0.322006157825812,750.018853564973,750.701775431798,751.35164198258
P.J. Williams,Rusher,783.808339236813,0.499096279203041,782.828216851158,783.814191513048,784.739020417287
Parker Ehinger,Blocker,1125.5307187332,0.0468621909915013,1125.46365206841,1125.51823191227,1125.62566595091
Pat Elflein,Blocker,1149.0339422293,2.71344649043582,1143.74191384781,1149.03641523373,1154.36300823096
Patrick Johnson,Rusher,747.406154754745,0.500838059254036,746.27991168607,747.496509937974,748.198951214243
Patrick Jones II,Rusher,723.744258128798,1.39242421855157,721.033235654394,723.744648691444,726.320093203057
Patrick Mekari,Blocker,1140.73782467157,5.48607339521884,1129.9436766651,1140.82806594226,1151.18341043592
Patrick O'Connor,Rusher,746.183544528544,0.907252235468436,744.312229196234,746.236006386761,747.763635863699
Patrick Queen,Rusher,737.948348689689,1.01405756822953,735.95310500708,737.951780225865,739.919918156779
Payton Turner,Rusher,746.620188904651,4.21898748717118,738.587689034132,746.684959026628,754.250259827985
Penei Sewell,Blocker,1145.41530475976,5.25795891061815,1135.75655030108,1145.08007513691,1156.21718222153
Pernell Mcphee,Rusher,711.581515796646,1.77935426313175,708.136733499616,711.610403108997,715.00036735776
Pete Werner,Rusher,743.368188088851,0.480761548892755,742.379117933353,743.383419097999,744.266018979654
Phil Haynes,Blocker,1137.15607041742,1.83410969711255,1134.05737442777,1137.04210372723,1140.84152988188
Phil Hoskins,Rusher,782.049055991977,0.848174399283744,780.374646647982,782.085990426132,783.485975619862
Poona Ford,Rusher,734.882330097478,4.40277680759032,726.662570616013,734.757363964211,743.422499129775
Porter Gustin,Rusher,721.009426748427,2.66650685736371,715.535597130064,721.157258185284,725.932928211202
Preston Smith,Rusher,774.577503444416,4.55828086516801,765.486822113085,774.654198752708,783.162162083342
Quenton Nelson,Blocker,1158.6148372364,3.60781945945561,1151.91844108509,1158.54032046793,1165.69574356537
Quincy Roche,Rusher,753.876317425166,5.01057083710098,744.036288363239,753.749337163408,763.212431593953
Quincy Williams,Rusher,726.598605509,0.707720754251114,725.163232514624,726.632638307104,727.875752529207
Quinn Bailey,Blocker,1123.80041371777,0.680910098098329,1122.41060600693,1123.81440565594,1125.18601884685
Quinn Meinerz,Blocker,1134.00688807334,2.63987568426347,1129.05192629367,1133.92523817223,1139.33450191077
Quinnen Williams,Rusher,756.52319743541,4.04654035491847,748.397362133693,756.668673637857,763.891343493402
Quinton Bohanna,Rusher,739.199879356394,2.25633374456748,734.696078240152,739.214438624657,743.386764550359
Quinton Jefferson,Rusher,754.93333599432,5.87631377753948,744.087801087235,754.773623137331,766.653722072312
Quinton Spain,Blocker,1139.91647749019,7.3907447178117,1125.17373157639,1140.0351923409,1153.83122002303
Raekwon Davis,Rusher,721.970062650816,2.61526368383665,716.534638745867,722.130634585747,726.637325531213
Raequan Williams,Rusher,758.396855797803,2.60883672683505,752.494592889242,759.22630111744,761.531782437622
Rakeem Nunez-Roches,Rusher,680.138922913896,2.28615453661483,675.838838261396,680.100607267541,684.585902577214
Randy Gregory,Rusher,757.704181592899,4.86255789468535,747.349308200151,758.110073910861,766.067152395296
Rashaad Coward,Blocker,1126.76139718003,0.156707459027556,1126.46306854398,1126.75420226443,1127.08798031672
Rashad Weaver,Rusher,745.127674124671,0.259418831025648,744.562059487069,745.140290740497,745.60560647527
Rashan Gary,Rusher,770.740543925626,8.89039478889054,752.719626897229,770.877442816519,787.806925875035
Rashard Lawrence,Rusher,735.357741657244,4.40738239741414,725.959459152832,736.262452270605,742.097769160426
Rashawn Slater,Blocker,1160.11549408441,8.86586713815142,1142.63169624887,1160.32635547573,1176.92145568587
Rasheem Green,Rusher,759.665493886787,8.40331577041846,743.684727784946,759.491383303598,776.047237623257
Rashod Berry,Rusher,728.746082251185,1.06567828348373,726.47098555254,728.821026803451,730.678861144173
Rashod Hill,Blocker,1166.38893072899,3.40643910816479,1159.61618207202,1166.44841088557,1173.02837328136
Raymond Johnson III,Rusher,743.237672651602,2.18725247747701,739.183849032381,743.222112664848,747.300832941898
Reggie Ragland,Rusher,735.477718657624,0.575493355465526,734.273159778847,735.50496603488,736.520457024759
Reginald Mckenzie,Rusher,744.933188550942,0.505622003871462,743.868135267617,744.955383047787,745.854293779478
Renell Wren,Rusher,734.1945723389,0.747051311533008,732.787615214316,734.297050325478,735.496321282513
Riley Reiff,Blocker,1156.65383320944,4.29714669757078,1149.4070523713,1156.19657181487,1166.28249671217
Rob Havenstein,Blocker,1173.60394188037,5.07934364888413,1163.55983801459,1173.75208032183,1183.0994013046
Robert Hainsey,Blocker,1133.22775509602,0.407544464012753,1132.60053616794,1133.1545878811,1134.13337357597
Robert Hunt,Blocker,1168.76763335913,4.07245763315737,1161.03431458966,1168.76001786085,1176.48585250399
Robert Jones,Blocker,1124.29992888932,0.744864783918047,1122.90021196748,1124.27461428828,1125.789157621
Robert Nkemdiche,Rusher,689.701270532251,1.88671659077181,685.820411665125,689.76824443264,693.222852031429
Robert Quinn,Rusher,825.456523336255,6.89365472689069,812.006190898508,825.437866081977,838.804179300963
Robert Spillane,Rusher,747.678562187416,0.439707864212202,746.766947733494,747.704371139835,748.482112871231
Rodger Saffold,Blocker,1165.40518533659,3.33278046403174,1159.28417960296,1165.28284714147,1172.08051013287
Rodney Hudson,Blocker,1141.67124796899,4.65215427465963,1132.82831116594,1141.66139581825,1150.47843942688
Romeo Okwara,Rusher,753.489327269218,4.57149544672579,744.798678456868,753.797144885105,760.930508931327
Ron'Dell Carter,Rusher,744.72920732779,0.34404348285802,744.020549506546,744.736943033603,745.407491089973
Ronald Blair,Rusher,732.067800961083,2.56224528624169,727.109287962463,732.134616800869,736.704698345767
Ronnie Stanley,Blocker,1137.04479443478,1.56191489696904,1133.95095515375,1137.10401146142,1140.25858048286
Roquan Smith,Rusher,725.752449546771,1.20951549443224,723.401704765726,725.754017306803,728.060582551928
Ross Blacklock,Rusher,748.926194615681,4.21006479135864,740.352877586217,749.121093774606,756.683891154402
Roy Lopez,Rusher,706.182383730656,3.01702354519126,699.55907117677,706.501996717441,711.280384095564
Roy Robertson-Harris,Rusher,765.145611338046,8.10118837733155,749.008039533343,764.944643838629,780.934208886949
Royce Newman,Blocker,1136.42373919233,6.60890765218675,1123.99945537991,1136.33960311759,1149.48531707624
Ryan Bates,Blocker,1130.9517827621,2.30412125108913,1126.67751748813,1130.86987455134,1135.60167946995
Ryan Jensen,Blocker,1230.53710964496,2.31042950098731,1226.25457416405,1230.45842107403,1235.33644612718
Ryan Kelly,Blocker,1130.56986197302,3.87137937902004,1123.09876701644,1130.61488123828,1137.72903545312
Ryan Kerrigan,Rusher,705.522426015603,3.02431432795866,699.756854040705,705.491607512516,711.112539780071
Ryan Mccollum,Blocker,1084.38693930524,2.4480050658905,1079.94193673626,1084.31193020072,1089.96761735614
Ryan Ramczyk,Blocker,1156.87176570651,2.51189529643897,1151.96108272724,1156.88238721241,1161.74898136387
Saahdiq Charles,Blocker,1105.22870145485,10.772183519546,1088.25046520408,1104.83041796726,1124.70357611119
Sam Cosmi,Blocker,1122.20736670635,3.38509865775721,1116.01561699961,1122.09041054614,1129.22602096822
Sam Eguavoen,Rusher,740.445197928179,2.03847660071485,736.48369851445,740.450575405703,744.15326867911
Sam Hubbard,Rusher,723.578438504881,7.49781127727813,709.045801123515,723.621086998387,737.840346795276
Sam Kamara,Rusher,735.741530609755,0.870251686926492,733.978910769736,735.773488999872,737.346312515142
Sam Mustipher,Blocker,1157.6100979418,4.48988283198989,1148.94807625934,1157.6653031103,1166.31478411585
Sam Tecklenburg,Blocker,1144.49295481662,1.3474934225283,1142.13991043156,1144.42120549011,1147.3528113977
Samson Ebukam,Rusher,720.977782445091,3.63026628951277,713.841909123244,721.033468708556,727.93607733216
Scott Quessenberry,Blocker,1148.37018175069,1.23607719020999,1146.11564772294,1148.40821208887,1150.6717710018
Sean Harlow,Blocker,1134.72354326087,3.06727768319193,1128.53629452625,1134.72756162724,1140.6116853178
Senio Kelemete,Blocker,1126.81462940272,1.9400350161084,1123.46456758545,1126.5919907403,1131.12371749952
Shaka Toney,Rusher,743.18792070275,2.17627148828898,739.026551344587,743.212492388589,747.224054691734
Shamar Stephen,Rusher,696.062669512294,2.01487161744959,692.016962365258,696.095297072021,699.897604188824
Shane Lemieux,Blocker,1129.14127900728,0.758837078737002,1127.63873820564,1129.09907218906,1130.69239970107
Shaq Lawson,Rusher,714.048693391288,3.6970892998843,706.554706511509,714.145849348611,721.023357798112
Shaq Mason,Blocker,1158.45843069191,3.3884219270961,1152.10466110348,1158.43083206903,1164.94205758696
Shaq Thompson,Rusher,711.30941702995,1.23569808181701,708.876869134991,711.326290826776,713.672066528173
Shaquil Barrett,Rusher,740.102093636128,2.56232155531527,735.270200733692,740.107593330676,745.041424438016
Shaquille Quarterman,Rusher,749.00461383797,0.078979392936729,748.834125470181,749.020054816658,749.13111172183
Sharif Finch,Rusher,747.3197586988,0.182636903964388,746.950714475742,747.32519402387,747.653907381565
Shelby Harris,Rusher,772.64774447711,6.82576032841191,759.417438173701,772.66479716682,785.731379015807
Sheldon Day,Rusher,794.805352833329,4.36702791007031,786.137817950929,794.93290453475,802.864200126512
Sheldon Rankins,Rusher,745.100360915135,4.81688539488234,735.93682452937,745.108829225198,754.413127443403
Sheldon Richardson,Rusher,687.502873946052,2.58468497869256,682.436803796103,687.528434874992,692.372369231343
Shy Tuttle,Rusher,705.456225761715,2.12312712662286,701.160634770915,705.465070038137,709.566593305388
Sione Takitaki,Rusher,746.190421488404,0.41770264537941,745.382883971044,746.186754007306,747.023326270981
Solomon Kindley,Blocker,1122.0127621671,2.58275352120931,1117.86840992989,1122.04589447714,1126.4750857375
Solomon Thomas,Rusher,763.52441091226,7.62072849103737,749.725526207675,763.089287959267,778.88477709444
Spencer Brown,Blocker,1097.32805605633,4.62191953373065,1088.55366858683,1097.33563771945,1106.10475936069
Star Lotulelei,Rusher,724.526151396879,2.81719879765024,718.943174151165,724.578531730662,729.869243847431
Stephen Weatherly,Rusher,724.067444061656,2.32998510500615,719.564890888701,724.068569847054,728.587859434168
Steve Mclendon,Rusher,692.637534199057,0.826796454056763,691.000506970263,692.648412368146,694.223723099572
Steven Means,Rusher,692.506081832233,2.51167552136783,687.462048429862,692.614432266122,697.140596513931
Stone Forsythe,Blocker,1123.37926936339,0.379552027080936,1122.62878691033,1123.39689230427,1124.07943717819
Storm Norton,Blocker,1121.34179446702,4.1317550206649,1113.41651401066,1121.33584829293,1129.56222250112
T.J. Edwards,Rusher,739.725805153315,0.530537978909863,738.671065025969,739.732153026604,740.718785330934
T.J. Slaton,Rusher,733.150237928746,2.37930019112624,728.228456224799,733.278072186259,737.434266823494
T.J. Watt,Rusher,811.386315115661,10.5063297978801,791.774461071813,811.102267383152,831.886859082658
T.Y. Mcgill,Rusher,735.84174703661,1.2627710855376,733.144564922865,736.040730725365,737.842668442581
Ta'Quon Graham,Rusher,727.111230339889,2.48050367614277,721.924159513985,727.212708642214,731.580694505301
Taco Charlton,Rusher,691.716860903183,1.56301232422435,688.603804007471,691.741737438207,694.651614706829
Tae Crowder,Rusher,725.638098716621,0.64509803991941,724.314206076671,725.660137450897,726.817692817856
Takkarist Mckinley,Rusher,725.478971122088,3.49826263438373,717.98926442097,725.793646188026,731.58970172478
Tanner Vallejo,Rusher,742.823789872764,0.369773495470254,742.049726147191,742.831681941878,743.459728349924
Tanoh Kpassagnon,Rusher,773.94389442766,2.75703785164189,768.651994127207,773.95531961527,779.073178541762
Tarell Basham,Rusher,741.11495422227,3.57836115581417,733.835746784053,741.266077306961,747.754100057804
Tarron Jackson,Rusher,737.844753130541,3.52125870863764,730.742036932707,738.146188155081,743.90679078433
Tashawn Bower,Rusher,760.209567341816,1.41716669393141,757.340052927503,760.229133745309,762.72469565552
Taven Bryan,Rusher,757.40481500013,6.69053664951911,743.130003246121,758.718322333943,766.236763430323
Taylor Decker,Blocker,1134.95206136702,3.67118423980946,1128.12363939143,1134.87197481807,1142.37982522961
Taylor Lewan,Blocker,1150.00263830587,4.86715273945144,1140.6925803351,1150.02263317371,1159.46931863939
Taylor Moton,Blocker,1160.91852533411,5.71617007373748,1149.96071334181,1160.91366777592,1172.19337357579
Taylor Stallworth,Rusher,782.05916924427,6.56651402347167,767.509997277202,783.075215159386,792.404754188225
Teair Tart,Rusher,699.898404454956,1.93582457852136,696.169331816082,699.900613707959,703.714446700224
Ted Karras,Blocker,1155.54258159662,2.83484535676196,1150.105522734,1155.46380559017,1161.08969198171
Terence Steele,Blocker,1169.64516375292,5.45564077362141,1159.30418378402,1169.61254284336,1180.30145878777
Terrell Lewis,Rusher,745.870056393544,4.18620129865872,737.789916562197,745.904691424781,754.000916011304
Terron Armstead,Blocker,1139.36777515653,3.69866883578201,1133.06949562459,1139.20431677822,1146.82766776511
Tershawn Wharton,Rusher,748.042854709441,4.09335492253446,740.185253207522,748.038623476722,756.118370040468
Teven Jenkins,Blocker,1102.40469971604,5.93323686279863,1092.65139933795,1102.65673391039,1112.49774012574
Tim Settle,Rusher,739.987867224605,2.45909563409863,735.145766692182,740.01317570723,744.680295239777
Tim Ward,Rusher,739.656069680178,2.09480754181825,735.690712532391,739.672231732249,743.676729407198
Tipa Galeai,Rusher,720.389767096072,2.01494654464272,716.284796386549,720.471165624802,724.062920069638
Tom Compton,Blocker,1116.08578063876,6.57164761483075,1104.14746600597,1115.94639033996,1128.8740170167
Tommy Doyle,Blocker,1099.42709158326,0.567382040168411,1098.41177921195,1099.41368262325,1100.5127282605
Tommy Kraemer,Blocker,1122.59802033999,3.0265665476857,1116.95263200575,1122.59023955379,1128.40405152251
Tommy Togiai,Rusher,717.771856832675,1.87263937809419,714.573690887327,717.77720301212,720.80974416937
Trai Turner,Blocker,1121.75405246526,7.49887237718609,1107.28778438755,1121.69720715057,1136.1162625482
Travin Howard,Rusher,747.482752975263,0.144189846882285,747.169584220728,747.509313070558,747.706673827535
Tre'Vour Wallace-Simms,Blocker,1107.92839770053,0.414177851347939,1107.07580739308,1107.99492858752,1108.6699917157
Tremaine Edmunds,Rusher,717.505247799173,1.0305359139159,715.574728995201,717.479777349337,719.508359207483
Trent Brown,Blocker,1150.68209817326,3.39058465950681,1144.39473810435,1150.70650061272,1157.16712622414
Trent Harris,Rusher,746.680072623029,0.698829950725471,745.218367127078,746.683763503759,748.086962554354
Trent Scott,Blocker,1130.15293437819,3.39559411404063,1124.14178459967,1130.09717351904,1136.85624486735
Trent Williams,Blocker,1206.41184708529,3.12935311968794,1200.51633474119,1206.35458061348,1212.55182971225
Trevis Gipson,Rusher,752.207621363918,5.99130262104669,739.623020439938,752.680091528083,762.446485725806
Trey Flowers,Rusher,722.850423282593,3.11225353386424,716.35061826755,723.164896053915,728.194625366956
Trey Hendrickson,Rusher,781.191538019385,5.10954556375911,770.836984181678,781.33606779474,790.917389562129
Trey Hill,Blocker,1108.12766320264,6.16936252755987,1098.40031784062,1108.59256050308,1118.13704276426
Trey Hopkins,Blocker,1171.49868383328,4.22320191550654,1162.99461712567,1171.66231770366,1179.31766547761
Trey Pipkins III,Blocker,1123.01533995688,2.10123189495528,1119.38606525026,1122.85039620831,1127.40943336927
Trey Smith,Blocker,1136.54148685635,8.79042255586772,1120.12822468322,1136.43307995621,1153.92477421045
Tristan Wirfs,Blocker,1167.82857191229,2.36957390903066,1163.47694103471,1167.78626691205,1172.4160701311
Troy Dye,Rusher,749.110884788999,0.0924555623672456,748.913217050371,749.136268682784,749.230961824168
Troy Reeder,Rusher,750.536851202449,1.54289302219326,747.686686131919,750.538208410214,753.390855839044
Trystan Colon,Blocker,1161.27959366377,2.23445517922404,1156.81217875172,1161.31772421393,1165.5795425564
Trysten Hill,Rusher,731.366333211486,2.02656984213538,727.419638505166,731.38159789929,735.177406107422
Ty Nsekhe,Blocker,1134.71767348704,4.00562750509013,1127.51085300471,1134.6463221406,1142.49902041297
Ty Sambrailo,Blocker,1153.99041726017,2.28654217790888,1149.86166488663,1153.9821602785,1158.29238974864
Tyeler Davison,Rusher,737.138075538391,2.47564800406536,732.213331312287,737.251795844041,741.546488605163
Tyler Biadasz,Blocker,1183.13994786929,7.61506621351816,1168.50151494959,1183.05272145637,1198.10195723747
Tyler Lancaster,Rusher,724.652031726197,2.12809007709592,720.359234049668,724.699077985884,728.601493930767
Tyler Larsen,Blocker,1127.86212861414,3.50426595774604,1121.86567886065,1127.77059468528,1134.33873996975
Tyler Shatley,Blocker,1150.90885131735,3.37017039412439,1144.82494802304,1150.75190203039,1157.84588171482
Tyler Shelvin,Rusher,738.516483551284,1.1106293342463,736.019916316915,738.663712285883,740.288706428456
Tyquan Lewis,Rusher,753.857542577218,3.27590320962137,747.566635421266,753.875229476958,760.184202894318
Tyre Phillips,Blocker,1135.93752899555,4.75311322303881,1127.50280634619,1135.74317714737,1145.42443336943
Tyrel Dodson,Rusher,748.85935650088,0.0794761470241663,748.675301920958,748.860811070203,749.009524582562
Tyron Smith,Blocker,1176.58468813581,3.34241673669071,1170.10284165278,1176.56392602195,1183.21787171881
Tyson Alualu,Rusher,737.556011555823,3.37521010547999,730.003254799474,737.583364118083,742.931095611227
Tytus Howard,Blocker,1160.87158823472,4.75247205671437,1151.97664017034,1160.82280178686,1169.99377775856
Tyus Bowser,Rusher,743.630239665908,3.26927997357075,736.858790670328,743.774483241104,749.50007305461
Uchenna Nwosu,Rusher,737.411925690259,2.81926328382144,731.518660742814,737.561873953088,742.559660175349
Ulysees Gilbert III,Rusher,742.397331538674,0.50931274328856,741.240872129178,742.505853473934,743.146074272785
Vernon Butler,Rusher,759.183967234444,3.50333284166665,751.952602384002,759.334690368142,765.563591478288
Victor Dimukeje,Rusher,739.182820484676,0.925403852345583,737.176857473017,739.400053026673,740.530933060231
Vince Biegel,Rusher,752.726716702929,0.107322536420414,752.490683527794,752.737010855296,752.928744330283
Vincent Taylor,Rusher,742.362190419182,1.96937460771422,737.929682550275,742.666908535667,745.398686091952
Vita Vea,Rusher,677.322163100955,2.44887888248839,672.380347591026,677.425612354331,681.808363680928
Von Miller,Rusher,755.623457031275,5.97629813132599,743.940451169185,755.585477365651,767.270736039968
Walker Little,Blocker,1125.79449861584,5.2144570306018,1116.99872891368,1125.53359610476,1135.55761308968
Wes Martin,Blocker,1155.47395640205,1.35393321145747,1152.80090687631,1155.45887078889,1158.21564704573
Wes Schweitzer,Blocker,1141.57439831873,2.49095863090904,1136.98128333663,1141.4717418071,1146.70210969916
Whitney Mercilus,Rusher,736.967383761445,4.1533670580093,728.640990005874,737.00384850957,744.669731875264
Will Bradley-King,Rusher,752.699978559225,2.1580590932592,748.48650262399,752.611683612328,756.447566323478
Will Clapp,Blocker,1146.67940524779,1.31228699515229,1144.10402594589,1146.67023409589,1149.30693119278
Will Fries,Blocker,1129.63608560022,0.491940951788442,1129.01664428227,1129.48804322559,1130.60634276552
Will Hernandez,Blocker,1149.02858854177,4.06242281139864,1141.29368846291,1148.92696102492,1157.04306136386
Will Holden,Blocker,1086.58844779933,1.65623032479026,1083.68436554981,1086.54667825097,1089.62336990823
Will Richardson Jr.,Blocker,1156.05669009467,1.84100767947684,1152.80704803612,1155.92881646063,1160.18126464048
William Gholston,Rusher,689.178857647382,1.81067721782167,685.581892359704,689.225394354378,692.683856261232
Willie Gay,Rusher,738.971965422455,0.874143593281603,737.248652783083,739.003229885823,740.611142769929
Woodrow Hamilton,Rusher,750.275023302628,0.435373580499961,749.324773894893,750.286702323994,751.071858474881
Wyatt Ray,Rusher,725.360360153552,2.14836794372392,720.842492312748,725.489702574173,729.238216779343
Wyatt Raymond,Rusher,720.606044464488,1.60634188968965,717.414105460149,720.630990560759,723.554895987398
Wyatt Teller,Blocker,1162.83806635959,4.22753057635721,1154.59744342989,1162.81990071139,1170.9283996344
Xavier Su'A-Filo,Blocker,1123.28701471096,4.46663044549414,1116.27444921131,1123.56329415342,1130.6901758689
Xavier Williams,Rusher,748.268134922552,0.804562343268133,746.647335810413,748.419904305269,749.514122264875
Yannick Ngakoue,Rusher,757.563273797391,7.29406830491865,743.418804262636,757.564887017788,771.704202670566
Yasir Durant,Blocker,1124.41527586285,1.31087176651373,1122.02165769999,1124.375609324,1127.02986485422
Yetur Gross-Matos,Rusher,762.36688462434,7.53945595293651,746.794162969545,764.501672704486,773.183174853154
Yodny Cajuste,Blocker,1118.05290565848,2.43801022596031,1114.0070774157,1118.05526196448,1122.0901572421
Yosh Nijman,Blocker,1160.18150728067,3.29937921037375,1153.53691703667,1160.2538073874,1166.46323077249
Za'Darius Smith,Rusher,770.205341786795,1.09654928863124,767.814865199794,770.406707732005,771.90637073091
Zach Allen,Rusher,715.078245040374,3.35043391953729,708.690069599151,715.031863546984,721.587393579007
Zach Banner,Blocker,1126.07201454261,0.132104725743732,1125.84660888384,1126.05554737682,1126.36568213828
Zach Cunningham,Rusher,748.273263005501,1.10798247965405,746.140373965396,748.275480362577,750.386486055026
Zach Kerr,Rusher,753.591430115059,1.96664029757675,749.56624348543,753.671775903349,757.143231818654
Zach Sieler,Rusher,753.953275600459,3.79802696032328,746.132148485753,754.1753157639,760.820925094633
Zack Baun,Rusher,745.448271792224,0.630562307561264,744.136475324261,745.468576748798,746.602418805724
Zack Martin,Blocker,1190.7563287179,4.08315135117153,1182.78669506733,1190.7684901697,1198.62335795268
Zaire Franklin,Rusher,745.211512977001,0.269263345193844,744.672320855763,745.216226495409,745.723497899304
Zaven Collins,Rusher,732.940836148617,0.622644343671431,731.67329311985,732.965201586719,734.099291699935
