"play_uuid","game_id","hit_player","hit"
"d3202737-d4ea-4c15-a9b0-b64a4b8fbaac",1069714,"Leonard Williams",1
"833b67aa-cfb5-43b7-ab1e-ac7280524816",1069714,"Jacob Tuioti-Mariner",1
"0f1d36c4-ceb1-49c2-98cb-8b2c0203d9c2",1069714,"Jabrill Peppers",1
"95eb801e-73a6-429a-85cd-0c4f6558c218",1069784,"Lawrence Guy",1
"21cdd3cd-947b-4b2e-a3f5-9e21e146752e",1069784,"Matthew Judon",1
"80795235-72ce-45bf-8d85-bd211582991a",1069798,"Yannick Ngakoue",1
"d2b22816-e75e-4803-8712-8383f4d99fe6",1069800,"J.J. Watt",1
"76e2064f-928b-44f6-a097-1f28fb8803c7",1069800,"J.J. Watt",1
"6806812d-69fc-478f-8ccb-f4043496b8ae",1069800,"J.J. Watt",1
"0db5d179-675e-4f34-bea5-cc411533e57c",1502045,"Roy Robertson-Harris",1
"35e82bfe-29af-4462-971a-88e756e8c79e",1502045,"K'Lavon Chaisson",1
"7791952b-bc0a-4eaf-9f1b-47af95992093",1502045,"Ross Blacklock",1
"a2200221-8dc5-40ba-9d04-06a074b0b779",1502045,"Davon Hamilton",1
"1d773ef1-4375-4a2e-a28d-93acc2105b25",1502045,"Charles Omenihu",1
"41a03cc3-7742-4600-af4b-b8d1662d9a2d",1502045,"K'Lavon Chaisson",1
"5896e1fa-5068-4013-902f-d1e3bf062f8d",1502045,"Ross Blacklock",1
"40a76a20-6a52-402c-bd6d-f7319acfb557",1502045,"Charles Omenihu",1
"a5dfc0ef-3ee0-46d7-9287-0026ddadab76",1502046,"Uchenna Nwosu",1
"6edf0b58-992c-44d2-9b2d-c572790798b7",1502047,"Carlos Dunlap",1
"6edf0b58-992c-44d2-9b2d-c572790798b7",1502047,"Rasheem Green",1
"fa9dafa8-3684-43a7-a355-84fb6c998c2b",1502047,"Darrell Taylor",1
"fa9dafa8-3684-43a7-a355-84fb6c998c2b",1502047,"Poona Ford",1
"74c8f172-1997-493a-bf53-4c872cc6c0e1",1502047,"Bryan Mone",1
"813da871-8d69-457e-8644-037f6238b4ea",1502048,"Brian Burns",1
"635f625e-8ded-45fb-b2cd-741332dc2fc9",1502048,"Daviyon Nixon",1
"7d322b15-ea44-4c99-b772-056c4cff992e",1502048,"Haason Reddick",1
"b2382216-2d2c-44c4-b3ce-906b8bc25dd9",1502048,"Juston Burris",1
"34948491-d446-4feb-8b0b-44ca830444e7",1502049,"Everson Griffen",1
"82376187-f904-4cfa-abd1-83067c6ce97e",1502049,"Trey Hendrickson",1
"442c8712-7627-46e1-8544-762a38801064",1502050,"J.J. Watt",1
"3bf019c9-5cb2-4c5f-8b6c-d8551403682e",1502050,"Jeffery Simmons",1
"51ccdae1-623f-4421-beea-625ca464874a",1502051,"Melvin Ingram",1
"67bd4a76-2556-4b2e-9003-46da94feac73",1502051,"Tyson Alualu",1
"ccc5ca4d-62b1-4828-94d1-cbe4b3c3e152",1502053,"Anthony Walker Jr.",1
"b929d7b5-94a0-4eff-9f80-066c754bf440",1502054,"Preston Smith",1
"49fd781e-85fc-4f87-95c3-9b8f21104e96",1502054,"Rashan Gary",1
"4b20cd45-a7d4-4109-8390-6f4ba6eb0841",1502054,"Cameron Jordan",1
"6d8bda44-42d9-4946-8fcf-f013667a2034",1502054,"Kenny Clark",1
"e1132f2b-ced2-4cd9-b6fe-fd29f6362e65",1502055,"Azeez Ojulari",1
"bc92b79f-b048-438b-a275-d0a5727fe71e",1502057,"Maxx Crosby",1
"bc92b79f-b048-438b-a275-d0a5727fe71e",1502057,"Yannick Ngakoue",1
"7e7819ef-e7de-4543-98aa-5926d5ea9f8b",1502059,"Lorenzo Carter",1
"8b6821ed-9039-4498-83ed-4c17f4bac58d",1502059,"Daron Payne",1
"7eeed86c-c841-4a1e-aa1e-f8f2a9872489",1502061,"Myles Jack",1
"11af6053-9a95-406a-a771-04efbda74945",1502062,"A.J. Epenesa",1
"34e90816-2ca7-46cf-b619-8da081b5e560",1502062,"Aaron James Klein",1
"34e90816-2ca7-46cf-b619-8da081b5e560",1502062,"A.J. Epenesa",1
"e075d589-2551-4a51-a4d4-7c2dc8d763a6",1502063,"D.J. Jones",1
"16cee152-1447-4322-a070-be0490001399",1502064,"Aaron Donald",1
"4eec5722-d237-4592-beb8-64df8125a4cd",1502064,"Sebastian Joseph-Day",1
"4eec5722-d237-4592-beb8-64df8125a4cd",1502064,"Justin Hollins",1
"3d013c33-7dfd-4cee-a0a4-afdc59407ea9",1502065,"Yannick Ngakoue",1
"18ca0493-fe44-483b-968e-a571ad76e32a",1502066,"D.J. Reader",1
"ac5ef0a0-6c6e-4618-b616-505711c722b4",1502067,"Takkarist Mckinley",1
"5ae9a3e9-8349-475f-9018-8abced503d9f",1502068,"Bravvion Roy",1
"590a0dfd-a986-4c01-ab00-4eb027725736",1502068,"Brian Burns",1
"39e751c1-7ba7-4a8e-adc9-d19ab0a0edfb",1502068,"Marquis Haynes Sr.",1
"39e751c1-7ba7-4a8e-adc9-d19ab0a0edfb",1502068,"Morgan Fox",1
"c4296e4e-b527-463e-ab2d-a12e07a5e85d",1502069,"Danielle Hunter",1
"f4fdcce6-bdb1-4062-af82-741ac7ab705e",1502069,"Chandler Jones",1
"0d0e46c7-10df-4b65-954e-35d29e106a6f",1502069,"Stephen Weatherly",1
"74257ab5-0054-4dbb-b68c-889d344f5e58",1502071,"Osa Odighizuwa",1
"e494a2ae-ff1b-4608-975b-0fea177a97d7",1502073,"Chauncey Rivers",1
"b1ead3de-a7c6-411f-aaa0-4f99b73e777a",1502074,"Jaleel Johnson",1
"7a15ba7e-3808-4fd9-94ac-2c47699aee94",1502074,"Haason Reddick",1
"f89270e8-9ecd-4de2-a2b3-176221144127",1502074,"Haason Reddick",1
"8c9b9b81-f76a-410a-8635-01ad7e48d925",1502074,"Haason Reddick",1
"01caed1b-d040-4449-b494-8fa42de3770f",1502074,"Shaq Thompson",1
"01caed1b-d040-4449-b494-8fa42de3770f",1502074,"Haason Reddick",1
"a3a0050b-1f6e-49b8-9a10-43d5c977b510",1502075,"Deforest Buckner",1
"a3a0050b-1f6e-49b8-9a10-43d5c977b510",1502075,"Kemoko Turay",1
"12815923-df21-4915-a2d3-9586818dec0a",1502075,"Tyquan Lewis",1
"454b7aad-4480-4b1e-b724-b523dbee091d",1502075,"Harold Landry III",1
"389b76f3-9437-462e-87af-377796ff6320",1502075,"Denico Autry",1
"6ad61b9b-2097-48ac-8d45-0f18764c2816",1502076,"Tershawn Wharton",1
"6ad61b9b-2097-48ac-8d45-0f18764c2816",1502076,"Chris Jones",1
"6ad61b9b-2097-48ac-8d45-0f18764c2816",1502076,"Jarran Reed",1
"bca7a813-e5df-4ba7-a246-2f954ebdfd02",1502078,"Jeremiah Attaochu",1
"0a3040bb-73cf-4e0d-a4dc-48dcf4e63c1c",1502078,"Myles Garrett",1
"cb67a3a7-8cbb-488b-8b50-b911ebda500c",1502078,"Malik Mcdowell",1
"6cf781cf-acdf-4366-af53-418d5351c138",1502079,"Tyus Bowser",1
"793bcc84-d301-4281-aff2-d3c4e3449e3b",1502079,"Romeo Okwara",1
"7db04aa9-ad83-4269-ab1f-478544d944a1",1502079,"Aj Parker",1
"31ce7301-156b-4561-9021-de7da0c9f97d",1502079,"Julian Okwara",1
"31ce7301-156b-4561-9021-de7da0c9f97d",1502079,"Romeo Okwara",1
"44ed1e0c-2ab5-4e8e-84e6-44652699d4cf",1502080,"Shy Tuttle",1
"a08a2a84-5e3c-4335-a05e-f441510e4e9c",1502080,"Kyle Dugger",1
"4c6c3746-b69d-4603-99d2-ab875000e0e5",1502080,"Chase Winovich",1
"4b2972b2-be72-487a-a5cc-c30a1b9f6b4f",1502082,"Chase Young",1
"50451aed-6a12-411c-ac1a-32e089c1a378",1502083,"Sheldon Rankins",1
"e084399c-9118-403b-bea2-c710624c231d",1502083,"Von Miller",1
"541cdec9-bb7a-4e16-a3a0-d281dded0a12",1502083,"Malik Reed",1
"84ece47e-8fe8-4ddf-a45c-adad0e9a37c9",1502083,"Malik Reed",1
"0ea18d89-f325-4c84-bacf-e9f11abfb99f",1502083,"Deshawn Williams",1
"0f44b2c3-7936-47e8-903e-4a979c15a42a",1502084,"Maxx Crosby",1
"35be246d-719c-4f20-b61d-f4355ec69da0",1502084,"Emmanuel Ogbah",1
"b1f4c313-48cb-4747-9161-fb549d9dd4e7",1502084,"Yannick Ngakoue",1
"a4854ec0-c1a1-4453-a1ef-b8604cb8f6e1",1502084,"Johnathan Abram",1
"b3add722-3e0a-45ff-9efe-2b03ca1fc940",1502084,"Maxx Crosby",1
"e7f1c119-6b84-47b7-959e-a39c8b27a61a",1502084,"Darius Philon",1
"b7fc6c6b-6dce-4f2d-ae51-f700240a0d4e",1502085,"Preston Smith",1
"6427aafb-c537-4c5f-bea8-a9821b5d1d2d",1502088,"Harold Landry III",1
"b26a4a98-3993-48ca-b9b7-1ef70241aaaf",1502088,"Nathan Shepherd",1
"8e74e89a-2917-402b-818e-1d7155a40c63",1502088,"John Franklin-Myers",1
"3ba1fdc4-e11b-47a1-8457-f27fd4fe6074",1502089,"Mike Danna",1
"3ba1fdc4-e11b-47a1-8457-f27fd4fe6074",1502089,"Chris Jones",1
"cb219850-f862-4baa-a0bf-8e74e1ae47a8",1502089,"Daniel Sorensen",1
"df3b1d15-c530-4fda-a552-06edc95a35a5",1502089,"Alex Okafor",1
"ad880a5c-100e-4978-a4b9-654af75fa47a",1502090,"Chauncey Golston",1
"e92fe5b7-271e-4cab-94b4-68604f8670b6",1502090,"Jayron Kearse",1
"aac42d82-c71c-402e-8fcb-8e3c213c1dc7",1502090,"Brent Urban",1
"64b7cfb4-28ec-478f-9509-953e69a1aaf2",1502091,"C.J. Gardner-Johnson",1
"7884a4c9-de85-4e07-9597-c763765a8aad",1502092,"Jadeveon Clowney",1
"1e52a5d4-7ef5-4c6c-8df5-115754a6ace0",1502092,"Malik Jackson",1
"1e52a5d4-7ef5-4c6c-8df5-115754a6ace0",1502092,"Malik Mcdowell",1
"8918b17b-322d-4964-a7fa-74543d9bde2d",1502093,"Dean Marlowe",1
"ae57d2d4-2d06-4bdf-8c27-814995637d99",1502093,"Angelo Blackson",1
"cf5e7fc8-c1b0-4a66-888e-efaf0fdf2e28",1502093,"Daryl Worley",1
"593d9419-c6c7-45e0-9e2b-92cbf3f9bd6a",1502094,"Charles Omenihu",1
"c839e288-b205-4c2d-bd14-42d5fb291c2c",1502094,"Aaron James Klein",1
"231b65fe-630c-44e6-9f09-6160abfbaa1d",1502095,"Tyquan Lewis",1
"9b2ec40a-a4b1-4851-bfa1-ede95dc5e738",1502095,"Zaire Franklin",1
"764988c5-0885-4deb-a1a7-ee29290fabbf",1502095,"Zach Sieler",1
"5b9391a3-5a92-40e3-81e9-a5c39246e713",1502096,"Dante Fowler Jr.",1
"18d01594-20ae-401c-b73e-1d04f475c983",1502097,"Alton Robinson",1
"18d01594-20ae-401c-b73e-1d04f475c983",1502097,"Kerry Hyder Jr.",1
"2c2fd5cc-3275-4b56-b7b5-d27f020beb05",1502097,"Dontae Johnson",1
"4d57c837-0708-4603-8f4c-08a68b9f3e0f",1502097,"Carlos Dunlap",1
"5c178dee-45f2-4361-b56c-07bcbe16704f",1502097,"Carlos Dunlap",1
"b45a719d-9ce3-4d48-9626-6adab366b251",1502098,"J.J. Watt",1
"61fff6e6-138e-41a4-8baa-fcf165df3f71",1502100,"Tavon Young",1
"4526ede9-c929-4e73-8c5c-ef420723e131",1502101,"Devin White",1
"37ca6233-9f46-4083-b3b0-503c92439307",1502101,"Kyle Van Noy",1
"b12a4cca-11e3-43f0-8bdf-e7b1b1ebbb9f",1502102,"Leonard Floyd",1
"7d401466-2b86-4838-9d84-15a2a73486f4",1502103,"Shaq Lawson",1
"7e09b919-caac-4b22-9198-ad7b7421ab73",1502105,"Matt Ioannidis",1
"3c7fba70-7bb3-4d12-b4cd-95207f9026e0",1502105,"Cole Holcomb",1
"7349e72f-d9a1-4eb0-9bda-ddeeba9ac04d",1502106,"Josh Sweat",1
"f99cca22-1fee-4f2f-915e-429530cdd19e",1502106,"Brian Burns",1
"90870219-3b66-4997-a658-6e0f81c0b5a3",1502106,"Frankie Luvu",1
"00a4e9e9-547d-4fbf-a57d-c8ea483684b0",1502106,"Javon Hargrave",1
"2b9c49af-a902-4605-a78d-1a29398caab8",1502106,"Derrick Brown",1
"e97f4e13-bf5d-4cc1-a6bb-2b013a4a26ec",1502106,"Haason Reddick",1
"dbce8091-9038-4d41-9163-25534a03a5a1",1502107,"Jeffery Simmons",1
"70add456-3b1b-4f78-a3e5-e800c3798141",1502107,"Josh Allen",1
"da561a9f-73ea-43c1-8bcb-021d27c08c6c",1502108,"Logan Ryan",1
"5dfe11f5-8ed1-4981-b808-1adaeaf64373",1502108,"Tarell Basham",1
"958d6fec-904c-4428-a484-649242c1f960",1502109,"Star Lotulelei",1
"fdca0213-4683-4713-95ed-8a2e1a24e7db",1502109,"Efe Obada",1
"de03198e-ea5e-4959-8e01-84b0be2c9352",1502199,"Denico Autry",1
"ddcde6d7-df0e-4083-a293-ba873f8837d4",1502200,"Derek Barnett",1
"360332a7-a811-4874-b475-217b9b3f5040",1502200,"Tarell Basham",1
"849ec9f3-33a4-4fc0-b099-406e1b1877d0",1502200,"Javon Hargrave",1
"69383049-d1f3-46a9-9b9c-7c2912c03e74",1502200,"Osa Odighizuwa",1
"2067ab2d-2ebb-4a06-82aa-45081d1cb917",1502202,"T.J. Watt",1
"8a213303-48b4-4443-9dcb-c0beb127b4cd",1502202,"T.J. Watt",1
"a1e3959d-e87f-4bdd-a33b-4e2b9c678054",1502211,"Anthony Nelson",1
"d0b8d9af-2fd3-4c3e-8512-6ba69ef45d8c",1502211,"Ndamukong Suh",1
"81b171ca-110e-420b-98d7-4d37842f167c",1502222,"Takkarist Mckinley",1
