"play_uuid","game_id","sack_player","sack"
"2da556b8-277e-45de-84ca-911ca2e2cd4a",1069714,"Grady Jarrett",1
"e0328cbf-6eb3-4279-bf36-3c969ff2eb0d",1069714,"Azeez Ojulari",1
"ace72441-8c41-456c-908f-0c6d5d668ab4",1069714,"Leonard Williams",1
"dfddb5aa-563e-4636-9284-447690987794",1069714,"Austin Johnson",1
"cb154305-d72b-43fb-932d-e2705e7bfea0",1069714,"Dante Fowler Jr.",1
"01f0bade-a2c1-48db-97e6-fffc479fdeb0",1069784,"Matthew Judon",1
"101f340b-a2d5-41be-bcfb-10342f864ce9",1069784,"Matthew Judon",1
"f17e6eb1-6ef8-4db7-83b7-2822b7a235d8",1069784,"Jamie Collins Sr.",1
"7cacce15-ef87-4ec1-9528-073854e749d8",1069784,"Jonathan Greenard",1
"d4d63e16-eb3d-47c5-816f-f9fa0ebeeff1",1069798,"Khalil Mack",1
"863db715-4ea1-47cc-ad86-3ce03bc17f0d",1069798,"Yannick Ngakoue",1
"a2ee4a01-797f-4463-a74d-f3e1e5354f7f",1069798,"Trevis Gipson",1
"d4d06cb4-740a-4a05-8aa3-3912806094f2",1069798,"Khalil Mack",1
"8bcc6364-16e8-4b26-8c47-84a45a5c606b",1069798,"Tashaun Gipson Sr.",1
"9844e724-2ae2-43de-bd61-3938f5dbdc32",1069800,"D.J. Jones",1
"c92a3bc3-4e7f-4f98-9092-46b0ebd2dee2",1069800,"Isaiah Simmons",1
"0efd12f1-0fd0-4704-881e-e14e6c9f1475",1069800,"Nick Bosa",1
"788d27f7-073e-4b0e-af3e-6d163f0baf68",1069800,"Zach Allen",1
"0b2675d5-6d24-4a82-9d6f-939a07da988a",1070627,"Haason Reddick",1
"cde31366-fb0a-4a67-a335-a87cc3fd7601",1070627,"Brian Burns",1
"adc8b490-53f0-44e5-889c-9f12b0716a57",1070627,"Matthew Judon",1
"6edcc26b-e084-444f-a508-e09584107320",1071838,"Jarran Reed",1
"5a001085-a089-4b71-a199-de1268e167d6",1071838,"Derrick Nnadi",1
"c08ed8ef-2f83-481f-8f88-88201241c03b",1071848,"Rasheem Green",1
"79f18e36-f4f9-4fee-bf1d-9ea7910c118e",1071848,"Whitney Mercilus",1
"1f0b09a4-808a-42e7-9f32-686df1c1634f",1071848,"Rashan Gary",1
"907ba8d8-b1c4-4229-b138-e8c3f0a27bf8",1071894,"Robert Quinn",1
"fee0a60a-b6ff-449a-b61a-3632ed7f39f6",1071894,"Levi Onwuzurike",1
"91b25d84-fe22-400a-8bd7-a5836c6169eb",1071896,"Raymond Johnson III",1
"b6610eb8-3181-442d-8034-97cb604641c0",1071896,"Anthony Nelson",1
"cd783922-7971-4e15-812a-2bf54457e98a",1071896,"Patrick O'Connor",1
"aabcc0bc-3e60-453b-8829-a48792c92d35",1071960,"Ndamukong Suh",1
"353d1c3c-ea7e-46d2-b219-7c9515c16524",1071960,"Cam Gill",1
"8aef58a8-f66e-4af1-ba9e-ebdc217f5381",1071960,"Vita Vea",1
"2d9fb6cb-24a0-4e84-8857-3088d6344f7d",1071960,"Ndamukong Suh",1
"7687b2c1-c996-4a98-9293-093097abe82b",1071960,"Vita Vea",1
"95964754-9884-4b3c-9f41-d559142fea53",1071962,"Rudy Ford",1
"c39d544c-f05a-4a77-af40-57fd968c03da",1071962,"Ernest Jones",1
"52f31719-6139-49e6-887c-3076b8c140b3",1071962,"Aaron Donald",1
"6dcc80a6-f101-4780-b4bc-3067ee07fe85",1071962,"Aaron Donald",1
"d5917584-aaac-4d4b-8729-125b2aba063a",1071964,"Malcolm Koonce",1
"cbf6b279-04fe-438b-9fd9-98d9d6cb839c",1071964,"James Smith-Williams",1
"3e26aaf1-8a70-4c2b-b1c3-de17afd81532",1071964,"Matt Ioannidis",1
"2af41e35-7994-44ca-939b-8b144385cbe5",1071966,"Nick Bosa",1
"56e07859-18ec-410f-955c-7dec0aff6f79",1071966,"Arik Armstead",1
"9bc15076-f3ff-4681-9e7d-0cd9c5a3e8ee",1071966,"Carlos Dunlap",1
"11863ff7-4072-4a2c-a987-b94549d4c297",1071966,"Arden Key",1
"c1e67bd4-69f2-4405-a349-c27a7edf28f4",1071966,"Jordan Willis",1
"a23d517e-b2d7-4b4a-88a6-7aa99db0a23b",1071968,"Melvin Ingram",1
"bdcee57e-82d4-4ffa-beb2-22ed518532a0",1071968,"Bradley Chubb",1
"d1f44fcc-def2-4406-a6ae-d8122577d260",1071970,"Daniel Ekuale",1
"32b7b913-5272-4494-bc8d-60b65760d1f8",1071970,"Matthew Judon",1
"73a52842-5ab3-495a-9f2b-ac864577ffc3",1071998,"Dalvin Tomlinson",1
"d3226d69-a2b2-40c0-99dc-2b9db7d40c4d",1071998,"Armon Watts",1
"37c7c0b9-f57f-4fff-8c28-fd524b9b686b",1071998,"Harrison Smith",1
"abc46a34-280c-45cf-aa62-7560a2fb37cb",1071998,"Eric Kendricks",1
"df4787ec-4449-4e72-8559-bc1d675e0626",1071998,"Sheldon Richardson",1
"86eaadc0-484c-41fe-950a-51571b0ee2c8",1072024,"Jerome Baker",1
"8d0e0c62-a0ab-430a-ac98-2f604ce79c92",1072024,"Emmanuel Ogbah",1
"ee482d41-7b01-4bd4-9a71-a921ecd49662",1072024,"John Franklin-Myers",1
"da956f28-3216-4eb0-8419-49ac6c7647f2",1072024,"Brandon Jones",1
"484de401-f694-42c5-b468-cd02184d05f5",1072024,"Andrew Van Ginkel",1
"9b5e5f73-d03e-472b-8935-2e98a4510a04",1072024,"Zach Sieler",1
"7cc1dc96-ba92-40b9-9498-faff2cba12b3",1072024,"Jerome Baker",1
"47834913-6074-4f2c-a90a-0acc78904d21",1072046,"Akiem Hicks",1
"e9cee2c5-235d-4652-9dab-fd05a0a95c31",1072046,"Robert Quinn",1
"65e75b68-d71b-4a56-a4f9-5a059f2fbb4b",1072046,"D.J. Wonnum",1
"e3365976-f3f9-45c4-815b-43d3681c9175",1072046,"Robert Quinn",1
"da5e97d5-6867-4e62-87a9-65f669ac6f66",1072046,"D.J. Wonnum",1
"03854e15-f901-4577-a624-82338dc11768",1072046,"D.J. Wonnum",1
"b0e5cf58-70b1-4ce7-aa66-6667f179d348",1072046,"Akiem Hicks",1
"b209c719-1808-48d5-bbea-6aa2ed36ce7a",1072050,"Bunmi Rotimi",1
"26d6d473-d24e-4ba0-9c1b-db8da7d4b55c",1072050,"Montez Sweat",1
"28aabe9e-e80e-4053-9f3b-7dc6e060c2d3",1072050,"Fletcher Cox",1
"aa6ef333-9bbe-4eef-a58b-ae265359f929",1072050,"Jonathan Allen",1
"1d757efd-61aa-4a8a-9d43-3ffd74d40ce6",1072050,"Fletcher Cox",1
"b3bf4f29-7360-4227-ad9d-62102adb7a4c",1072056,"Lorenzo Carter",1
"7f36b17b-8433-43a5-9d98-62952476fb8b",1072056,"Josh Sweat",1
"baeca541-8cf3-431b-b7e4-a805e7713f59",1072056,"Milton Williams",1
"1beb0dbe-a985-4f10-8e3c-22adbb08b52e",1072064,"C.J. Mosley",1
"c3951958-13c0-4399-8ed5-28a63e42f450",1072064,"Jihad Ward",1
"f77e8d35-8887-48ea-a252-561f078f42ba",1072066,"Derrick Barnes",1
"ce0c4694-304e-4b28-805e-3926f8e34e14",1072066,"Alim Mcneill",1
"d4fdca52-6728-460f-95ae-f15f018f47f8",1072066,"Austin Bryant",1
"91d953af-c068-482d-91b3-ff344f038ba3",1072068,"Jerry Tillery",1
"7d6c6f9d-4fa8-49ce-9756-45eb845ccab6",1072068,"Demone Harris",1
"65820e7d-e87e-440f-a99a-7642c9bf67fa",1072068,"Michael Dwumfour",1
"7926dc5f-7067-4263-910a-e6c86d0f23f6",1072070,"Bilal Nichols",1
"97790527-ed8a-4083-b234-2e13c5b3afed",1072070,"Rasheem Green",1
"3945450b-44e3-4a88-b5d4-e6f789890f65",1072070,"Al Woods",1
"bcf4b3d9-23d7-4e05-a816-6cc378770a18",1072070,"Rasheem Green",1
"6e5e003c-4129-49e5-b973-931325e2ec80",1072070,"Robert Quinn",1
"ba0228a0-b6ec-4676-afb7-bc475f7ca3b0",1072070,"Carlos Dunlap",1
"1f9a9220-5f3e-447a-a4be-b0445e482b29",1072072,"Frank Clark",1
"9dd18434-0d15-4bde-a2fb-83728ceeb332",1072072,"Alex Highsmith",1
"70a3495f-96c7-4f64-8004-6434f73580cd",1072072,"Cameron Heyward",1
"8d2242b6-4313-48fa-b15b-9e958b349e7d",1072072,"Tershawn Wharton",1
"be4b7297-dce6-469a-b24e-5d6f8a176e18",1072081,"Josh Sweat",1
"6b866083-a348-478a-832a-79b9971aeb0b",1072081,"Jamin Davis",1
"7b810fb7-06b6-4796-809a-69ca7c8a7d85",1072081,"Josh Sweat",1
"2c87a75d-1372-4933-9124-005fd7869254",1072081,"Genard Avery",1
"dabe756a-ac57-46c7-b289-072a6371cb88",1072089,"Kwity Paye",1
"aad10ff6-007e-4afa-a254-6e9855bed336",1072089,"Deforest Buckner",1
"3cd693ae-b5d5-4f2e-b932-b94ac7c0e0b7",1072089,"Yannick Ngakoue",1
"6307e774-a61a-497d-aaa5-3b2b1d62d210",1072097,"Arik Armstead",1
"439a28e5-3720-4226-b27e-766efeff2180",1072097,"Arden Key",1
"3305b6c3-68be-410c-b20c-845d24d811fb",1072099,"Jerry Tillery",1
"d99313bc-c1c8-4e37-86d6-0b20bbb92016",1072101,"Cameron Jordan",1
"7a00937f-99b5-4417-aaf3-ebfed0d08c5b",1072101,"P.J. Williams",1
"0c2cf93a-e874-4f2e-9ae8-88b8884e9257",1072101,"Derrick Brown",1
"3a937847-af9a-4e70-950f-cb60f93817d1",1072101,"Jeff Heath",1
"75c54498-effa-4aea-8fc1-c38259990bb7",1072101,"Jeremy Chinn",1
"332a3944-d816-4e4f-b6b7-0cec4194d73b",1072101,"C.J. Gardner-Johnson",1
"f0551446-58a7-407a-bbf6-e262c45d2ff9",1072101,"Cameron Jordan",1
"c5641d1f-c42b-4fca-aaa7-369b146682ea",1072103,"Austin Bryant",1
"fb333073-c842-408d-8d06-4608b3376e51",1072103,"Bryan Mone",1
"fb2e34cb-b4c7-4dde-9313-6a7345a51b06",1072105,"Budda Baker",1
"58d310d0-0853-4b91-98cc-1dfa2df1624e",1072105,"Chandler Jones",1
"f33426ba-16a3-4f51-8975-b85db16b3d9f",1072105,"Dorance Armstrong",1
"92eafc41-5244-4150-ae4f-698afaa68511",1072107,"Rashan Gary",1
"36797dab-4079-4796-8f4a-8c0b044cd173",1072107,"Preston Smith",1
"4e46118b-7c6d-403d-b159-a46e1f4574dd",1072109,"Shelby Harris",1
"99021c5e-e0b5-411c-972b-0047f3cd311a",1072109,"Derrick Nnadi",1
"461897c8-378b-4a76-879e-a0006170abed",1072111,"Trysten Hill",1
"0d55a6da-dced-45ab-bb92-0c9614f1cc51",1072111,"Raequan Williams",1
"b8d1ebd8-15f6-4743-a025-8cc3b1becccb",1072111,"DeMarcus Lawrence",1
"e3b1f5ad-a246-4ac8-b832-1bcb93afa29c",1072111,"Tarell Basham",1
"9fbfa6ce-307a-4b29-a2df-d71374956543",1072111,"Tarell Basham",1
"eff33671-b4e7-4434-a7ee-7c90be20f200",1072113,"Vernon Butler",1
"51898d51-35ea-4d32-af48-655940df7364",1072113,"Mario Addison",1
"5de0f304-6c7d-42de-8929-47efae0c68a5",1072113,"Jordan Poyer",1
"a5c7badf-a2e3-42c5-922d-71abb849b85c",1072113,"Ed Oliver",1
"ac851d6c-48b7-45ed-8a1f-3ad5f94e0652",1072113,"Mario Addison",1
"b939f2f0-fdc9-4e3f-ab41-ff0a522cc12a",1072113,"Matt Milano",1
"d9b5aae3-9817-4170-b559-bbb8de7b4457",1072113,"Jerry Hughes",1
"6e049ae9-94ca-4d82-b025-e77604a428a5",1072113,"A.J. Epenesa",1
"142bb544-5439-484c-926d-363eed3e8f28",1072115,"Julian Okwara",1
"f3d79b8b-c7d8-48d8-a248-81255b2d6e2a",1072115,"Dean Lowry",1
"32bee8f4-b7fd-4bf5-94fb-e27af1a2a3f4",1072115,"Jessie Lemonier",1
"2d09d6c3-7a23-425d-b606-bd96c3d5654f",1072115,"Julian Okwara",1
"c0bf1d58-d8ba-487c-ad25-0d279969616c",1072117,"Al-Quadin Muhammad",1
"7ba3069c-2fe9-4dc6-9e22-3a3d115893ca",1072117,"Josh Allen",1
"6be2c6e3-8c87-4135-bd37-20d14d4b5d50",1072117,"Josh Allen",1
"c442e744-c47c-4261-ba2d-d53b6db7be7c",1072117,"Damien Wilson",1
"3e7e57d3-81bb-41dd-825c-faf920a9bf8a",1072117,"Malcom Brown",1
"f10a30a1-9188-41cf-a212-3f9988e4016d",1072117,"Dawuane Smoot",1
"16a45877-3633-47a1-9672-7b326d2c6932",1072117,"Adam Gotsis",1
"644d0d31-0ba1-4f02-bbe8-fb5a569f1da9",1072119,"Uchenna Nwosu",1
"453f3c55-2862-420c-acb8-901a2f1f8c28",1072119,"Justin Jones",1
"946592b1-b867-436d-8f93-88f675292a41",1072119,"Quinton Jefferson",1
"2c4a76ac-358d-4240-a10a-7aa8291ee152",1072119,"Maxx Crosby",1
"558100fd-bb74-42dd-9198-e1c9dd5ef407",1072119,"Joey Bosa",1
"ce245c08-a58c-4584-8fc1-254bc6c3ef42",1072121,"Logan Ryan",1
"ca207e82-da68-4fdc-aca4-535b5d3858da",1072121,"Jonathan Allen",1
"2dbc79ff-b500-4e45-9743-bef6d6263e6d",1072121,"Lorenzo Carter",1
"2097bdac-e0a8-45cb-8386-d2e1d2d83f2e",1072121,"Leonard Williams",1
"4421ed48-0616-4436-8f27-4eaae991d746",1072121,"Matt Ioannidis",1
"9c1361cc-3dbb-4bf5-8fa3-60a54a0d72bd",1072121,"Shaka Toney",1
"60287e93-7491-401a-9f95-563582298c7f",1072123,"Trey Hendrickson",1
"2d03e55d-cd21-4b1d-ae51-b7811f5ac50c",1072123,"Sam Hubbard",1
"04014b93-71fc-4aa1-b86f-dac4ee6b1beb",1072123,"Quinton Jefferson",1
"16eb0d52-5bc0-44ef-937d-c3c7d0ced724",1072123,"Maxx Crosby",1
"d767abba-9e8d-4b9e-94e8-7af01c1da8d8",1072123,"B.J. Hill",1
"f80360af-7be7-4493-a4df-ed8f19ce5ed5",1072125,"Angelo Blackson",1
"683ea0f4-0a2f-4543-8241-202c6739e08c",1072125,"D.J. Wonnum",1
"9e3430db-3d74-4213-8b77-9a8e48654f7e",1072125,"Mario Edwards Jr.",1
"d5c408a3-4469-41cb-a876-c3cc0c50a062",1072125,"D.J. Wonnum",1
"010a41fb-3ff9-4e3b-9352-468cb99941ac",1072125,"Anthony Barr",1
"5e134da0-dbab-43c3-b23a-553212c7defa",1072125,"Robert Quinn",1
"f7b28198-a85c-4384-b159-0fae107081d3",1072125,"Dalvin Tomlinson",1
"d15f0772-e076-4516-bc04-6853222181e9",1072125,"Kenny Willekes",1
"a59e0d98-2f7e-4bb5-b22d-0e745e915614",1072125,"Kenny Willekes",1
"0073b416-fd5e-4954-b2ff-2c01a627e80f",1072127,"Kyle Peko",1
"3d11a397-1da9-428b-b266-866327a5d717",1072127,"Maliek Collins",1
"66b42244-9476-41f8-b50b-7ac2d07a07a1",1072127,"Jeffery Simmons",1
"14dab63e-94e2-49d2-adf0-b546877aa7dd",1072129,"Carlos Basham Jr.",1
"bf9f98ce-5745-48fe-9f0a-139ee42a3c61",1072131,"Arik Armstead",1
"536d987a-c88f-4276-a755-8a8db72ba158",1072131,"A'Shawn Robinson",1
"adcab1c2-58d4-4d9a-a171-7b2cc8d20757",1072131,"Troy Reeder",1
"7dbdbc1a-ec59-45cb-8bfb-2bf39e332388",1072131,"D.J. Jones",1
"458eeaaa-b9ac-4b7a-9bb9-9f16208a7705",1072131,"Fred Warner",1
"eb7e21c0-ef0c-4768-ae5a-de2b16a85a82",1072131,"Von Miller",1
"f7042c3f-8368-4e54-ab38-ab93fbd8ffce",1072131,"Arik Armstead",1
"5a2129c6-425c-4bbd-9895-5db5835cc6fd",1072133,"Antoine Winfield Jr.",1
"780cdd13-77bc-4027-b629-a9c1e81a93f3",1072133,"Javon Hargrave",1
"fb165c1d-fee7-4051-be17-416d9235a34f",1072133,"Javon Hargrave",1
"a6b5170f-dcc9-4177-aa22-169e9cb9a56f",1072133,"Ryan Kerrigan",1
"b115954e-ad8a-4d6e-bc73-52094487c360",1072133,"Alex Singleton",1
"2e7fd505-4f07-4457-9193-c049542156d3",1072135,"Myles Hartsfield",1
"01166634-23d5-4a89-b7d7-527129d0da1f",1072135,"Anthony Nelson",1
"d7fc4da2-b93f-4baa-93f9-c3adcc6b0bd7",1072137,"Rashard Lawrence",1
"fb971ead-69a8-459a-b547-17a64fd9e4c1",1072137,"Darrell Taylor",1
"b3265aa8-54c3-44d7-ae68-88c115da1a46",1072137,"Carlos Dunlap",1
"0a2c56a2-36ba-4b90-8d8a-e923175009e1",1072137,"Poona Ford",1
"04b7f0a0-b6be-447a-87fc-cb212243474b",1072137,"Kerry Hyder Jr.",1
"2a19085c-42c2-4150-bddd-bad094b061c1",1072137,"Carlos Dunlap",1
"ff888d6f-7a3d-41d3-adbc-4adbc40fc734",1072139,"Nick Bosa",1
"dc731af2-a36d-4ec7-a228-86872a45acc6",1072139,"Arik Armstead",1
"68cdf8df-0707-4b5b-8636-f0004c412bf3",1072139,"D.J. Jones",1
"681b9dc5-1ed9-4107-b67e-7ca567b3a1f0",1072139,"Charles Omenihu",1
"dd0ea3fd-e074-456b-9410-82f2fb61c192",1072139,"Kevin Givens",1
"cc976f43-09d2-480c-8b29-370da681d99c",1072141,"Kyle Van Noy",1
"d0a57d50-9363-4ee7-9d6b-df1faec727a8",1072141,"Andrew Van Ginkel",1
"a403247c-1b6b-407b-b085-eb08d678db29",1072141,"Christian Wilkins",1
"d77e46b1-3ffd-40a6-a6cb-3dc94c9c5978",1072143,"Tershawn Wharton",1
"86fa52e8-08fa-4e6a-a495-ccbd86b731d1",1072143,"Alex Highsmith",1
"c8b1c7d5-cdbe-42c7-ba2b-89f7cec856b3",1072143,"Montravius Adams",1
"f4da4a30-fc0f-4cb1-a5c6-00194f9d66d8",1072143,"T.J. Watt",1
"643668d9-48f2-48dd-ad15-d6febbfbebe0",1072143,"Mike Danna",1
"d729038b-bdd1-4ac8-85f5-be7ee6841122",1072145,"David Onyemata",1
"21f6a98a-2893-44d8-a74b-16561b47f012",1072145,"Cameron Jordan",1
"216afe70-506a-4da5-ba64-da30a14f82eb",1072147,"Markus Golden",1
"45fcaad1-30c8-4813-a657-c198ab17b57d",1072147,"Von Miller",1
"cef01d0d-7adc-4bf4-9dcd-13b9d4d33fad",1072147,"Aaron Donald",1
"e9beac7a-cf60-48fe-9c3e-5dc7b5812af7",1072149,"Denico Autry",1
"733b5cbf-0d06-4206-b2a5-eaa3417414cd",1072149,"Mike Hilton",1
"fa8038b8-63a7-42d0-8ff1-9e79c856e553",1072149,"Harold Landry III",1
"9fc221c5-1b2d-49b4-b9bd-c6922c2c8f2e",1072149,"Denico Autry",1
"aaa73aec-1196-4d68-aa8d-167734f22dc8",1072149,"Jeffery Simmons",1
"646831b9-e0a3-4297-b4e3-6c6eb97c05b0",1072149,"Bud Dupree",1
"3deeeec8-28e7-4ed5-ad73-4b2821b6b9bc",1072149,"Kyle Peko",1
"783dab0c-10b7-4f72-ae3e-64b8e273ff27",1072149,"Denico Autry",1
"526230de-d181-4d8d-af95-4e14eeb6b1f8",1072151,"Za'Darius Smith",1
"e8f47037-8a41-4918-b842-1720dccbe621",1072151,"Rashan Gary",1
"4f4e59ef-a074-4322-b18c-349f92136c7a",1072151,"Samson Ebukam",1
"40fb1186-7029-471c-ab2d-1bc8b4b7243f",1072151,"Rashan Gary",1
"079e12cb-6190-4dd3-97fb-165b027e5086",1072151,"Nick Bosa",1
"1ca70ed5-161d-4e18-a548-d4cfc0df1583",1072151,"Nick Bosa",1
"a2cfb88d-e7e7-44a7-b2cb-d8afd7a40d88",1072151,"Rashan Gary",1
"a16477b9-939e-4d48-a5e6-807896c2467a",1072151,"Nick Bosa",1
"3eca4b1e-055d-4ec1-a244-20f9df5d8ae4",1072151,"Arik Armstead",1
"25018fe7-7ad3-47eb-ae3d-d59f6cbf0084",1072153,"Vita Vea",1
"117d7854-5fba-4217-a8a9-2b83666ea87f",1072153,"Aaron Donald",1
"875c642a-40cf-43dc-ad74-d2f0bcbb40cd",1072153,"Von Miller",1
"ff3e5cc8-efd0-44f4-9701-9319ed8619e9",1072153,"Leonard Floyd",1
"4970b260-f938-469b-836d-d64f649d2d3d",1072153,"Jason Pierre-Paul",1
"f6aace8b-155f-4561-9f12-c6fbc3013478",1072155,"Melvin Ingram",1
"76dd9079-e75b-4dc8-ae11-238111f6656f",1072155,"Ed Oliver",1
"2ad4a7aa-9fca-4c9d-a5d1-90e09e558445",1072155,"Matt Milano",1
"f0176aef-646a-4291-8866-c9785ae85672",1072155,"Taron Johnson",1
"80e0c2b6-4270-49f3-b636-43de979b3cd7",1072155,"Jarran Reed",1
"287f478b-b0b1-424d-a2e5-bd9ca9ec9cba",1072155,"Frank Clark",1
"9b86757f-bcd7-4599-a73c-c4b3a9f8654f",1072157,"Melvin Ingram",1
"e7c93a6b-7bd5-4d6d-988a-f3269511ae94",1072157,"B.J. Hill",1
"8606d32f-ec90-47ec-9586-af1bc98d7ae2",1072157,"Trey Hendrickson",1
"2b68f512-8a9c-4d73-a180-0e283be33696",1072157,"Sam Hubbard",1
"79fc5514-2c1f-4e5b-852f-242b993b2185",1072157,"Sam Hubbard",1
"f23508b5-1e5a-4211-8b76-a5c283d514d4",1072159,"Samson Ebukam",1
"24911b1b-c9b1-48ba-b950-b2996262acc7",1072161,"Trey Hendrickson",1
"a7506880-4cfe-45f2-99eb-aa0a27093eef",1072161,"Leonard Floyd",1
"11304f46-236d-4b15-839e-0f1af956919c",1072161,"Aaron Donald",1
"2e7c0836-e97f-43d7-8396-e008adafac70",1072161,"Aaron Donald",1
"526c4a7e-d656-4660-a1c1-1894dceaa9ee",1072161,"Ernest Jones",1
"43f39250-dc22-418b-929c-3a1d93720052",1072161,"D.J. Reader",1
"ac98152d-dec0-4cfb-bd3d-bc0dceef3ea1",1072161,"A'Shawn Robinson",1
"9ef4c4aa-95dd-4d64-9f35-52d4a5f74546",1072161,"Von Miller",1
"28de99b8-549e-489c-b429-029e1ec48acc",1072161,"Von Miller",1
"602597f1-b5b6-446a-83f5-7775da28aa48",1502043,"Kentavius Street",1
"767e4a99-afb0-4a33-8085-5facd786b50d",1502043,"Nick Bosa",1
"cc7e15ab-63de-4d21-b084-34c822b9c414",1502043,"Tracy Walker III",1
"89363fdc-1d38-476d-be55-e6c1e625f2ce",1502045,"Whitney Mercilus",1
"042f7d23-44c7-48be-960c-2e4ec421a092",1502046,"Joey Bosa",1
"26df989c-8243-4d8e-80d4-c0c7abd8435d",1502046,"Jonathan Allen",1
"69887a23-620d-481c-a788-8eec10a5fa92",1502046,"Montez Sweat",1
"11895406-844d-4ad6-a31c-21ed8dd9938b",1502047,"Jamal Adams",1
"a7130e34-d18c-4c1b-acc5-3abd83118b10",1502047,"Rasheem Green",1
"2d3319db-c53f-4679-aa13-50374c2f926c",1502047,"Khari Willis",1
"a5d56b08-de4d-4242-bc38-c12bbf8f8328",1502047,"Kenny Moore II",1
"a13eefad-1463-4bc4-a085-f90e27fd9a96",1502047,"Deforest Buckner",1
"2a87b4f7-394c-4b69-bfdd-2c75ba43d306",1502047,"Benson Mayowa",1
"c9847d4d-9758-4939-9e8a-f1fe3c5c8841",1502047,"Darrell Taylor",1
"c6052df9-b381-427d-8a7f-02d1fb57fa09",1502047,"Carlos Dunlap",1
"18f40f79-878a-4483-89b1-fdd0b2c2ef21",1502048,"Brian Burns",1
"2504b3f0-4bf1-46f3-afce-64e473b4bf01",1502048,"Haason Reddick",1
"44befcd6-3674-41c6-9197-86cb65437cc9",1502048,"Marquis Haynes Sr.",1
"5ba7f3d3-b0d7-4007-ab2e-92910bb59b8f",1502048,"John Franklin-Myers",1
"048bc498-922d-4688-a759-4d48dd3318fb",1502048,"Haason Reddick",1
"2c16ce90-9159-4189-bf18-5bb52a9f8b95",1502048,"Shaq Thompson",1
"f0bbbfdd-1663-4d0e-88c7-fedb3faf6378",1502048,"Derrick Brown",1
"123bfa4b-21a0-492f-a2c8-c573334af97c",1502049,"Nick Vigil",1
"505bb702-5d7b-4052-8588-b1df3906a338",1502049,"B.J. Hill",1
"2cbb10f3-5750-4c97-b6bd-bc9b46394a8b",1502049,"Larry Ogunjobi",1
"980694b0-a2c3-4e48-9d16-4c6d7063811f",1502049,"Josh Tupou",1
"d396cd03-e9a7-44c0-bac2-acad55d224f8",1502049,"Harrison Smith",1
"0245db40-a309-4ff2-86c8-d2024d7e555d",1502049,"Michael Pierce",1
"ac36e0c3-e73f-41b8-afaa-ea04a92630b5",1502049,"Danielle Hunter",1
"72052711-a58f-452d-8bef-58ae9511c783",1502049,"B.J. Hill",1
"a6b4df97-fef9-4a90-af17-248396ec9709",1502049,"Michael Pierce",1
"225ee773-fd26-45b4-9e93-09679cd834b1",1502050,"Chandler Jones",1
"190c34ff-fa05-4a4b-8843-a33baef3f9e3",1502050,"Chandler Jones",1
"a0b3440c-cd36-478d-974d-8c3d50a81340",1502050,"Chandler Jones",1
"9fb0381e-650f-4407-951d-b47887c22929",1502050,"Harold Landry III",1
"82dceb2a-2aa1-4187-a998-b68300747b92",1502050,"Jeffery Simmons",1
"a574eec5-ef88-41e2-aade-8baeb671dbda",1502050,"Chandler Jones",1
"9c693637-d9f6-4dd6-95e5-36a1b8db06f5",1502050,"Chandler Jones",1
"919eedda-2eb3-4970-bb6f-1ea52d1391dc",1502050,"Michael Dogbe",1
"1c6d9782-4ee5-420d-bb85-882b48d16acd",1502051,"Mario Addison",1
"5f05ddd1-f693-4efb-82a0-69369cb10136",1502051,"T.J. Watt",1
"c630f0f1-0815-49fe-b75a-9ca55b1e88f8",1502051,"Jordan Poyer",1
"c851d392-91dc-4973-b9f9-130e5ca9601d",1502051,"Cameron Heyward",1
"dc048280-ec26-4010-88a0-7e2296a0fe0e",1502051,"T.J. Watt",1
"8c53ef6b-8a47-4897-9a58-8808e54ea5ab",1502052,"Jacob Tuioti-Mariner",1
"e0c971a9-b59f-4347-aa5f-570161eea437",1502052,"Hassan Ridgeway",1
"bed390d4-47e4-4771-aab7-778b8bdb5eaf",1502052,"Javon Hargrave",1
"bf496181-1528-452f-9b1f-4da62f37eee8",1502052,"Hassan Ridgeway",1
"8ded8871-66be-42f9-80e7-c9ecad5fc9e3",1502052,"Javon Hargrave",1
"e61bd6dc-7ef6-4ecd-801b-40d1063d3a85",1502053,"Chris Jones",1
"8243aa9c-9d3e-40a9-800e-c54c4bac737a",1502053,"Joe Jackson",1
"38a700e5-36ea-46ba-8732-e9e08a0d6d11",1502053,"Chris Jones",1
"55c854d3-bc11-4f2b-aae1-de6796317116",1502053,"Myles Garrett",1
"305ecfe2-650e-4436-8bfb-d4ac94ab005a",1502054,"Marcus Davenport",1
"2f294a3a-22a5-4b13-bde2-204788bc2384",1502054,"Tanoh Kpassagnon",1
"53b19930-1b7b-47b7-8213-f4f6a6d7bfaf",1502055,"Von Miller",1
"6447672a-bbef-48a0-844e-ef07667bc02b",1502055,"Azeez Ojulari",1
"c95efc95-5e56-4c80-b2ec-5dd96651f33a",1502055,"Leonard Williams",1
"5afb2ed2-0821-4ca9-915e-eeff06f6c811",1502055,"Von Miller",1
"68278130-e5c2-44f9-9964-d84e511f99bf",1502056,"Andrew Van Ginkel",1
"7b090321-bd58-4779-b785-036a516416d1",1502056,"Kyle Van Noy",1
"cadf1e72-619e-431f-a29b-b44031b2c4b2",1502056,"Elandon Roberts",1
"f0026b8b-266e-457f-b412-560e4989ef77",1502056,"Josh Uche",1
"9100c40b-792c-44e4-8abe-7a026c3dcc8f",1502057,"Maxx Crosby",1
"ed1f6f4e-0033-46dc-84c6-d854389fd277",1502057,"Justin Houston",1
"d282dc58-1f0b-49f7-8d34-a97650f96656",1502057,"Odafe Oweh",1
"1be582ed-86e6-4c60-b266-1b9c27cb1168",1502057,"Maxx Crosby",1
"cc5c9cef-144f-4943-a3f5-b97eb14d9c63",1502057,"Carl Nassib",1
"cc03d2c5-299d-4305-96a2-6be3b387431c",1502059,"Azeez Ojulari",1
"ec91dfbc-cff0-4af6-a2ef-8d0d486c1fd4",1502059,"Jonathan Allen",1
"d2bf7052-0688-4e66-b8e0-bc624f51425c",1502059,"Montez Sweat",1
"37e10ec0-4610-4182-95d2-d443e19ab678",1502059,"Chase Young",1
"37e10ec0-4610-4182-95d2-d443e19ab678",1502059,"Jonathan Allen",1
"ec5e9160-3556-4146-92b4-94ef6c08b8a8",1502059,"Kendall Fuller",1
"69df586b-bd63-4d5d-8b27-010dbbd031ce",1502060,"Marcus Maye",1
"0244fdea-323d-4802-b597-10933270fdc4",1502060,"John Franklin-Myers",1
"cad3dd36-aba7-4d9f-ae88-28fe6c07da7d",1502060,"Sheldon Rankins",1
"86659fe4-7d48-48da-bf3d-549162ddda96",1502060,"Carl Davis Jr.",1
"2ac1f630-94ee-41d9-bb18-7dda7e2b4276",1502060,"Matthew Judon",1
"b79cd207-25ee-4ad2-ba83-4901d0962b95",1502060,"Josh Uche",1
"2fdcbef3-5de0-48c6-8c95-5cddb5491704",1502060,"Josh Uche",1
"46e49ed7-33d0-4750-bbd6-ccc416a56775",1502061,"Josh Allen",1
"ceb68d0d-4caa-4fdf-ab7e-4339c8e9500f",1502061,"Von Miller",1
"a7e28ace-4f54-410c-9abf-f4150f80832c",1502061,"Adam Gotsis",1
"204f21e3-c283-4ecb-9074-dbd17b1052dd",1502062,"Taron Johnson",1
"eec601ee-ff46-4cc1-b4a5-328b9f3a5c43",1502062,"Micah Hyde",1
"247e0fa4-59f2-4a92-a61d-d8e50a20a98a",1502062,"Greg Rousseau",1
"2c31dfc8-4474-4490-ac8f-e97ab082f6fb",1502062,"Matt Milano",1
"6e74a5f0-27ba-48f7-a5c8-fb37014ac2bd",1502062,"Emmanuel Ogbah",1
"d1177556-2e8c-459e-a3e8-32b56b018ec0",1502062,"Justin Zimmer",1
"f0139536-e20b-408d-a5ce-359389beafd3",1502062,"Greg Rousseau",1
"2ae398c9-2278-4b97-936c-4da32e1f55ca",1502063,"Nick Bosa",1
"cf3f6b9d-08dd-4d47-be95-3b3ea6bb3988",1502063,"Nick Bosa",1
"28db7b67-a07a-459e-b627-47788bd7750a",1502064,"Jonah Williams",1
"b3209a28-f810-4acb-903c-0dfa7077a09b",1502064,"Sebastian Joseph-Day",1
"10041801-ca09-4b7f-88c3-9a99592b7fe4",1502064,"Al-Quadin Muhammad",1
"efd76bce-208a-4cbe-819a-dc02af71dd31",1502065,"Solomon Thomas",1
"7fb26cc1-076f-4e8f-bc66-9edbf10f7a76",1502065,"Solomon Thomas",1
"bab77ecc-df9d-43f0-97ac-9b50b5ffe8cc",1502065,"Melvin Ingram",1
"5a0cbd0a-1ca4-43a6-af0c-6eeb68f9406c",1502066,"Khalil Mack",1
"77b31289-de1e-46bf-aa03-9e8551ba618c",1502066,"D.J. Reader",1
"3c82a7c6-e089-4cb7-8825-1d8c197fca8e",1502066,"Trey Hendrickson",1
"7083e84d-9e3e-44da-8ada-236fa4dd916c",1502066,"Bilal Nichols",1
"4ac332e2-e2b9-49e7-9ddb-d22f145c6103",1502066,"Khalil Mack",1
"c3743f43-ea9c-45d0-a8db-4e3a9b926dd3",1502066,"Akiem Hicks",1
"9896925e-594c-4dc1-8a2c-aac27bab410b",1502066,"Roquan Smith",1
"a87125dc-3959-4ddc-a98b-f968cb603869",1502066,"Trey Hendrickson",1
"d88dcec0-72df-48b1-a8f5-9a685e7f4aa5",1502067,"Jacob Martin",1
"a8d0dee2-72c3-4f6c-84ba-3ff99d788cea",1502067,"Grant Delpit",1
"6c0e721e-bff1-475f-85e2-ccc7ffb6acfc",1502067,"Grant Delpit",1
"1a8b6d65-da13-49c0-8c69-a68838b2334c",1502068,"Morgan Fox",1
"b1cc27ad-d9ef-4662-9253-2143e9e21a22",1502068,"Bradley Roby",1
"dafc263d-1a38-4102-9f9a-bfa2bce3019b",1502068,"Daquan Jones",1
"ab276534-f9e8-424e-865a-d28987613c63",1502068,"Payton Turner",1
"558d278a-5904-49f3-8833-4cb82b0ca5cf",1502068,"Brian Burns",1
"541b9180-32fc-49d1-bbf6-8f40291398cd",1502069,"Danielle Hunter",1
"9f81206e-9d8b-43f0-9716-33988e04e79a",1502069,"Markus Golden",1
"d5f15452-3f36-41f3-9c49-ed06b1dcf7de",1502069,"Danielle Hunter",1
"203008a9-d032-4ea9-b083-e2e40acf4f54",1502069,"Danielle Hunter",1
"d361f9bd-d972-4fcd-8ab6-4ff063c2e402",1502071,"Jerry Tillery",1
"00d7373c-eb80-48b9-9acb-c5c918904250",1502071,"Kyler Fackrell",1
"d6546f56-bf27-407e-b657-105b220aa1a6",1502071,"Micah Parsons",1
"0fd62339-175a-4c90-ba68-9d9d86a7ef01",1502072,"Daniel Sorensen",1
"eb207919-f79d-4b16-91c7-e7eee95a3495",1502072,"Charvarius Ward",1
"b35622c3-d56a-45bb-8639-101f8e6ee63d",1502072,"Nick Bolton",1
"11bf5763-4e7a-45da-b17d-b159b7ebd191",1502073,"Nick Williams",1
"abbfc79f-8f4c-4f68-96eb-95af1291a49a",1502073,"Michael Brockers",1
"5661f190-38f7-49b4-9906-7913381b5d06",1502073,"Rashan Gary",1
"fe34e551-b8f4-4f3a-8502-51d9ae42eb0f",1502073,"Charles Harris",1
"bc10d9cf-95da-4aef-b909-a63c2c8c279b",1502074,"Haason Reddick",1
"972a2dfc-f069-488b-8dd5-60d78def2b24",1502074,"Jonathan Greenard",1
"972a2dfc-f069-488b-8dd5-60d78def2b24",1502074,"Joe Thomas",1
"f4763534-509b-4742-94d9-d7e8e38f66bd",1502074,"Brian Burns",1
"04867444-a13f-464a-ba6a-a6e3201feb69",1502074,"Whitney Mercilus",1
"b54c24e1-99ed-4863-b4d3-6e83e4ecaa46",1502074,"Ross Blacklock",1
"9b7ee5b0-c69d-4dc6-bacd-02d2595adb4b",1502074,"Frankie Luvu",1
"8cbc276b-1b5e-4c54-9ee9-098156050abc",1502074,"Haason Reddick",1
"38045fa0-1a66-4f97-86ca-44f0ad864313",1502075,"Bobby Okereke",1
"b9b0b7b0-9862-4f1e-a624-14472aea472d",1502075,"Ola Adeniyi",1
"dd76339a-6572-4b3c-8883-ca312d4850a8",1502075,"Harold Landry III",1
"9a561d8a-5b0b-4096-a6c0-d6cbbd591b76",1502076,"Kyzir White",1
"5a018f67-5c7f-4acc-bd93-746fc2a1c824",1502076,"Joey Bosa",1
"15a1000d-fd1a-4403-8bad-7ab1bf9a8079",1502076,"Mike Danna",1
"3de65460-e0a7-4db2-983a-ba1e077f464b",1502077,"Cam Sample",1
"130483f6-ccbc-4de2-a32d-0f785111162b",1502077,"B.J. Hill",1
"66ff748a-4c63-4a3c-bb7d-b52b572c2961",1502077,"Trey Hendrickson",1
"7fbbbb8c-126a-4d5d-a806-631500da2408",1502077,"Sam Hubbard",1
"acdd7ad2-a690-4d2f-b013-39b6fc58a04b",1502078,"Robert Quinn",1
"17294047-6290-49a3-a2f3-ac6e303d5a65",1502078,"Khalil Mack",1
"c393231c-c501-4c5d-b589-e89e05dbbfcf",1502078,"Jadeveon Clowney",1
"a6e3f058-b406-4983-b3a0-2bc90bc95664",1502078,"Jeremiah Owusu-Koramoah",1
"bb0ebc52-9b4b-46d6-af11-8453fd5b6a3a",1502078,"Myles Garrett",1
"51b6987a-f3a2-4376-b0f4-b84ea46b95ae",1502078,"Mario Edwards Jr.",1
"806d2cc3-ec34-4dbf-97bd-d05cb505355b",1502078,"Myles Garrett",1
"7965f93f-85ae-4b07-95ac-36359a8392fc",1502078,"Malik Jackson",1
"728b5ce0-6f4e-4a79-bc5b-c8ec5fcab0dc",1502078,"Khalil Mack",1
"bfff9823-176e-4ce4-91ba-932c1228d011",1502078,"Myles Garrett",1
"4cc96ca9-271e-42c1-965c-56e692f547c5",1502078,"Robert Quinn",1
"4ef9c27a-feb2-407f-b387-7d15fa0267d4",1502078,"Ronnie Harrison Jr.",1
"9e96551c-773c-4e60-b8b6-b62c981233b1",1502078,"Myles Garrett",1
"088a654a-ada0-4f76-8be4-8aa3805877fe",1502078,"Jadeveon Clowney",1
"2a0f057d-2490-43df-8d71-19586c7a0295",1502079,"Chuck Clark",1
"c268f5ae-b331-4682-873c-56588415551d",1502079,"Tavon Young",1
"e4b66880-8654-4eb3-aa26-b2e5dc2c00c9",1502079,"Austin Bryant",1
"b2e70a0d-b141-44b5-8b59-84fe79fc8feb",1502079,"Alex Anzalone",1
"fd8c79c5-a3f5-418a-a2b5-448af0aab4e6",1502079,"Charles Harris",1
"1f6fc3c1-374d-4d0d-8f21-eb6519c327c0",1502079,"Romeo Okwara",1
"7a0983d4-5422-4130-b79f-0cc19455854f",1502080,"C.J. Gardner-Johnson",1
"2ca0222b-948e-4f9e-ab46-a32cc8dc8523",1502080,"Matthew Judon",1
"d7ec4190-e0b1-4b57-90eb-dfb27e7684e4",1502080,"Deatrich Wise Jr.",1
"e8eb5a15-a2fb-458f-80f5-24cff353db44",1502080,"Tanoh Kpassagnon",1
"afc84d19-029e-4c53-bdd4-80411a0c25d1",1502081,"Markus Golden",1
"265dc6cf-457e-454b-9b71-862cbb4e0889",1502081,"Jordan Hicks",1
"915413d0-4481-4ddb-9f49-5e531e408a8c",1502081,"Jordan Hicks",1
"2713e4a8-6f25-44d5-90a5-0ead4b180af5",1502082,"Star Lotulelei",1
"c250ab09-f47e-4775-8989-982112af249c",1502083,"Quinnen Williams",1
"831fe4ee-32d6-400b-81c0-f15e67bdaf3c",1502083,"Alexander Johnson",1
"ad7034d0-ce52-4230-b9e2-17798961de8b",1502083,"Shelby Harris",1
"fd14fea6-69af-4308-8282-cb26727a15c3",1502083,"Von Miller",1
"f852cc5f-0da7-468f-afd4-6a717d979572",1502083,"Malik Reed",1
"b0b0f2f6-8ff9-483f-a78f-305da1a8ae54",1502083,"Sheldon Rankins",1
"965f17f6-0ab4-431d-9cb6-4f5abccd876f",1502083,"Alexander Johnson",1
"58f82deb-5a17-4f9b-bb02-e53a9470d53b",1502084,"Christian Wilkins",1
"9724731e-29dc-47a8-8a3f-af50f6064871",1502084,"Brandon Jones",1
"ccb45970-f967-48aa-8bb4-b232c426de59",1502084,"Carl Nassib",1
"e4943c53-7ced-4afe-b335-910153450781",1502084,"Yannick Ngakoue",1
"710b86b6-794d-471c-a053-379f28bb0f16",1502084,"Brandon Jones",1
"3c9f0032-c591-4301-bf9a-327b06bfa30a",1502085,"Kentavius Street",1
"b3c8fc2c-9f4a-45ac-b514-32ba5452487e",1502085,"Arik Armstead",1
"089963e8-f1b8-4ffe-9c89-c64d152d57b8",1502085,"Preston Smith",1
"5d0b0e8e-f444-4922-aa95-da5aa0a87fa6",1502085,"Rashan Gary",1
"c358994a-3fc6-4074-a104-62da031ee681",1502085,"Adrian Amos",1
"f304e26a-940c-418c-94c2-b94855a8ebd7",1502085,"Kenny Clark",1
"f38b0c46-ddb8-4af0-89af-03d814507021",1502086,"Rasheem Green",1
"0aba07bb-37e4-4069-a158-10bf13bd7475",1502086,"Jordyn Brooks",1
"c4b35e49-8d4b-4ae5-b563-2ecf56a4cdae",1502086,"Everson Griffen",1
"69850249-9f1f-4511-8b7d-c904c087de15",1502086,"Eric Kendricks",1
"d715166f-fc38-4bc3-bc39-4c17684d0534",1502087,"Dawuane Smoot",1
"f2540e3a-60dc-4b2e-9ced-2442efe9d23b",1502088,"C.J. Mosley",1
"e442505e-fea4-4b29-9f1e-fb1df4902190",1502088,"Quincy Williams",1
"722a60b1-6553-45ff-becb-8c09ccace4da",1502088,"John Franklin-Myers",1
"95815d5e-7ce8-4912-9e0a-db8b296bb2eb",1502088,"Harold Landry III",1
"f0f14251-bf94-4dbb-82b3-884f6de29e3c",1502088,"Bryce Hall",1
"4e822671-ca27-4452-b27b-80afc0e7b761",1502088,"Quinnen Williams",1
"2ef503d0-4017-4cca-930a-3112407dc72d",1502088,"Quinnen Williams",1
"c0e3374b-714e-4f62-8068-c39719990cac",1502088,"Bryce Huff",1
"09234902-c067-4b8b-8547-9b8ba8dcc5e8",1502089,"Josh Sweat",1
"2cd3d614-2b92-4787-8e9d-dfa1f50123bd",1502089,"L'Jarius Sneed",1
"c6657723-495b-408d-b70e-30b2eb2dc675",1502089,"Javon Hargrave",1
"d03a1a37-6d95-40ce-9cca-be549e9848cf",1502089,"Mike Danna",1
"e4989d52-b78b-4514-91e3-ea230158abc5",1502089,"Mike Danna",1
"64fd81a9-e995-4b1c-8e21-5e240a5cb88c",1502090,"Randy Gregory",1
"e06aeede-5832-441c-b205-eda1a675a7be",1502090,"Randy Gregory",1
"46047a48-a848-40b6-8fe6-b1a3eefa8fe3",1502090,"Tarell Basham",1
"88f31078-662d-44b1-8a49-d009608e5d3e",1502090,"Chauncey Golston",1
"9de6eba7-505b-49c2-b6e4-ca1e7cbdf3d2",1502090,"Micah Parsons",1
"b78edb20-0e07-4201-99bc-cc317a902ad3",1502092,"Everson Griffen",1
"0ceab49c-6151-4622-b00f-460d09936bf7",1502092,"Danielle Hunter",1
"dbccb84f-b00b-4e51-bff6-81a7c43cb9f9",1502092,"Takkarist Mckinley",1
"85f7784c-ce6d-4cf0-af81-88c04020cf1b",1502092,"Denzel Ward",1
"d079305a-29a7-4075-a287-c3ba25e2314d",1502093,"Robert Quinn",1
"9767bed7-f6eb-444a-a46b-7583944fb681",1502093,"Khalil Mack",1
"3437fe0d-45d6-419b-b1a0-ae750c7f309b",1502093,"Trevis Gipson",1
"05bf7870-68ff-4a94-98d8-adbe8481fd6c",1502093,"Charles Harris",1
"90a79843-0b0b-405a-bd69-fda19c86da1f",1502093,"Roquan Smith",1
"b1f968fd-9d91-4f3a-a90e-5f55f4631c56",1502093,"Trevis Gipson",1
"9a7089cc-df90-48d5-bd84-36bd428f03c3",1502094,"Matt Milano",1
"b810771d-ff26-4eb1-8f47-9addc07c3946",1502094,"Boogie Basham",1
"5545b6a8-7771-458d-b01a-29dadb54fa5a",1502095,"Emmanuel Ogbah",1
"93b7a734-fc4b-490a-a107-2058064adc92",1502095,"Kemoko Turay",1
"efd2b235-d06d-49f8-9f78-649ed370f4b0",1502095,"Sam Eguavoen",1
"3b902632-96d9-4dbe-a537-e03a621b245a",1502095,"Kemoko Turay",1
"39fbf0ff-5cf4-4029-99ab-8e8864d35690",1502095,"Grover Stewart",1
"eaa1d259-3585-4fe3-9b67-cfda13b4d653",1502095,"Emmanuel Ogbah",1
"3c38d960-5936-44e4-b632-fd166c3d8afc",1502096,"Foyesade Oluokun",1
"7481702b-4c78-47e0-a660-fbcd638ecbe1",1502096,"Montez Sweat",1
"649263b3-d2eb-4336-b9fc-b79f398b58d3",1502096,"Chase Young",1
"c0848c91-863e-40ef-9400-b5ed3b158220",1502097,"Dee Ford",1
"71073767-38c2-44fb-9ce4-78cffb9b4cb9",1502097,"Nick Bosa",1
"4479ef8d-b676-4986-9262-20289cc369b4",1502097,"Jordyn Brooks",1
"7658500a-15e7-4ded-95c6-3da2d121a4a2",1502097,"Javon Kinlaw",1
"45425d34-4ea5-4785-b075-5ca7dc704e8b",1502097,"Darrell Taylor",1
"f97859bb-4d00-42f2-b512-212e7955006c",1502098,"Leonard Floyd",1
"c6107f4c-d769-4ece-9e90-fd4a704094ad",1502098,"Terrell Lewis",1
"3e07c211-8fce-4e6d-b83a-f574537e9092",1502098,"Leonard Floyd",1
"d2382f44-042f-4d73-bbd9-b501340595bb",1502098,"Sebastian Joseph-Day",1
"c1848344-3208-4b0d-8d0b-bbe962728723",1502099,"Devin Bush",1
"b4084a32-a954-4e6a-a30a-b052af3335aa",1502099,"Kingsley Keke",1
"a4c20515-b6ac-416c-b177-e5d5df303990",1502099,"Chris Wormley",1
"491a9dec-94bc-4554-b01c-290daea72aae",1502099,"Rashan Gary",1
"171572fc-0d67-4eb7-8d10-94e98ede58b5",1502100,"Odafe Oweh",1
"2af36e0f-888b-494b-af6b-058b8a3c453d",1502100,"Justin Madubuike",1
"8ee46d32-8db4-471c-8d44-972be8392a0a",1502100,"Tyus Bowser",1
"de73d8b5-66c7-4815-8d69-8e56fbb1b658",1502100,"Caden Sterns",1
"635d8b2a-1866-4519-b6af-a0b9b31a5f71",1502100,"Von Miller",1
"26d599db-6739-4a44-94ae-04f960e32761",1502100,"Justin Houston",1
"5526f2aa-3209-46a6-a72b-fe7773fd9370",1502101,"Joe Tryon-Shoyinka",1
"f0fa0042-be7a-4524-b69d-9a77891b2314",1502101,"Matthew Judon",1
"2b179698-1be2-4f95-b5cc-e45e8bc82516",1502101,"Shaquil Barrett",1
"72f4c844-ffb0-4281-ba99-76dd73ad4649",1502101,"William Gholston",1
"0cb9edb5-f1a8-479b-b790-dca181945d91",1502101,"Joe Tryon-Shoyinka",1
"7c3c1254-3475-4e5c-aafb-2651f223c2ae",1502102,"Darrell Taylor",1
"70c8bb9a-1a42-46ed-b1b3-2a54010e639f",1502102,"Terrell Lewis",1
"6c90a616-a954-4660-af04-d2bc478c59b6",1502102,"Aaron Donald",1
"faec3542-351b-4d12-b632-a5e94ca25153",1502103,"Adetokunbo Ogundeji",1
"da4c387f-5f8a-40c2-a4b0-f5334f2fc522",1502103,"Jacob Tuioti-Mariner",1
"62ab781e-797c-4250-88e8-abb49fb0bcc6",1502104,"Everson Griffen",1
"3bf8749a-baa0-4ac4-8166-2d3ed98108d1",1502104,"Everson Griffen",1
"c7647d2b-5d67-4571-aff0-6d2faa37485b",1502104,"Trey Flowers",1
"6134f57c-46df-4ed7-8519-c06e4df23f23",1502104,"Charles Harris",1
"54caaff3-51bb-43e0-b907-1d2ba401fad8",1502104,"Danielle Hunter",1
"ee2563d5-1754-4ec8-b60e-e46f4a827ee7",1502104,"D.J. Wonnum",1
"a5733e7c-8855-4445-9fba-978eff33fd73",1502105,"Carl Granderson",1
"97d81f2c-6e52-4139-b749-6f206a48185b",1502105,"Daron Payne",1
"93d6dd1b-da87-4139-9987-fdfa3e89c9c9",1502105,"Demario Davis",1
"b8779ddb-273d-4324-8954-907dd4a27641",1502106,"Javon Hargrave",1
"3a7de7fd-63a0-4ca9-9254-33217a668e16",1502106,"Josh Sweat",1
"0686aac4-9f69-49ab-8e58-aed04526023a",1502106,"Fletcher Cox",1
"fe3d0952-8b9a-4eb9-8f6a-9d61c1f8bfa7",1502106,"Haason Reddick",1
"d719636b-106a-412b-aee7-e27d8a70ddab",1502107,"Dawuane Smoot",1
"7e0aacfd-465d-4b5d-8b07-fdefb58848f4",1502107,"Harold Landry III",1
"f44da518-c3c2-4959-9f76-80c89107f773",1502107,"Harold Landry III",1
"3ba78cb9-fdf9-4485-8325-48244057975a",1502107,"Josh Allen",1
"2e23e0b5-dbbc-497f-9ce9-20af4276765a",1502107,"K'Lavon Chaisson",1
"ffefb2a4-b238-42d3-9aad-66760e674346",1502108,"Leonard Williams",1
"eba33061-c12a-4f1c-b2d8-39511ad07ffe",1502108,"Austin Johnson",1
"510439bf-0137-4df6-8846-9baa76941c02",1502109,"Greg Rousseau",1
"32d805ee-db09-4678-980b-141c85521056",1502109,"Boogie Basham",1
"31e1a305-916a-484e-8d85-0a951356ebca",1502110,"Jordan Hicks",1
"2ac1e753-cedb-4f9b-924b-49cdc33ec71a",1502110,"Markus Golden",1
"426fd8e8-f9ea-4657-a915-7c3041c1b54d",1502110,"Jadeveon Clowney",1
"c3fb5593-8e2a-4c07-9172-368bc2959e82",1502110,"Myles Garrett",1
"d8a23468-354a-4494-822a-2a3704b3fc4f",1502110,"Markus Golden",1
"3a2a0fff-d4ec-4b04-8950-cc523b9d3a05",1502110,"Jordan Hicks",1
"6fbfd332-fba8-4138-9ddb-1001875fa03a",1502110,"J.J. Watt",1
"dc7b70ce-9f69-426c-9d28-f8654af12b6c",1502111,"Harold Landry III",1
"a27eefd1-343f-4e2b-bd02-5d13f16b7cfb",1502111,"Harold Landry III",1
"ee910363-8c02-45c6-a794-3094cc3cecf0",1502111,"Jeffery Simmons",1
"6c6cb809-fee0-4b1e-87ca-4513eb9bfea7",1502112,"Shelby Harris",1
"f3d49234-b718-47fe-b43e-f3386283e338",1502112,"Myles Garrett",1
"01682de1-3341-426a-ac6b-e043c6020153",1502112,"Myles Garrett",1
"c7b3d525-7c27-492c-9b7c-7fdd3e238fd5",1502113,"DeShon Elliott",1
"55bfae02-eb94-4162-92c0-9ffb0134035c",1502113,"Linval Joseph",1
"bd511bd3-67c9-4104-80d0-d37b5431b2e2",1502113,"Joey Bosa",1
"51ea64be-3fa7-46d3-9b22-3ab8c2d9ef01",1502113,"Uchenna Nwosu",1
"c5a3f7b9-2953-4b55-9a53-c7b8f746e5fa",1502113,"Justin Houston",1
"f5e8b328-85c3-4200-b4e7-cf406db12bef",1502114,"Bud Dupree",1
"749d385c-2deb-40af-87cf-e4099792f229",1502114,"Ben Niemann",1
"9fbddff0-cae5-4fb1-8ffe-8852cbac6d71",1502114,"Denico Autry",1
"6a9e335d-4c06-40e5-a3ae-80a2eab5afaf",1502114,"Harold Landry III",1
"c2792403-1b0c-4c08-a919-04fbac6e3365",1502114,"Denico Autry",1
"b03b86aa-16ca-45d9-b656-d279f94a53cb",1502115,"Montez Sweat",1
"a2dbbc50-b3b0-4fd8-a6a4-fe27a9c504ba",1502115,"Jonathan Allen",1
"bf960211-6a3b-44c1-bdba-fe42ac370924",1502115,"Jonathan Allen",1
"58cc6c09-8d02-410b-9681-e0c63851b071",1502115,"Rashan Gary",1
"53e0dbe0-e640-46e5-8faf-beb13ddc83f5",1502115,"Kingsley Keke",1
"80512a3d-349e-4135-954e-c23a179b1e4f",1502115,"Kingsley Keke",1
"bc40c5ef-6f70-48f9-a8fd-ca9f024657ba",1502115,"Dean Lowry",1
"6b8d9f3d-dd65-4dd8-9f02-b63da0dfed8a",1502116,"Jevon Holland",1
"eaa4f6e4-e5c1-48d5-9752-78b361775970",1502116,"Deion Jones",1
"3b6bbb39-fdc7-4eca-8a2d-6f30cbb425a3",1502117,"Larry Ogunjobi",1
"e901cc9e-8eb5-49bb-89de-95e19e0f3765",1502117,"Larry Ogunjobi",1
"eb1a3c98-dd1e-4481-9483-43cf796dfd46",1502117,"Sam Hubbard",1
"274f58de-955b-4389-aba9-8d7c063cb22e",1502117,"Trey Hendrickson",1
"87fb823f-98bd-4ec2-976c-28930704e2bd",1502117,"Sam Hubbard",1
"d09d9634-3023-481c-be6c-53a731d6e547",1502117,"Tyus Bowser",1
"fb1b5564-cb11-4735-bffa-798cbc904dc3",1502119,"Maliek Collins",1
"e429133e-be6f-47eb-b239-3523874cf9cf",1502119,"Markus Golden",1
"45e8cd65-56b3-4532-8407-9440cb9556f7",1502119,"Demarcus Walker",1
"b45ec1de-148c-4ee6-bfbb-6504160daea0",1502119,"Markus Golden",1
"34881885-ff45-4d9b-8e2d-19012855282a",1502119,"Maliek Collins",1
"0cce90dd-dc3d-4f11-87d9-d22b941c4c78",1502119,"Jonathan Greenard",1
"310053af-c411-42c4-b73d-430c9d40db60",1502119,"Jonathan Greenard",1
"c9715040-7b17-443c-ac87-6d6700224392",1502119,"Devon Kennard",1
"1eb6899a-74de-4f3d-83a3-280b5da905b0",1502120,"Antoine Winfield Jr.",1
"86cefc5e-cb88-4461-afcf-aba1b0c3015c",1502120,"Shaquil Barrett",1
"17f5884d-940f-4ac3-84c0-5215ecc3ce27",1502120,"Jason Pierre-Paul",1
"03289d7a-ad55-4e47-b49b-46d70723351a",1502120,"Jason Pierre-Paul",1
"6286a884-6186-4b62-b756-fc230b019d1b",1502121,"Nick Bosa",1
"53bd13f6-d550-4635-8c99-20da213e0f3d",1502121,"Al-Quadin Muhammad",1
"af63af30-4c46-4adc-b5e8-478cf8a78cce",1502121,"Deforest Buckner",1
"8b9763b6-cd6d-461c-baf0-4a7fee9e2919",1502122,"Kerry Hyder Jr.",1
"0080a443-513e-436a-8520-3301b49cb454",1502122,"Demario Davis",1
"2061ccdf-49db-4258-8090-2ac4d80e62bf",1502122,"Cameron Jordan",1
"76021afc-7516-424a-8efe-da34b2e98423",1502122,"Tanoh Kpassagnon",1
"08f812d0-47f8-4ce2-bc30-6e40a0085f48",1502122,"Bobby Wagner",1
"3548c2fe-e728-4334-acce-690d1be07213",1502122,"Malcolm Jenkins",1
"58acf188-5187-4d23-a572-a5520e2f396a",1502122,"Demario Davis",1
"ac8b694d-155c-408c-a4b5-cc152be41c98",1502123,"Quinnen Williams",1
"41af1026-b7c0-472f-8229-f1a85b67bf84",1502123,"Jabari Zuniga",1
"02cc0248-8236-41a7-b91f-0667480e54b0",1502124,"Harold Landry III",1
"b3345ab9-57b1-467a-8c29-c17b4b1cf8fd",1502124,"Tyquan Lewis",1
"5a0fcc5d-b37c-41fd-b142-f18aa85f41aa",1502124,"Denico Autry",1
"5fd7abdc-3cb7-4e9a-938d-8a4ecd13754f",1502124,"Kemoko Turay",1
"76aa94c9-9f14-4944-8823-6a55349c533c",1502124,"Deforest Buckner",1
"71b73313-abc5-4e78-9e9e-b77d6224ce65",1502125,"Aaron Donald",1
"5c98481c-36cc-491e-a6cf-b5cd870ff2e9",1502125,"Leonard Floyd",1
"6506fdec-3672-4eb0-9c52-0e0e719ccb5e",1502125,"Leonard Floyd",1
"b40adc7e-5cd3-435b-bc42-40b54391985f",1502125,"Leonard Floyd",1
"ffa5cf49-1334-4920-aae3-767cfe79bf1b",1502125,"Jonathan Greenard",1
"e311ff5b-6859-4ccc-9cda-e91cd0a4f619",1502126,"Alex Highsmith",1
"716b3ba3-4486-4383-95df-d7dd42fd3088",1502126,"Malik Mcdowell",1
"2a3741e8-5feb-4b8e-87b9-4104764f0699",1502126,"Myles Garrett",1
"8da32e31-2385-4f43-82c9-67acfbdeda2b",1502126,"T.J. Watt",1
"45c6161b-e5f7-445c-b657-780c0797accb",1502127,"Josh Sweat",1
"5b2cdd70-666a-4c20-93df-69d22c5c6d51",1502127,"Dean Marlowe",1
"3ae95926-d30a-4fd2-9f1a-6ddd7ed904ff",1502127,"Josh Sweat",1
"c9cc39c3-25a2-47e3-b539-3662302bd2eb",1502127,"Derek Barnett",1
"c7329f32-3d45-4710-87e4-19a60cf9f477",1502127,"Milton Williams",1
"ff0cf42c-2ac0-4750-a71c-8fb4732961eb",1502127,"Hassan Ridgeway",1
"631f977f-a4b0-4314-84ac-90248c03f051",1502127,"Tarron Jackson",1
"d546af8d-a962-41d2-920d-9f5bddcc55e9",1502128,"Nick Bosa",1
"bf1fe3bc-96d4-4cad-af68-89b933c7c863",1502128,"Nick Bosa",1
"a1986706-e3a7-429c-afee-a5f3e7f12ed1",1502128,"Marcell Harris",1
"41d129a2-aff6-4aa7-ba82-7c91234304c6",1502128,"Samson Ebukam",1
"bd2f6d49-fe16-4c0a-9264-fc2d40cc9105",1502129,"Haason Reddick",1
"d897d62a-7c78-4af1-8bcc-bdd0220687c7",1502129,"Frankie Luvu",1
"232cbb1b-259a-4368-8abc-0335a9ff22a9",1502129,"Yetur Gross-Matos",1
"c16f5d2d-d813-47ee-b1ff-d2cf0e3abd09",1502130,"Mario Addison",1
"2fb34306-f8af-4536-82ed-48afe6843306",1502130,"Ed Oliver",1
"f8808630-1470-476d-810f-b967dba45036",1502130,"Jerry Hughes",1
"b092a511-9e49-4e7b-a90b-d67005ccdc47",1502131,"Ryan Neal",1
"60e2a2af-dc72-417e-8725-5ccbb94ec395",1502131,"Josh Allen",1
"f40b82d1-7c21-48b0-b3c1-973fa9ae65f1",1502131,"Dawuane Smoot",1
"861b8c01-d414-4952-a842-222a0d664ea7",1502131,"Josh Allen",1
"8aa35a8c-6408-47d0-a5ef-faefa1b2c30f",1502132,"James Smith-Williams",1
"317fc146-9048-4d79-945b-bca14fde3c8b",1502132,"Landon Collins",1
"2d0bd2b2-39d5-46ac-9e08-a10555259e95",1502132,"Shelby Harris",1
"68c4a564-5e97-46a0-abce-0936ed1cd77b",1502132,"Stephen Weatherly",1
"09300d4f-051a-435c-8dd4-0e1cf2e5b0f7",1502132,"Dre'Mont Jones",1
"f96b260d-132b-4863-9bbf-58665a21c313",1502132,"Casey Toohill",1
"29e7fd8d-47c0-4f06-9deb-924e71b5f4b5",1502132,"Jonathan Allen",1
"69cc7ac8-7837-4dad-bf00-3c86d68318f5",1502132,"Malik Reed",1
"e4830a74-5279-4c64-82a7-75dc48c7dfce",1502132,"Malik Reed",1
"62f6fa92-cd45-466a-bcc7-a213474582c7",1502133,"Cameron Jordan",1
"e43887cc-81b9-49f4-b987-868d1bdaae0e",1502133,"Ndamukong Suh",1
"02fe6242-2b09-42f9-90d6-220db4fb360b",1502133,"Tanoh Kpassagnon",1
"0559aa29-6905-49af-a7c0-8ac1a7eb6bf4",1502133,"Kwon Alexander",1
"76c557fd-f5ab-4713-b1d6-a987601215fa",1502134,"Eric Kendricks",1
"c16a5b61-b597-4b10-8b82-27586ab55c61",1502134,"Everson Griffen",1
"a0bb2224-4885-4c96-9b16-ec59d2c3ae35",1502134,"Xavier Woods",1
"10c54e5c-7614-4261-ae6c-497de3ad7079",1502135,"Derrick Nnadi",1
"30185794-b298-43c8-8566-dc34e95119d7",1502135,"Quincy Roche",1
"11fd2925-452e-43ad-baa9-b4b304d4827c",1502135,"Keion Crossen",1
"cc4d6e49-8e86-4b99-9371-a950e989955f",1502135,"Chris Jones",1
"b246d130-2267-4930-9de1-2f3788012eb0",1502135,"Frank Clark",1
"bcf3e4fe-04fc-4d82-908a-c37a72abb10a",1502136,"Taylor Stallworth",1
"0f6b4f40-de05-4324-a37c-8ad37ce0d123",1502136,"Taylor Stallworth",1
"2682b582-35bf-4402-ae8f-03766e54db5b",1502136,"John Franklin-Myers",1
"eb8b1ac1-1816-4d53-b3d9-abbf35b2ea2c",1502137,"James Vaughters",1
"05b8a994-2500-4756-b172-38e8ac63e894",1502137,"Cameron Jordan",1
"50852f5e-653e-491b-b380-2fdbddc7147e",1502137,"Marcus Davenport",1
"d7f13f44-9ccd-4074-bc97-bd1222ebaf25",1502138,"Carlos Watkins",1
"9958b497-60fe-4827-9f01-f92011f17fca",1502138,"Micah Parsons",1
"a13caf50-0e8a-4729-a3d0-c88d1f9b83f1",1502138,"Jonathon Cooper",1
"2c96f2ae-8a48-40ae-90f2-b313b2130850",1502138,"Micah Parsons",1
"af4c94eb-9559-49cd-8d47-4402399913eb",1502138,"Micah Parsons",1
"150a5678-f9a7-4f86-9cf0-a4755fef90fa",1502138,"Jonathon Cooper",1
"fb6f9d90-5b9e-4118-907a-89f8cddc0838",1502139,"D.J. Wonnum",1
"0a11e33c-43a6-42bd-89ba-ed3dc05470fe",1502139,"Sheldon Richardson",1
"40a58cd7-84ef-4231-97a9-fe0784630d21",1502139,"Armon Watts",1
"c8ab6e45-4b1f-4ff9-a70e-717cd7d7bbff",1502139,"Kenny Willekes",1
"83bca4cd-57fb-4e2c-bae2-79ba6dc97425",1502140,"Troy Hill",1
"d363d90c-7de7-4a76-8411-610c03e98e5e",1502140,"Sheldon Day",1
"7da55177-ab47-40ee-b4ce-c4d55a0e8269",1502140,"Trey Hendrickson",1
"8e74e464-4d8c-4695-8e5e-9af695ba8182",1502140,"Myles Garrett",1
"4e75400d-31d3-47f5-bb41-4033d52d8e9b",1502140,"Troy Hill",1
"d79d4fd2-99c1-4976-a2dc-f3028e0e6f1a",1502140,"Sam Hubbard",1
"80d69d99-1395-45a0-b940-71e8ae2c2e04",1502140,"Anthony Walker Jr.",1
"c272e437-a9a3-450d-a345-04c8976e407b",1502141,"Joey Bosa",1
"6b6fa485-d705-49c9-82ac-3a1613dc4267",1502142,"Mario Addison",1
"c33916fa-a49e-4988-9a15-f4ac848af2ad",1502142,"Taven Bryan",1
"29b563be-78b9-420e-aa1e-5758863e4f6a",1502142,"Josh Allen",1
"549e1125-0e0e-4775-a921-5710a03f31f6",1502142,"Taven Bryan",1
"6d2db3ca-acac-4757-8a1a-f29adb7b6c26",1502142,"A.J. Epenesa",1
"ce4a5805-7197-439c-a9ac-82d7693946fa",1502142,"Dawuane Smoot",1
"ac91dcb7-c0e8-4c83-bba7-b056dab00c38",1502143,"Nik Needham",1
"6968fb6e-9f73-491d-b430-b12d9e7795a0",1502143,"Roy Lopez",1
"c6b28202-a88b-4ba0-bd6b-1ca4dc4432fa",1502143,"Andrew Van Ginkel",1
"183d0881-0097-44fa-955d-12c5f9e2c38a",1502143,"Jordan Jenkins",1
"189e58fd-bd1f-4d14-b449-a6a002e16352",1502143,"Emmanuel Ogbah",1
"17e54ae5-91f2-4743-abc8-1a2d03ba47dc",1502143,"Jordan Jenkins",1
"6e9e5812-1335-4210-abc4-a8d0e876c2e4",1502143,"Emmanuel Ogbah",1
"e2c7a370-5df9-496f-a1e7-f26735541410",1502143,"Jacob Martin",1
"18eeb67e-14f1-4732-98ca-83694aedf76a",1502143,"Emmanuel Ogbah",1
"935b546e-662f-4ba8-84e6-5a2a093e9ed0",1502144,"Odafe Oweh",1
"c2bdb697-7431-4445-b1d6-01f729c8297a",1502144,"Jaelan Phillips",1
"0db4fb90-db0a-4b9f-8ec8-4fa9fbae789d",1502144,"Chris Board",1
"a69decc9-c913-493f-a616-9b33e99b17bb",1502144,"Justin Houston",1
"7b597dcd-bce6-49c4-bb1d-544d29432562",1502144,"Brandon Jones",1
"7b58692f-738e-432a-9a2f-79db99436ac1",1502144,"Elandon Roberts",1
"e696d10c-82ec-4fb6-b18d-fae02451ad21",1502144,"Jevon Holland",1
"abcf2af4-6dfe-4c4b-8ed0-356b58ad0558",1502144,"Patrick Queen",1
"c38650c7-2e99-42a2-a568-42f73f7b9d34",1502145,"Myles Garrett",1
"b0342d35-e7ba-4f7b-aeef-4bb5c50e3442",1502145,"Deatrich Wise Jr.",1
"677a66e1-6d2a-4d22-9916-919b8b729913",1502145,"Malik Mcdowell",1
"f7efa13a-4e5f-42e4-a8e0-79d10e23fbe3",1502145,"Lawrence Guy",1
"ee076193-90bb-4b2b-b158-4b75e6e25102",1502145,"Matthew Judon",1
"7d95508d-3ce0-4459-9fb1-f33732986a18",1502145,"Kyle Van Noy",1
"e7782058-fb9e-48fe-bb53-9b07d4a3b08f",1502145,"Tashawn Bower",1
"4e724a30-2a09-48b7-b615-c1b24acd7123",1502146,"Robert Quinn",1
"d2e194d9-cc47-4437-82a7-8ea3de21343a",1502146,"Robert Quinn",1
"74f2ae05-827c-413f-b333-ef727c573305",1502146,"Kindle Vildor",1
"877bdd56-4e83-4b84-8be5-cead1c7fe200",1502146,"Tyus Bowser",1
"0c9c55a6-895a-473e-a9bd-d87dc2192d89",1502146,"Justin Madubuike",1
"65f1441c-3ed1-4c63-817e-e47fc9126c96",1502146,"Eddie Goldman",1
"16232a0a-9662-48fd-b413-5ea67a010aee",1502146,"Trevis Gipson",1
"950578f6-9ce5-4a14-8af1-13d983c6be19",1502146,"Robert Quinn",1
"8b4741fe-c0fe-4c21-93c2-582dd699a091",1502147,"Myles Garrett",1
"595d3da4-72d3-44a6-95db-18724227afda",1502147,"Odafe Oweh",1
"61a94f7e-32f3-4557-a0d3-b7c92d1446ff",1502147,"Chuck Clark",1
"72008c22-26a5-43dd-ac9d-da025ba6ec11",1502147,"Jeremiah Owusu-Koramoah",1
"f08b4036-3392-4186-9fb4-6a4170fd1722",1502147,"Tyus Bowser",1
"376cf309-04a1-41d5-9408-604262d5b2fd",1502148,"Will Harris",1
"3cdfdd2a-1b63-4622-ac1e-4a231c2211e9",1502149,"Troy Hill",1
"12b63411-4345-444d-a77d-8454a99c4c99",1502149,"Myles Garrett",1
"38c3a4bc-4287-4a5c-8c6f-22b118d61203",1502149,"Broderick Washington",1
"3fddc7b5-6d76-40d8-8898-2f3fb1d7ea97",1502149,"Jadeveon Clowney",1
"352e71f8-9392-482b-b9dd-8c6710acc120",1502150,"De'Vondre Campbell",1
"31ddf54a-30c1-43d3-98d4-06fa9591787f",1502150,"Justin Houston",1
"4c4a386b-6648-4753-984c-f9117088a4da",1502150,"Josh Bynes",1
"62849f10-3458-46c0-a9eb-391c5a0b0116",1502150,"Justin Madubuike",1
"c16ae3d2-b10b-4f38-990f-2faad32a9f80",1502151,"Sheldon Day",1
"10a499cd-eb2e-40de-8af2-b3e08945f4fc",1502152,"Tony Jefferson",1
"4e3152f6-de1a-4b2a-af10-6facfa38923c",1502152,"Trey Hendrickson",1
"08454841-a960-4b96-98d8-f194f5497e21",1502152,"Isaiah Mack",1
"ab6cae7f-2e66-46bc-9925-687b7adfacae",1502152,"Broderick Washington",1
"0eeac9cd-b213-4f1f-810b-1d7932401851",1502153,"Rashan Gary",1
"b84e773f-56e4-4100-b642-ac267a77d049",1502153,"Rashan Gary",1
"2f3dbe16-0b9c-42f3-8290-c9c22ea5161a",1502153,"Preston Smith",1
"8388b036-683f-4aaa-bcf4-df4d22985dea",1502153,"Dean Lowry",1
"6af19101-c5c2-410c-9a69-2a805ba746e8",1502154,"T.J. Watt",1
"66ab9d7a-58f2-41b1-9b09-f2d7c6cc0361",1502154,"Jadeveon Clowney",1
"66ab9d7a-58f2-41b1-9b09-f2d7c6cc0361",1502154,"Sheldon Day",1
"7af9f145-fcb3-4156-a19c-d3427035de0d",1502154,"T.J. Watt",1
"0bb00d35-aeab-4b01-8ac6-6e39e4daaa76",1502154,"Cameron Heyward",1
"06e46525-f732-40b9-8907-5bf3334e3a8c",1502154,"Jadeveon Clowney",1
"417bbba8-f79c-4990-939e-12b3eb14f4a1",1502154,"Alex Highsmith",1
"f21dc42b-a0ab-430b-92c5-ef723a2ff103",1502154,"Derrek Tuszka",1
"220f6ce9-f6eb-4706-bf0a-5f79046d31f2",1502154,"T.J. Watt",1
"1b0c1162-d8d9-4dfc-b3eb-12f20036a11d",1502154,"Alex Highsmith",1
"6811ba5d-4d7d-40ba-97e1-0b005052442c",1502154,"Henry Mondeaux",1
"61ed83bb-d8fd-4554-a7ff-1f6da97d3b02",1502155,"Jadeveon Clowney",1
"fb447727-0ed4-4df5-9e23-4e84be8f8a85",1502155,"Jacob Phillips",1
"c0590186-2a36-4d87-9ce0-dc1919b25f54",1502155,"Jadeveon Clowney",1
"51068dc3-ce4e-48d1-af7f-8143446c55fa",1502155,"Wyatt Raymond",1
"8369e25b-f821-4a90-b99b-d2c07930928a",1502155,"Myles Garrett",1
"49edbda9-4403-4290-8112-247102a07065",1502156,"Denico Autry",1
"b2dc05fe-b1c0-43a8-8c41-af65cedd477d",1502156,"Jeffery Simmons",1
"59fe6109-c587-44a0-b2ac-4faafa32087d",1502156,"Jeffery Simmons",1
"9458986f-11a3-461c-b94c-ae8bf593adb9",1502156,"Jeffery Simmons",1
"dfecb227-4a7e-44b2-ad0f-ecd4c5e789d3",1502156,"Leonard Floyd",1
"d8c5a792-5f39-4d54-89db-9f9d79407588",1502156,"Greg Gaines",1
"a0605689-ebdc-4a02-b11c-310e83894a0d",1502156,"Denico Autry",1
"0e471143-626b-4ede-98ef-047f5cc70709",1502156,"Aaron Donald",1
"7e2e0659-eb20-4ad8-ba23-dae9ac6ddfe1",1502157,"Rashan Gary",1
"8490cefb-5318-4a99-b533-e343ce5e7a63",1502157,"Daniel Sorensen",1
"160fe21a-13cf-4d8f-8025-3dc62f095d19",1502158,"Markus Golden",1
"15591679-1a9b-40a1-9d2b-ee5c1bae3dc5",1502158,"Arik Armstead",1
"bee56f5e-f53b-49c0-9587-24bff0708e00",1502158,"Arik Armstead",1
"7fd6b90a-f455-4898-97df-484f1711541d",1502158,"Chandler Jones",1
"4b810de9-fd9f-49ac-8813-0f8ee3bea978",1502158,"Jordan Phillips",1
"dbb19dad-40f4-467f-b72e-c82d16619a95",1502158,"Markus Golden",1
"e9308b8a-2f74-4fdf-84f3-c73edbb96a6b",1502158,"Markus Golden",1
"cabece49-3a5e-4a80-94a0-67bb875d5215",1502158,"Arden Key",1
"d0cd1a23-b10a-4c88-9374-66ef068aced3",1502159,"Davon Hamilton",1
"6f17bbe5-1ae5-4569-95f2-c5b0f77fb78b",1502159,"Deforest Buckner",1
"3c1bac8c-a5a9-47d9-9daa-e6aa8602ccea",1502159,"Taylor Stallworth",1
"29cb61c2-efd0-4f36-8515-4b7ffcc63c2d",1502159,"Deforest Buckner",1
"79cc2a61-3510-4dbc-a714-dd74eb43d000",1502160,"Joe Schobert",1
"9db03e0b-0ba6-4783-9bb0-af719c731502",1502160,"Cameron Heyward",1
"640982d8-75f5-49a7-822a-533f9ef24cc1",1502160,"Cameron Heyward",1
"2bd9297d-d407-4879-9d42-edce2b2a11d3",1502160,"Terrell Edmunds",1
"5dec4762-89f6-4d1a-a90c-53b76c365565",1502161,"Shaq Lawson",1
"61a7f0db-c60e-48b3-921c-bfd59551b393",1502161,"Jarrod Wilson",1
"79db5b6c-3b90-45b2-adbd-cb6605ca1b92",1502161,"Efe Obada",1
"fe63fa23-447e-4a9f-b853-7dc77e480a21",1502161,"Efe Obada",1
"a7232d0e-93f7-4cfd-9daa-fd4793da3301",1502162,"Joe Tryon-Shoyinka",1
"b30fad93-bdc7-4e9c-a8b1-c274ac0bbab9",1502162,"Anthony Nelson",1
"c4fe51dd-ac0a-412d-8888-c89e31d3529c",1502162,"Devin White",1
"5706bddb-9e73-4fd5-8bbb-407a09c6f352",1502162,"Devin White",1
"9502ea98-79ae-4690-956e-19c6d377fb4d",1502162,"Vita Vea",1
"e514b8e8-a40f-44e1-b786-3b41f81ba96c",1502163,"Eric Kendricks",1
"5562e225-7e3d-49cc-8886-30e2934e1bd3",1502163,"Joey Bosa",1
"1ff59fb2-6f5a-4eec-a42f-32a8d8ced698",1502163,"Amen Ogbongbemiga",1
"5e58ab7b-b31d-478b-aca2-47f217810485",1502163,"Camryn Bynum",1
"82da01da-b432-4244-86eb-8d5bf6a3d6f3",1502164,"Haason Reddick",1
"a732a1c4-fd92-49c2-8461-a5feb364d9a9",1502164,"Shaq Thompson",1
"eed62d6e-0a2f-4b26-81d5-0e689e7bb193",1502164,"Morgan Fox",1
"fe3bfaf1-9b9d-4dcf-a6fa-69abac1151f2",1502164,"Marquis Haynes Sr.",1
"67bbfb06-4a06-435e-bb62-693e1c69b322",1502165,"Dre'Mont Jones",1
"4909a71a-3432-4278-b598-0e935da0d4c7",1502165,"Derek Barnett",1
"57e9d32f-8e78-4b52-b5e7-0e8f31888def",1502165,"Malik Reed",1
"24d833d0-87d8-460f-b519-9caf78b093f8",1502166,"Kyle Van Noy",1
"c35dee5e-b5af-43c5-8cea-ba6ef132b72d",1502166,"Kyle Van Noy",1
"9a55845a-db6f-4a73-9843-08de02089c3a",1502166,"Foyesade Oluokun",1
"b301e73c-ffda-43c4-b66b-47a21715b15f",1502166,"Matthew Judon",1
"0c5ef6c3-5bf7-482e-9ffd-b280fb6ed046",1502166,"Darren Hall",1
"584e31f9-dd4a-4a90-8906-d1c301cdc264",1502166,"Davon Godchaux",1
"8a6106c6-2f1d-4d32-8240-0967eafc0b49",1502166,"Erik Harris",1
"f47b06a3-2b7d-477c-a721-325937bac780",1502167,"David Onyemata",1
"28aad08c-73cd-4f3e-aea5-6896a67cea41",1502167,"Cameron Jordan",1
"4c901a05-0e46-4f36-a0e7-8131f59787b1",1502168,"Brandon Jones",1
"d7707867-d310-4de1-8a30-45480eec440c",1502168,"Jaelan Phillips",1
"fe573df0-91a6-4a1b-a50f-5190b6be277a",1502168,"Quinnen Williams",1
"e0e9c618-f5ac-47f4-adb8-3c2078edfc97",1502169,"Kwity Paye",1
"2e91c5f6-389d-498a-86c0-b19e0155ed32",1502170,"Josh Allen",1
"4c914c7f-6906-4f42-9993-6c30e821e618",1502170,"Damien Wilson",1
"fc027f44-4311-4470-8db2-4e883e10b63c",1502170,"Malcom Brown",1
"8a382afe-0b2f-4495-b4f5-d415e2e2b124",1502170,"Nick Bosa",1
"00f65295-e4d2-4595-8b4e-bfad5485f70b",1502170,"Nick Bosa",1
"7d7b2a81-7eac-4731-a6e2-b5e1fdbc54e1",1502170,"Roy Robertson-Harris",1
"2f1ebea6-cab0-47a5-823e-889e7ed321f9",1502171,"Ross Blacklock",1
"611cd715-675e-46d5-932e-dfb3ad4af92b",1502171,"Jacob Martin",1
"9563aba9-699a-4c50-bf7e-de95c5af6b10",1502172,"Preston Smith",1
"b00e8c14-c939-4ecd-8e0e-604520089d96",1502172,"Everson Griffen",1
"797c58ef-bab3-4ea6-b80f-4eac6b26b49d",1502172,"Preston Smith",1
"b3ee4183-4298-4e08-92a4-4c0361917fda",1502173,"Milton Williams",1
"b5936c2a-9d6d-4705-b59b-4707daba8ab9",1502173,"Austin Johnson",1
"8b78b794-f792-4700-9407-6a8c8eb1cd49",1502173,"Javon Hargrave",1
"1a419416-6a3e-4e6a-9d17-cc186bd079eb",1502174,"Brian Burns",1
"ac582e79-ea02-4134-a623-5e7b90786201",1502174,"Phil Hoskins",1
"b45095a9-9cac-46d8-8885-daa1dc0b7c2b",1502174,"Jaelan Phillips",1
"44321909-e3b2-4afb-9d50-189780d6e9d4",1502174,"Emmanuel Ogbah",1
"e62b428a-8d21-4714-ae01-c68d1175f1f9",1502174,"Jaelan Phillips",1
"b508ffbd-54c2-4e87-a5f8-8057d53e1814",1502174,"Jaelan Phillips",1
"c8e3f300-a8b2-4615-97e4-63bcd71243bc",1502174,"Jaelan Phillips",1
"8cd551a4-30b4-4967-bdff-7d1a28f33239",1502175,"Matthew Judon",1
"a753c1a6-50a4-46e1-aba4-850854bbe1d0",1502175,"Kevin Byard",1
"1d78c403-2838-4fe1-8d10-30617be94a62",1502175,"Derick Roberson",1
"156d4652-9ff7-4f66-b5c7-f2d83b15b05f",1502175,"Ja'Whaun Bentley",1
"1ba8aec2-e45c-44d5-914d-0ce67e25342b",1502176,"Chris Wormley",1
"1eee7bc8-b753-4524-aa3a-55533d925c3a",1502176,"Cameron Heyward",1
"bd8e9186-1d87-4be3-abc6-8a2e48edd653",1502176,"B.J. Hill",1
"913e2345-4e48-4f83-aaaa-af91d913f056",1502176,"Sam Hubbard",1
"4253d5b2-e3b9-45a7-968f-f835beccf586",1502176,"Trey Hendrickson",1
"1c7a6085-ed47-4aa7-a601-d161690a9f74",1502177,"Roy Robertson-Harris",1
"edb0d525-43cd-4fe0-882f-b926d7a486da",1502177,"Dante Fowler Jr.",1
"8b50b6db-835f-44fa-a51e-e291e0c17303",1502178,"Joey Bosa",1
"5530626a-5192-4dfd-a74b-2a4fc7ed5b32",1502178,"Stephen Weatherly",1
"bccc0661-6d59-4322-8a2c-fd254d114ce2",1502178,"Malik Reed",1
"a0d8adbc-37aa-44ab-ac2f-742706092802",1502178,"Mctelvin Agim",1
"eb7d680a-7c57-4011-810d-dc1417a4b664",1502178,"Baron Browning",1
"69be041a-93c2-4b5b-b32d-efb8c6b73774",1502179,"Rashan Gary",1
"47cab5dd-9629-41af-956f-2a7af28ce34a",1502179,"Greg Gaines",1
"e2ca9993-7876-4945-9c8d-e98b49912939",1502179,"Kenny Clark",1
"10bb685d-3927-4e76-ae75-b7a549716381",1502180,"Jacob Martin",1
"66a85db9-acaf-4b3c-a61d-95da0db247ed",1502180,"Quincy Williams",1
"d532a8b3-f865-4aa7-bbc2-bd2e5554764f",1502180,"Kamu Grugier-Hill",1
"3b67b5bf-0ca1-462b-aa24-fd61c1f2b819",1502180,"John Franklin-Myers",1
"cbed4167-296b-4584-af39-5734a8488648",1502180,"John Franklin-Myers",1
"6946a0f8-c689-48a9-9213-f185d21cc0e0",1502180,"Jacob Martin",1
"fde4de10-faee-41c9-80bf-7ad43122a520",1502180,"Quinnen Williams",1
"7b2c96a0-44d6-42dd-9593-88400d3b3ee1",1502180,"Jonathan Greenard",1
"b2050b34-ec58-4aa8-9f8e-1a45893d0311",1502180,"Demarcus Walker",1
"96c6f22b-8312-4f42-bf00-7a7792c99267",1502181,"D.J. Wonnum",1
"f31f0f8b-a6a2-4332-aa8b-386dc50ceca6",1502181,"Nick Bosa",1
"9852350b-c323-46df-8c57-4926ed8765a1",1502181,"Armon Watts",1
"2f39466c-b7e1-4a1a-b507-71e9d7321046",1502182,"Darrell Taylor",1
"b6261138-375a-473b-84fa-91b85df2047b",1502182,"Kamren Curl",1
"a5d214ba-b305-45df-bb92-09b5b2b3a6be",1502182,"Cole Holcomb",1
"2cc6ad46-6566-40aa-8006-8f5e4596e20e",1502183,"Mario Addison",1
"d81cc6fa-9b3a-4359-8f6c-c04cf237135e",1502183,"David Onyemata",1
"e1eaa3bb-9516-4a8e-a67b-83f7c4b90d6f",1502183,"Kaden Elliss",1
"eea8b243-b538-452a-91df-46a2b87aec1a",1502184,"Jourdan Lewis",1
"f2c6f0d5-95b6-4016-b398-1b8c66655391",1502184,"Tarell Basham",1
"099e2b2d-0824-44f3-87a9-2f91709edbc0",1502184,"Yannick Ngakoue",1
"b9d6b897-4b56-4a0a-89a8-9f0bc301448a",1502184,"Micah Parsons",1
"aaffdd51-610a-4d4f-a6bc-17a3eafedb90",1502185,"Alex Highsmith",1
"1ce8b065-149e-4498-9bf2-47918c59a2b9",1502185,"Alex Highsmith",1
"4d7a94a9-2ab8-41e3-a738-c7d4034b4ee3",1502185,"Uchenna Nwosu",1
"4d7a94a9-2ab8-41e3-a738-c7d4034b4ee3",1502185,"Joey Bosa",1
"7180f07a-5f0e-4f74-b603-e47ce282c26a",1502185,"Alex Highsmith",1
"7569f3ea-e8dd-4fb5-b1e2-8752c31d7309",1502185,"Kyler Fackrell",1
"7fa4810b-2db6-4d75-bff1-6d574b616505",1502185,"Joey Bosa",1
"6056f3e5-0e1c-40e5-ba26-373ba8bd56f6",1502186,"Frank Clark",1
"ea094bf7-f44e-4122-8198-f25a9bd46e38",1502186,"Chris Jones",1
"020c84db-a333-4d7b-9e0a-d01f7e934ff3",1502186,"Micah Parsons",1
"96f75676-3f1e-4b8b-afbd-d1a3e1199f8e",1502186,"Micah Parsons",1
"f7a34624-c5ac-409f-9276-53ddce470cb6",1502186,"Dorance Armstrong",1
"a56f48b2-cbad-4535-bd43-eff91472e15c",1502186,"Chris Jones",1
"d08206a9-d959-49bd-bd63-0d6277645eca",1502186,"Chris Jones",1
"0e19417b-a8c0-44e7-9772-c89b0898de74",1502186,"Micah Parsons",1
"d51590f5-ad4f-4464-a84f-693dd51154a8",1502187,"Chandler Jones",1
"dc0bbb4e-035e-4074-bc18-e4b025f279a5",1502187,"Isaiah Simmons",1
"dbe2917b-270b-418c-bc63-29cadcc3120b",1502187,"Bryan Mone",1
"07c22954-6591-4722-a362-f9a85b16fac2",1502187,"Bryan Mone",1
"1b31ba99-6c3f-440c-ba01-76f5eca8675f",1502187,"Chandler Jones",1
"87e4aed0-6250-4ae3-aadd-a3d1fde244df",1502187,"Markus Golden",1
"a2928caa-9201-4d4f-8141-41a35cf0d4cc",1502188,"Yannick Ngakoue",1
"79a9b38e-64ce-4082-b609-aacdcfc02a67",1502188,"Yannick Ngakoue",1
"243d6815-28ab-4178-a611-395a20666774",1502188,"Solomon Thomas",1
"7088fcfa-ee3e-48e6-b277-4ff8d5388777",1502188,"Quinton Jefferson",1
"bb9cf3ff-8630-4af0-ae79-445f861f1537",1502188,"Sam Hubbard",1
"d2cd0024-17b3-46dd-b90b-86dcc758a1aa",1502188,"Trey Hendrickson",1
"5fa406da-3e75-4f41-a562-24efef864298",1502189,"Quincy Roche",1
"d6b5aef9-3828-4dc4-a77e-ba251e1dcf8c",1502189,"Azeez Ojulari",1
"653304db-7dfa-47b7-963e-a1be03878dfc",1502189,"Jaelan Phillips",1
"0b5c8fe3-8955-461e-8c57-068fae0bf2d1",1502189,"Jaelan Phillips",1
"9266b308-37bb-4b39-a3fa-2116f489366e",1502189,"Adam Butler",1
"5ce2153d-bba7-40a8-a2e6-ba7b841c8c4b",1502190,"Al-Quadin Muhammad",1
"86fd7d4c-927a-4c11-8bed-226c75a0c977",1502190,"Al-Quadin Muhammad",1
"7c150927-5124-4abc-a3ad-97e9fbd341f5",1502190,"Kamu Grugier-Hill",1
"1cba7d90-865a-4f23-bbb4-54faf98cf62e",1502190,"Kemoko Turay",1
"97187ae5-9a75-4eb0-88f9-1b821eab701c",1502190,"Kemoko Turay",1
"a2c2b369-28ca-408b-b263-5328eecd5dd6",1502191,"D.J. Wonnum",1
"ed16949e-f84d-4d72-bfb7-dbd75e87d131",1502191,"Alim Mcneill",1
"5128c836-a04a-40bb-989e-1593d490b8d2",1502191,"Charles Harris",1
"379f9e35-50cb-416c-9d44-36bf241628f3",1502191,"Julian Okwara",1
"a252b625-1a8e-499a-a55e-d9e1b8e3f6eb",1502191,"Blake Lynch",1
"ab371edd-2ea0-4456-95a1-9bf85b918d92",1502191,"Blake Lynch",1
"5402d5ea-ff92-476a-995f-8d2304c95bb5",1502192,"Elijah Riley",1
"31879a0a-f63d-4b60-88a4-4e20cac88349",1502192,"Shaq Lawson",1
"d73d85df-88ee-4506-a792-1ba881d16009",1502192,"Josh Sweat",1
"2bf52a0f-54b6-4902-a087-10b3f069926c",1502192,"Shaq Lawson",1
"5a8402dd-2456-4637-8610-3224eaaef355",1502192,"Derek Barnett",1
"f247a444-50cd-4ded-adac-9f4182141ec8",1502193,"Robert Quinn",1
"0fad52b3-bfe2-4930-85ff-32eacbaef137",1502193,"Zach Allen",1
"84d10d59-72ac-4391-b6d8-6a1307cddace",1502193,"Byron Murphy Jr.",1
"9d0e5824-8225-4579-aaeb-e1a5bb55af07",1502193,"Jordan Hicks",1
"63cec4d8-5bc8-449d-81bb-98e25279766a",1502194,"Uchenna Nwosu",1
"51616287-3eed-4e51-bd70-fa86e7f72ea4",1502194,"Justin Jones",1
"85042fe5-8a68-437b-a990-e63810b75a1c",1502194,"Larry Ogunjobi",1
"914837a2-24ba-4fcc-bbe9-acb0535ffe0f",1502194,"B.J. Hill",1
"98e016ef-c02c-493c-b7de-ae3354a18dd6",1502194,"Vonn Bell",1
"decf364a-6f1c-4678-8bc6-d7f77bc4aabf",1502194,"Trey Hendrickson",1
"de2df4cf-a635-430b-9e43-7254e3b3ae37",1502194,"Derwin James Jr.",1
"3947048f-f5ff-4db9-b9d4-d48cd5d5b194",1502194,"Drue Tranquill",1
"25facee8-a23c-4d15-8d50-eb2bc2541bb8",1502194,"Christian Covington",1
"c2becbbe-9029-4a40-81bb-a72e133ce952",1502194,"Uchenna Nwosu",1
"d6fd14f5-574d-49ae-a78d-ad05d86148e5",1502195,"Chris Jones",1
"56fa7ab5-9ec6-42e0-b9e0-002982f15174",1502195,"Frank Clark",1
"c3a1f639-095f-4c54-bb14-21ee32d4b9cd",1502195,"Melvin Ingram",1
"103f4ee6-5876-4806-b41e-f59a42160a97",1502195,"Clelin Ferrell",1
"d8c2c03a-f338-4594-90d8-0c8ad7c7503c",1502195,"Yannick Ngakoue",1
"20d412af-9bb3-4e9b-b9c7-97e3bdd76879",1502195,"Malcolm Koonce",1
"1a5cb8bf-9262-42b7-8fd2-e4e5d5810be9",1502195,"Alex Okafor",1
"8e375ec0-4a3b-4a90-972d-27daee2f7496",1502195,"Tershawn Wharton",1
"bbcf3bc7-103f-41c5-bd5a-7aa554fb4c3d",1502196,"Kyle Phillips",1
"fe16c4ce-8c51-4c63-bead-8bd5678af9f0",1502196,"Sheldon Rankins",1
"a9f83d14-a42e-420e-9cd2-9f0de8d8ccb6",1502196,"Kwon Alexander",1
"ef098724-d1ba-45ef-af83-b82827acc946",1502196,"Carl Granderson",1
"60113464-ec0c-46af-a5a8-3dadc7d35f00",1502196,"Shaq Lawson",1
"7df85b98-f4ba-44d6-8efb-faae282f0b42",1502196,"Kwon Alexander",1
"72b7b490-614c-4cd0-95a5-f9ca4fc4f344",1502197,"Von Miller",1
"57f2097e-6662-4577-b3c5-a49fcef990a9",1502197,"Rasheem Green",1
"bf8cc821-2b61-41f3-99ea-15e5243beacf",1502197,"Carlos Dunlap",1
"11d99983-0d04-4104-990e-c732f4fd77ce",1502197,"Leonard Floyd",1
"a978d6e4-0681-4f09-9ab9-ce054cf6d775",1502197,"Carlos Dunlap",1
"b3eaf31f-7272-4bf1-a930-2f7c153c8db8",1502197,"Aaron Donald",1
"6e3e0610-e855-4ed1-a297-9604d72f1be1",1502197,"Carlos Dunlap",1
"08b23ef7-5770-49c9-befe-80080874ca54",1502198,"Justin Hollins",1
"3b21c72b-2d80-424d-ae78-6efc851876cb",1502198,"Justin Hollins",1
"0c394539-28f6-4adc-a064-aaa8ea8560dc",1502198,"Aaron Donald",1
"1f8e4a72-1cfb-4c54-abac-cb288462a60e",1502199,"Denico Autry",1
"06e4a633-26cd-43f8-ade9-487dee396dee",1502199,"Jeffery Simmons",1
"16d9a512-cb37-4270-9ecd-3b8dd567e7b3",1502199,"Bobby Wagner",1
"3ec0d1d3-8803-4d42-ab34-3f9ebf204af7",1502199,"Poona Ford",1
"64050453-dd6d-49df-b029-e572a287faec",1502199,"Al Woods",1
"845fe34f-3315-4f50-92bc-9d031e758fa4",1502199,"Ola Adeniyi",1
"462e5998-b2eb-45c0-81b4-3e01f1fc106e",1502200,"Javon Hargrave",1
"1e77dda4-8671-47bb-a3c8-f6b69dbd18f1",1502200,"Osa Odighizuwa",1
"07cf13c0-47bc-466e-9570-e76b2fb49547",1502200,"Javon Hargrave",1
"775c007c-89d3-4169-84b4-87883c7b6a05",1502200,"Josh Sweat",1
"7e7f2ef4-4a49-4d36-b0e2-e1c8d595296c",1502201,"Joey Bosa",1
"5e167bd5-d7ba-421b-af9b-5c9d814d7828",1502201,"Darius Philon",1
"d892009f-c2fd-4961-9a11-3c0199358728",1502201,"Jerry Tillery",1
"495981a8-151b-4353-9d03-50b1375972d9",1502201,"Kyler Fackrell",1
"18f12cf8-380f-4bce-af32-1c7f41cd3898",1502201,"Darius Philon",1
"41fcbd2d-6342-4a45-bb5f-f01b1b90d67b",1502201,"Christian Covington",1
"3b6a867b-f5aa-4df5-9290-271d39e6ad40",1502202,"Malik Reed",1
"30bd6898-a0f5-442f-baa3-8ff3806d67e0",1502202,"Devin Bush",1
"2e023e23-6d45-4fe1-986b-dc47111655ab",1502202,"Henry Mondeaux",1
"356137c3-b9fa-4d15-b894-f69a5e02d93c",1502202,"Isaiahh Loudermilk",1
"13e9723a-c768-4baa-80e1-1a9448caf523",1502203,"Cole Holcomb",1
"69cb76d9-a4a7-434d-a973-7c9efd961fac",1502203,"Chase Young",1
"f58620e6-2bdd-46ac-9038-78535f9ff4a1",1502203,"Casey Toohill",1
"121e69b3-ebf0-4cf8-a50e-6deb2f369bea",1502204,"James Lynch",1
"18e2915a-787c-4833-8a7e-b044ab3f0f8f",1502204,"Daquan Jones",1
"2171b2db-80ff-4379-b422-cda7b222f86c",1502204,"Dalvin Tomlinson",1
"649f1612-5152-4914-80ad-e2c1334e6b17",1502204,"Dalvin Tomlinson",1
"476ea379-a992-406e-b319-6a0764af0c19",1502204,"Armon Watts",1
"f2c299ab-9efe-4725-ba8e-695f3a2a1b0f",1502205,"Khalil Mack",1
"74638c50-dbf9-4ff2-8e7e-1f91f2d0a207",1502205,"Robert Quinn",1
"0b575956-38a9-42a7-bc0e-11374a505c76",1502205,"Jonathan Garvin",1
"e2b89daf-f691-448b-90ef-9319a9e319f1",1502205,"Akiem Hicks",1
"984755e5-1572-4319-acd0-e101fc49dd3f",1502205,"Kenny Clark",1
"5138ba00-0e86-419f-b062-8e6675b12b15",1502205,"Kenny Clark",1
"13009510-6206-4e23-8ff1-80e140507bdf",1502206,"Randy Gregory",1
"17278b65-f460-4ddc-a8de-24e10e846935",1502206,"Randy Gregory",1
"be192edf-91f9-488f-a5cb-f6957dbd612c",1502207,"Cameron Heyward",1
"5b20261d-26a7-4173-a610-e4176ad03742",1502207,"Alex Highsmith",1
"2807b44b-ceff-45c3-a00e-1b3b2a46e27e",1502207,"Alex Highsmith",1
"6e5d2b89-bb83-4daf-ae40-4945117d0442",1502207,"Benson Mayowa",1
"1d428438-470a-4508-93ae-b82a3199644e",1502207,"T.J. Watt",1
"4ed4347b-82d6-4f6e-aadc-38f877c6e2bb",1502208,"Brian Burns",1
"ebeecd85-f0f6-4ec6-8659-dff314f4a7b8",1502208,"Jabrill Peppers",1
"f0f4cc50-0519-45de-8650-5ff03379aafa",1502208,"Brian Burns",1
"05224717-1bb1-44fe-b3f9-a1bcc35bb03e",1502208,"Derrick Brown",1
"348ea71d-8ff8-4c2f-a464-ad8fd8499b12",1502208,"Leonard Williams",1
"94e20269-e946-406a-b947-1da49658adde",1502208,"Dexter Lawrence",1
"2b06dc0f-8659-4d32-a77a-403e1f7a1e77",1502208,"Azeez Ojulari",1
"dd95109b-32d8-4c11-9e5c-0fa4f8179f02",1502208,"Azeez Ojulari",1
"a470a948-8012-4afb-9d02-482bc37618d5",1502209,"Leonard Floyd",1
"f6f44a88-61d4-430f-93d8-cdf0b5da6743",1502209,"Dexter Lawrence",1
"feeac224-ed5c-4f0c-9788-1daa203761ff",1502209,"Leonard Williams",1
"bb1a53e3-bf18-432d-911d-4e123284ad75",1502209,"Ogbonnia Okoronkwo",1
"77af729f-57de-4025-8dee-83e2ceb3fe6d",1502209,"Terrell Lewis",1
"50789b85-aa50-436f-9ce6-51f6239fcc0e",1502209,"Leonard Floyd",1
"4ec9d6da-eabf-476d-846a-e08aaee68acd",1502210,"Trey Hendrickson",1
"54b2bf3f-6a6c-4d46-9d05-50af8dcd8da6",1502210,"Julian Okwara",1
"98857d98-d654-4f18-a94f-3848d7729239",1502211,"Jerome Baker",1
"71a62146-119e-4b9b-95fe-6b7aecc14f36",1502211,"Shaquil Barrett",1
"c541cab3-459f-4654-83fe-c2301ffd92ba",1502211,"Jaelan Phillips",1
"4693b679-6bbf-40bc-91b8-ee2702fcd115",1502211,"Shaquil Barrett",1
"03d926b2-b15f-4564-a7d2-934be4e6a77e",1502212,"Christian Wilkins",1
"7bc41991-dc18-43d0-b584-7a5e1018489f",1502213,"Jonathan Greenard",1
"06331dfd-4190-4ac9-9eee-4e8e84aae942",1502213,"Tyquan Lewis",1
"2bc45e9f-80d0-4d2f-a1f2-cbd468363760",1502213,"Khari Willis",1
"7ef88f7e-d508-469d-8a50-ad64fcf7f81c",1502214,"Yannick Ngakoue",1
"2e080885-bad8-4ddc-a545-8f27f69a1e82",1502214,"Maxx Crosby",1
"69f3741d-ada1-46f6-b7b3-69b24a9ce677",1502214,"Yannick Ngakoue",1
"919b1c9a-4aa2-4d18-aa20-fecf4da39919",1502215,"Myles Bryant",1
"a889092d-d12b-4460-a6ce-20b0f09c520e",1502215,"Daniel Ekuale",1
"62955c93-72d5-4936-b3dc-014f08aa42c1",1502215,"Del'Shawn Phillips",1
"afcc09ee-d4e7-4c78-8481-df0d6528f313",1502216,"Julian Okwara",1
"cb42f672-d416-40d7-aaf9-d622ce7bd34a",1502216,"Sebastian Joseph-Day",1
"ea84634a-0e8f-4ca0-a619-0946091fceb3",1502216,"Kenny Young",1
"7abd9c3a-7ed3-4ef6-bd89-cf3ccf9178be",1502217,"Rashan Gary",1
"99da9d0e-5341-48c4-b3ec-cadcfb29a84b",1502218,"Matthew Judon",1
"031196fc-38e2-479e-8e87-2d3df8f0b501",1502218,"Jerry Tillery",1
"7da4d376-81fa-4b28-a932-ee97ee5d485e",1502218,"Lawrence Guy",1
"13301166-089a-4a99-ab53-b7795eadf082",1502218,"Christian Barmore",1
"0d8217c3-9bb1-46ae-8cba-ba7e3794d63b",1502219,"A'Shawn Robinson",1
"4f78f43a-039c-4e61-b708-749937e1b525",1502219,"Troy Reeder",1
"83ff46bf-2ed9-4839-8814-64065139229d",1502219,"Tyus Bowser",1
"4b2aa8c6-595f-4e0b-8f2d-14140c3d68cb",1502219,"Von Miller",1
"38f4620e-c80e-43d3-9e43-550b7f08ac4d",1502219,"Leonard Floyd",1
"bc88a82d-df1a-4430-891b-96f7f7cc1945",1502219,"Von Miller",1
"55eaab07-d181-42ee-9b7f-bf5fea03734a",1502220,"Robert Quinn",1
"5ccac72a-b0b6-4481-a24c-14c69635c586",1502220,"T.J. Watt",1
"e9e4bdbe-7e4d-44c3-b3ac-0277742b58b3",1502220,"T.J. Watt",1
"edef78aa-0f87-4569-9e3b-468d40b25f3a",1502220,"Roquan Smith",1
"25126a3e-8208-4125-8b70-de3b0c614133",1502220,"T.J. Watt",1
"2bfb3514-de71-4c52-bc40-bf480911be45",1502220,"Cassius Marsh Sr.",1
"f6bb878f-ef8c-40e3-a243-9de637f4581d",1502220,"Bilal Nichols",1
"76174d0a-417a-431a-92e9-768f4e8b1184",1502221,"Damion Square",1
"fc3842be-32a0-45f9-bcb9-083c4fe9dc2b",1502221,"Kareem Jackson",1
"c910c4af-1e40-41d2-a94f-e4a5e1d29878",1502221,"Bryce Callahan",1
"53f3d5e5-6890-4bcd-90d9-bca2d352156e",1502221,"Maxx Crosby",1
"a723dcb9-1566-43a6-9355-760227c74a9c",1502221,"Quinton Jefferson",1
"59d44c29-89ff-4cc9-8992-651ad032c5f3",1502221,"Cory Littleton",1
"3d47ff88-ad18-43b0-b1e7-309f5ded71e1",1502221,"Maxx Crosby",1
"8726d6b2-0e4f-4646-a12f-2fd198f345cc",1502222,"Derwin James Jr.",1
"e95b8e08-a8fc-4e64-85ee-9709877e33d1",1502222,"Malik Mcdowell",1
"add0a598-033b-45d2-9002-55dd01f94502",1502222,"Myles Garrett",1
"82eae956-4b32-4411-80dc-51169e66ee83",1502223,"Tyquan Lewis",1
"b03526b3-989c-4a4d-a367-6f11b9abc646",1502223,"Odafe Oweh",1
"716a82ec-8ad8-41a8-b5bf-4bed810c646d",1502223,"Tavon Young",1
"075b1b25-8031-4e39-a99e-56e23ca9813f",1502223,"Kenny Moore II",1
"b8f03566-0ef6-4b8c-9108-d15733f53b8c",1502223,"Al-Quadin Muhammad",1
"452435d0-c5b9-48a0-aacb-2520369cbe3d",1502223,"Justin Houston",1
"60b766ab-37f9-4673-87c9-54a66920279f",1502223,"Al-Quadin Muhammad",1
"1c227aa7-0d03-473f-99bd-53d867a8bd3c",1502224,"Dorance Armstrong",1
"a41166b5-698d-42f4-925e-a3ceede251a3",1502224,"Micah Parsons",1
"0fb26b96-1da6-44b5-8672-e599b7c4c95b",1502225,"Jeffery Simmons",1
"ce07bb0b-739a-4311-a10e-5298caaeb4dd",1502225,"Harold Landry III",1
"93465ca1-ddf7-473f-ba50-770dca931242",1502225,"Jeffery Simmons",1
"ad68cd76-2f5a-4d1d-a98d-a048b8078f2d",1502225,"Harold Landry III",1
"6c5301bf-9179-4d28-af2a-2ec54e5bc734",1502225,"Marcus Davenport",1
"43f7fac3-6051-4b9e-a144-2d9236124358",1502225,"Marcus Davenport",1
"2e8038ca-9743-47a4-a1cf-7b82c5b01a40",1502226,"Cameron Heyward",1
"b423bb31-c59c-4a5f-a6f2-13382c3b5dd2",1502226,"Chris Wormley",1
"aa3e5110-02dd-4377-ad69-4309f81536d8",1502226,"T.J. Watt",1
"fe60f712-4dda-4816-93e5-456522c21b9c",1502226,"T.J. Watt",1
"16960bab-0dc8-4140-be13-dffc693c2d57",1502226,"Chris Board",1
"8d5a1f94-bdc6-44cf-97ff-ead3f6e53a24",1502227,"Chris Wormley",1
"ecd27530-55b2-4948-a791-6ae9b818f002",1502227,"T.J. Watt",1
"54af0c3c-5782-4b5f-8ce7-f283a353eadd",1502227,"Chris Wormley",1
"c5ae7949-59d9-44f1-bd49-330ab5137448",1502227,"Cameron Heyward",1
"7e707622-a6bf-49fa-b247-2c53c54ec0ce",1502227,"Chris Wormley",1
"56ce7503-2852-43bd-bc70-db6d02999f40",1502227,"T.J. Watt",1
"ed98b879-4e22-403b-a02d-141a06924a3b",1502227,"Calais Campbell",1
"4528ae15-9a28-47fd-ba83-ded90deec182",1502227,"T.J. Watt",1
"00552d1b-a89c-4ad8-944d-19386722c06c",1502228,"Yannick Ngakoue",1
"b1dfc91a-ab03-438a-91bc-d5a641c72b23",1502228,"Yannick Ngakoue",1
"fae98902-3d18-4edb-868e-6efee84d1e37",1502228,"Quincy Roche",1
"fae98902-3d18-4edb-868e-6efee84d1e37",1502228,"Alex Leatherwood",1
"b9db244e-5c3e-4134-b64d-fe6416435516",1502229,"Marquis Haynes Sr.",1
"9a10ec39-dd7c-4498-9244-e544902132e1",1502229,"Haason Reddick",1
"5d04e79c-f99e-47d5-8f60-4b8531b2397a",1502229,"Brian Burns",1
"eb207411-f3b6-44a8-9f76-3840890f9f6c",1502229,"Daron Payne",1
"28e91a6b-b49f-4a2f-bc7c-3dd4108200d4",1502230,"P.J. Williams",1
"7f56dce7-2f7a-4f3a-bd1d-5fc219446324",1502230,"Keanu Neal",1
"c8fff9e3-35c9-40a3-b1d5-edd00650665d",1502230,"Micah Parsons",1
"f6e5e8d7-03fa-41b6-9460-5c26645d8a42",1502231,"Rasheem Green",1
"fa92077e-c9fe-4cdc-a63d-0c1a3b6e366d",1502231,"Darrell Taylor",1
"9bf4b61c-71d0-4f8b-82ec-dc7aa3b1daa1",1502231,"Darrell Taylor",1
"5238f3e2-261d-40e9-b1a6-03ed7d7e2efa",1502232,"Deforest Buckner",1
"58c15346-a928-4775-a41c-438453c128c9",1502232,"Deatrich Wise Jr.",1
"c3ed2c3d-391e-44f3-912c-ab8370cf41eb",1502233,"Malcom Brown",1
"f2c27bd9-ce58-4e9d-b1b6-202d806324f6",1502233,"Chris Smith",1
"d021f904-f017-49bf-be7a-66d8dd0f065f",1502233,"Derek Rivers",1
"dbb90487-274f-4842-ab68-9a43bb18ec56",1502233,"Derek Rivers",1
"742bd852-6a0c-4a09-b5f9-72636b6f1304",1502234,"Yetur Gross-Matos",1
"3a58966d-bb22-4b5d-9c14-be78e327acd9",1502234,"Brian Burns",1
"29c11f09-595f-4b97-954e-90e66c98e364",1502234,"Taron Johnson",1
"30f0f7dc-522b-4b72-9246-42c9960568ca",1502234,"Vernon Butler",1
"52cef967-1cb1-433e-bbb3-b422086d44c2",1502234,"Yetur Gross-Matos",1
"e9a3083f-9d4b-47c9-8f9e-f7f6c58df768",1502234,"Yetur Gross-Matos",1
"a5ff9b0b-ad5a-4f27-992a-da3529112046",1502234,"Efe Obada",1
"270699a0-ad38-4561-8196-1694041511f0",1502234,"Efe Obada",1
"5d36239a-4d4c-4be9-a869-401d585f84ba",1502235,"Arden Key",1
"79e41fb1-18d1-4e76-824a-6fcaa3c0804a",1502235,"Arden Key",1
"f978df78-4c2b-4fe8-a7ac-5357a24a5cea",1502235,"Samson Ebukam",1
"88a80530-9f51-45fd-bfe3-a833f6a25e9a",1502235,"Nick Bosa",1
"7682b68c-8c4a-47fd-aaf2-f53f19f5e523",1502236,"Cameron Jordan",1
"a6db8755-a90b-4d81-9413-020d7bb490a5",1502236,"Lavonte David",1
"ec20cbcf-7375-4104-a63c-024b38c95417",1502236,"Cameron Jordan",1
"fe3ad813-d9ad-420b-bc51-73e3d212d9bb",1502236,"Marcus Davenport",1
"215a4044-760a-4ec0-a67e-e7ee9482b740",1502236,"Joe Tryon-Shoyinka",1
"a4258481-34b6-4679-a021-5993e4678211",1502240,"Taylor Rapp",1
"c4f77d34-ce62-4c6d-9dfd-220ab8cd3044",1502240,"Arden Key",1
"ba915eb6-effb-4fc2-8885-b4be5eeea3c3",1502240,"Nick Bosa",1
"f1d60fce-f8b8-4f59-8ab6-9d5cc9058eef",1502241,"Myles Bryant",1
"d7f83936-63bd-437e-8e94-6b6b7ddbd7c7",1502242,"Samson Ebukam",1
"dd20aee2-2051-40a7-b44b-d664ded4022d",1502242,"Denico Autry",1
"043bdc71-92ee-4b7e-86f1-b111c6e65570",1502242,"Jordan Willis",1
"1b0b6c2d-3433-43e8-9d5e-9ea3d5aa6c67",1502242,"Kentavius Street",1
"c11c4ad4-d1a0-4e43-a66c-d2f8468830b2",1502242,"Bud Dupree",1
"4ce93e17-50e4-4d93-85f4-7d2f1789f565",1502242,"Azeez Al-Shaair",1
"76f68ca8-904e-4768-a192-3c9ae3787ebb",1502243,"Micah Parsons",1
"69adce76-77d1-4808-b2a4-c15e7c858c71",1502243,"Micah Parsons",1
"cec8743e-3b91-402d-9a0e-c4f9271e8e67",1502243,"Jonathan Allen",1
"13fdded4-d9fd-4086-97da-85ce7b745dee",1502243,"Daron Payne",1
"4b16ba86-e4df-4d3a-a70c-081e555d4ef4",1502243,"DeMarcus Lawrence",1
"06bff0fa-02e6-4fb9-be1a-6187169151cd",1502243,"Neville Gallimore",1
"d73f65a4-2fe1-48ce-8dd5-2550146fe857",1502243,"Landon Collins",1
"8331b7cd-594e-45e8-be72-cc1aed640fff",1502243,"Randy Gregory",1
"e2464338-af17-40ff-9fe9-e4acc41c51da",1502244,"Shaquil Barrett",1
"6ba52727-fa15-4abc-a6fd-b8de67dbcdb2",1502244,"Ndamukong Suh",1
"31532b6d-2270-4491-abad-b1bd50ec5716",1502244,"Shaquil Barrett",1
"333bfa09-7894-4d46-ab14-c0ca7c5664be",1502244,"Kwity Paye",1
"9ece2372-66ca-47b4-831c-ab58805abee1",1502244,"Deforest Buckner",1
"65a3a894-b606-4551-9237-306c4e0bf87c",1502245,"B.J. Hill",1
"a95c611b-8655-45d7-a846-ab76776d9200",1502245,"Nick Bosa",1
"e266355e-da6f-41f6-9980-2f3416600ea3",1502245,"Samson Ebukam",1
"689898c3-5610-46f8-a968-deb3ca0d9b7f",1502245,"Sam Hubbard",1
"fb83d68e-7644-4a13-87d8-db21d80694b4",1502245,"Larry Ogunjobi",1
"bf54979d-9a13-4123-8077-385a59e946ca",1502245,"B.J. Hill",1
"61129cf6-a673-406f-a6ad-376b04620acb",1502245,"K'Waun Williams",1
"ef614468-fc4e-419c-84c1-afbd0483c33b",1502245,"D.J. Reader",1
"b1d0d25b-4f6e-4779-9e8f-63d48ad54343",1502245,"Nick Bosa",1
"07a57d9b-c3b0-4675-b64f-3afb196c3d20",1502245,"Nick Bosa",1
"eefdacec-9b6a-4309-9720-e5cc10eb933e",1502246,"Maxx Crosby",1
"b5a628fc-14f8-44f4-9354-9b1f6959d243",1502246,"Shelby Harris",1
"d51356a4-53d5-4c77-a85e-6f0460addaf3",1502246,"Shelby Harris",1
"4c68fba9-2f91-4428-a115-8a321a9c03a0",1502246,"Quinton Jefferson",1
"2d024a14-e0f6-409a-a50a-3192e9ee4de4",1502247,"Taron Johnson",1
"992ff3e9-1d30-46bc-93c1-16323bb6ec1a",1502247,"Greg Rousseau",1
"b55d4bf5-85b2-4984-8757-aea2fa468232",1502247,"Mario Addison",1
"deb41a57-ace9-43e5-8466-27ea4d6fe6f2",1502247,"Ed Oliver",1
"3fdc12ec-0a32-41eb-adc4-8ba18bd90efe",1502247,"Harrison Phillips",1
"c9ec8969-5efe-4491-be41-aa10422a2c57",1502248,"Denico Autry",1
"02f2ffb0-7436-431a-a581-7944170449f6",1502248,"Harold Landry III",1
"e8f88138-3b2a-4858-8d02-4b4df3017af7",1502248,"Damien Wilson",1
"34bec638-8d45-4c11-af9c-2489a4776817",1502249,"Emmanuel Ogbah",1
"d53eacf1-59f8-457e-8dc9-95b9f1a6167c",1502249,"Marcus Davenport",1
"85f2836c-80f5-4885-8f5c-3624f031901c",1502249,"Jerome Baker",1
"119e1d89-bb9e-4ffd-821a-6cc1a040e08b",1502249,"Cameron Jordan",1
"3f1497e4-4e77-49cc-835d-3f0b3a299e32",1502249,"Zach Sieler",1
"998f9d41-9baf-483c-9b30-5c641b225a9f",1502249,"Brandon Jones",1
"25c5e70c-6c3f-4a8f-8a21-b0d9ae41bdb1",1502249,"Jerome Baker",1
"5b0ee6cd-fdaf-4e5e-a368-3e75a36395e1",1502249,"Zach Sieler",1
"e3792b19-593f-4fec-b560-ea6f9454fe88",1502249,"Emmanuel Ogbah",1
"ae1187f9-97d9-421a-afed-bbeab23355c9",1502250,"Trevis Gipson",1
"7c2f7fe8-96a8-4053-81fc-b1633be281cc",1502250,"Lorenzo Carter",1
"68e2372f-c898-47f9-a415-fa806206624d",1502250,"Angelo Blackson",1
"9f012e71-d530-49b6-8312-628909dc6128",1502250,"Trevis Gipson",1
"baaf632d-0893-439d-9722-0235ae89cb39",1502250,"Jaylon Smith",1
"8849d126-2256-4de7-80a6-a5c1efb9d9d1",1502250,"Bruce Irvin",1
"93373407-07a0-41a2-831f-1bb69ffcf7a7",1502250,"Robert Quinn",1
"e5a67a2a-e86f-42b4-9cd1-79d3e15c9462",1502251,"Denico Autry",1
"46c20eb8-d500-452d-bd40-3c890bc86fe4",1502251,"Elijah Molden",1
"1f18053d-7805-4c69-bc2c-6a51857ab582",1502251,"Jerome Baker",1
"bf4a5adf-9b65-4d45-a46d-5a2dd8d6bd2a",1502251,"Harold Landry III",1
"9baa9f95-b394-4580-b434-0837e4741c3c",1502252,"Dre'Mont Jones",1
"0b9ae2e8-4946-478c-926c-092728dc7b44",1502252,"Alim Mcneill",1
"0291ef7d-0c8b-4036-830f-4ff2db46d45b",1502252,"Dre'Mont Jones",1
"aff733f1-a3fb-4108-8263-cd9c2478eb33",1502253,"Dont'A Hightower",1
"fc3693ec-168c-460e-aa52-edd5e7d4ddc9",1502253,"Jihad Ward",1
"3bd7e85b-f99d-4668-b51f-bb7690bf2470",1502253,"Christian Barmore",1
"8510c992-7611-4d7d-96fa-4a3bed75bc23",1502254,"Jordan Phillips",1
"37ba534b-ea4c-41fe-bfd0-b638c7a39863",1502254,"Jessie Lemonier",1
"de8cb529-0246-4528-a3b3-5ec5a6229fff",1502254,"Charles Harris",1
"d2f1656a-06cd-42fe-b604-064bb882676b",1502254,"Markus Golden",1
"e1c972af-9c7d-4805-af7b-8a1fb35194fc",1502255,"Chris Wormley",1
"edacd4d1-cdfd-4d52-9ad3-8c91073088e1",1502255,"Elijah Molden",1
"f0c74237-c280-4936-854a-3cc0819bbd84",1502255,"Cameron Heyward",1
"fae6f7b8-6f61-4a5e-a651-2e198c20ec16",1502255,"Bud Dupree",1
"8227ab88-6394-47e2-ac3d-468a3569ddbc",1502255,"T.J. Watt",1
"cd9913a6-147d-4555-9733-eee5826d8e78",1502255,"Denico Autry",1
"e458ab3b-34ed-4393-8809-31a81f576d6a",1502255,"Derrek Tuszka",1
"922c5365-1c13-45b4-a9fa-6f5db04b7b6d",1502256,"Quincy Roche",1
"8bcc8184-ce89-4aaa-9640-e398586bc44e",1502256,"Lorenzo Carter",1
"0f7ba44b-3c32-496d-8d9f-9ce5f991e797",1502256,"Lorenzo Carter",1
"5d843093-35de-4781-aa67-e971bfee7d7b",1502256,"Dorance Armstrong",1
"5ae732c4-2283-43b0-bbf3-056f1616531e",1502257,"Justin Simmons",1
"69fe727d-c9aa-44b9-ad5a-8017ca4ceeb0",1502257,"Shelby Harris",1
"e417c835-647e-4242-aad6-3a2b2281a8b8",1502257,"Trey Hendrickson",1
"9a8fdc12-445e-46ff-9c53-35f1464265a3",1502259,"Chandler Jones",1
"488e7e21-37b4-47f7-abc1-fabc8dde07ae",1502259,"Budda Baker",1
"9af2430c-deac-4d18-bd50-f1156f4dcf76",1502259,"Josh Mauro",1
"11f1a798-f31c-49fc-bff0-f9bc0c91725f",1502260,"Shaquil Barrett",1
"410ea9eb-a1a0-45ab-95c0-42b6d01a1f7c",1502260,"Devin White",1
"81db1e4d-da7a-422f-ae33-981fccdea29a",1502260,"Eli Ankou",1
"b457257f-7f8a-4bec-a9b8-57513d73050f",1502260,"Devin White",1
"1e1c1f43-738a-4b31-a7ac-d8d3c743e1cd",1502260,"Shaquil Barrett",1
"966b3c74-f268-4bcd-a1e6-8e1026a00cb3",1502260,"Matt Milano",1
"3f0ff22f-1cfd-4c0f-911a-6f1e38f37b9a",1502261,"Nathan Shepherd",1
"2e2ab22b-5263-4f8d-8de7-434b72a08dd7",1502261,"Michael Carter II",1
"31f737d1-ccc2-4ebc-bdbf-176bd2912e2d",1502261,"Anthony Nelson",1
"47a98e55-d5e4-4a73-abf2-a2c5a9f53887",1502262,"Vita Vea",1
"a4578db1-50c6-4499-a28f-87bb74f8e2b0",1502264,"Von Miller",1
"e5b89c8a-38bd-462e-85f7-43dce513cfd3",1502264,"Chandler Jones",1
"2b4da9c0-c1f2-4814-8300-7b9946a05d80",1502264,"Zach Allen",1
"5d63b836-c7f3-48e9-9c67-853936ad0503",1502264,"Jordan Phillips",1
"c29a73e8-d60a-407f-a1f1-a5809c040d82",1502264,"Greg Gaines",1
"5beb5c62-b384-4641-bb25-974c0407e92c",1502264,"Aaron Donald",1
"643cfdac-23d7-45e3-8fbf-622404c770b9",1502265,"Von Miller",1
"f4d438af-7dfa-4fca-8143-a7bd3b909b11",1502265,"Aaron Donald",1
"031c4cff-7c9e-4b8a-8425-80e0cd3445cc",1502266,"William Gholston",1
"6c43e987-d19e-4a7d-86a9-50eb55e23471",1502266,"Shaquil Barrett",1
"1386021c-59a3-48d4-a820-d153e0fd9978",1502266,"Anthony Nelson",1
"edb700ff-a247-48c3-834b-dd1f9a1b6382",1502266,"Vita Vea",1
"85630fee-babb-458d-95a2-06771f93f2e4",1502266,"William Gholston",1
"3d3923ed-edfd-46c6-9352-e7195f19160c",1502266,"Kevin Minter",1
"8adc7ccf-1050-4fd1-872c-9095f467390a",1502266,"William Gholston",1
"20e18d6b-1947-4771-96de-cc6c6e915032",1502268,"Dante Fowler Jr.",1
"ecba12e2-978d-40cf-9d60-b1ac5a4a3e52",1502269,"Frank Clark",1
"d2a2daa7-daf4-41d0-8b15-d82fcc05e63b",1502269,"Chris Jones",1
"b783fd2b-e974-41ec-a900-ced368bd7d4c",1502269,"Jarran Reed",1
"fd910a64-34c6-4c52-97ef-902170b88b24",1502269,"Chris Jones",1
"d4800277-2fe5-46d2-877a-a6808621bc92",1502270,"Robert Quinn",1
"91f4ea93-a2a9-4e00-b75d-a18193cf80d8",1502270,"Robert Quinn",1
"87746025-ef05-4dc7-a227-d70b6a0046b1",1502270,"Preston Smith",1
"f72de249-4abf-4b38-a476-2de258a2e768",1502270,"Trevis Gipson",1
"6cb6657a-2179-4327-85fe-184e29d73d74",1502270,"Preston Smith",1
