game_id,nflfast_game_id,season,week,game_type
1069714,2021_03_ATL_NYG,NA,3,REG
1069784,2021_05_NE_HOU,NA,5,REG
1069798,2021_05_CHI_LV,NA,5,REG
1069800,2021_05_SF_ARI,NA,5,REG
1070627,2021_09_NE_CAR,NA,9,REG
1071838,2021_10_KC_LV,NA,10,REG
1071848,2021_10_SEA_GB,NA,10,REG
1071894,2021_12_CHI_DET,NA,12,REG
1071896,2021_11_NYG_TB,NA,11,REG
1071960,2021_13_TB_ATL,NA,13,REG
1071962,2021_13_JAX_LA,NA,13,REG
1071964,2021_13_WAS_LV,NA,13,REG
1071966,2021_13_SF_SEA,NA,13,REG
1071968,2021_13_DEN_KC,NA,13,REG
1071970,2021_13_NE_BUF,NA,13,REG
1071998,2021_14_PIT_MIN,NA,14,REG
1072024,2021_15_NYJ_MIA,NA,15,REG
1072046,2021_15_MIN_CHI,NA,15,REG
1072050,2021_15_WAS_PHI,NA,15,REG
1072056,2021_16_NYG_PHI,NA,16,REG
1072064,2021_16_JAX_NYJ,NA,16,REG
1072066,2021_16_DET_ATL,NA,16,REG
1072068,2021_16_LAC_HOU,NA,16,REG
1072070,2021_16_CHI_SEA,NA,16,REG
1072072,2021_16_PIT_KC,NA,16,REG
1072081,2021_17_PHI_WAS,NA,17,REG
1072089,2021_17_LV_IND,NA,17,REG
1072097,2021_17_HOU_SF,NA,17,REG
1072099,2021_17_DEN_LAC,NA,17,REG
1072101,2021_17_CAR_NO,NA,17,REG
1072103,2021_17_DET_SEA,NA,17,REG
1072105,2021_17_ARI_DAL,NA,17,REG
1072107,2021_17_MIN_GB,NA,17,REG
1072109,2021_18_KC_DEN,NA,18,REG
1072111,2021_18_DAL_PHI,NA,18,REG
1072113,2021_18_NYJ_BUF,NA,18,REG
1072115,2021_18_GB_DET,NA,18,REG
1072117,2021_18_IND_JAX,NA,18,REG
1072119,2021_18_LAC_LV,NA,18,REG
1072121,2021_18_WAS_NYG,NA,18,REG
1072123,2021_19_LV_CIN,NA,19,WC
1072125,2021_18_CHI_MIN,NA,18,REG
1072127,2021_18_TEN_HOU,NA,18,REG
1072129,2021_19_NE_BUF,NA,19,WC
1072131,2021_18_SF_LA,NA,18,REG
1072133,2021_19_PHI_TB,NA,19,WC
1072135,2021_18_CAR_TB,NA,18,REG
1072137,2021_18_SEA_ARI,NA,18,REG
1072139,2021_19_SF_DAL,NA,19,WC
1072141,2021_18_NE_MIA,NA,18,REG
1072143,2021_19_PIT_KC,NA,19,WC
1072145,2021_18_NO_ATL,NA,18,REG
1072147,2021_19_ARI_LA,NA,19,WC
1072149,2021_20_CIN_TEN,NA,20,DIV
1072151,2021_20_SF_GB,NA,20,DIV
1072153,2021_20_LA_TB,NA,20,DIV
1072155,2021_20_BUF_KC,NA,20,DIV
1072157,2021_21_CIN_KC,NA,21,CON
1072159,2021_21_SF_LA,NA,21,CON
1072161,2021_22_LA_CIN,NA,22,SB
1502043,2021_01_SF_DET,NA,1,REG
1502045,2021_01_JAX_HOU,NA,1,REG
1502046,2021_01_LAC_WAS,NA,1,REG
1502047,2021_01_SEA_IND,NA,1,REG
1502048,2021_01_NYJ_CAR,NA,1,REG
1502049,2021_01_MIN_CIN,NA,1,REG
1502050,2021_01_ARI_TEN,NA,1,REG
1502051,2021_01_PIT_BUF,NA,1,REG
1502052,2021_01_PHI_ATL,NA,1,REG
1502053,2021_01_CLE_KC,NA,1,REG
1502054,2021_01_GB_NO,NA,1,REG
1502055,2021_01_DEN_NYG,NA,1,REG
1502056,2021_01_MIA_NE,NA,1,REG
1502057,2021_01_BAL_LV,NA,1,REG
1502059,2021_02_NYG_WAS,NA,2,REG
1502060,2021_02_NE_NYJ,NA,2,REG
1502061,2021_02_DEN_JAX,NA,2,REG
1502062,2021_02_BUF_MIA,NA,2,REG
1502063,2021_02_SF_PHI,NA,2,REG
1502064,2021_02_LA_IND,NA,2,REG
1502065,2021_02_LV_PIT,NA,2,REG
1502066,2021_02_CIN_CHI,NA,2,REG
1502067,2021_02_HOU_CLE,NA,2,REG
1502068,2021_02_NO_CAR,NA,2,REG
1502069,2021_02_MIN_ARI,NA,2,REG
1502071,2021_02_DAL_LAC,NA,2,REG
1502072,2021_02_KC_BAL,NA,2,REG
1502073,2021_02_DET_GB,NA,2,REG
1502074,2021_03_CAR_HOU,NA,3,REG
1502075,2021_03_IND_TEN,NA,3,REG
1502076,2021_03_LAC_KC,NA,3,REG
1502077,2021_03_CIN_PIT,NA,3,REG
1502078,2021_03_CHI_CLE,NA,3,REG
1502079,2021_03_BAL_DET,NA,3,REG
1502080,2021_03_NO_NE,NA,3,REG
1502081,2021_03_ARI_JAX,NA,3,REG
1502082,2021_03_WAS_BUF,NA,3,REG
1502083,2021_03_NYJ_DEN,NA,3,REG
1502084,2021_03_MIA_LV,NA,3,REG
1502085,2021_03_GB_SF,NA,3,REG
1502086,2021_03_SEA_MIN,NA,3,REG
1502087,2021_04_JAX_CIN,NA,4,REG
1502088,2021_04_TEN_NYJ,NA,4,REG
1502089,2021_04_KC_PHI,NA,4,REG
1502090,2021_04_CAR_DAL,NA,4,REG
1502091,2021_04_NYG_NO,NA,4,REG
1502092,2021_04_CLE_MIN,NA,4,REG
1502093,2021_04_DET_CHI,NA,4,REG
1502094,2021_04_HOU_BUF,NA,4,REG
1502095,2021_04_IND_MIA,NA,4,REG
1502096,2021_04_WAS_ATL,NA,4,REG
1502097,2021_04_SEA_SF,NA,4,REG
1502098,2021_04_ARI_LA,NA,4,REG
1502099,2021_04_PIT_GB,NA,4,REG
1502100,2021_04_BAL_DEN,NA,4,REG
1502101,2021_04_TB_NE,NA,4,REG
1502102,2021_05_LA_SEA,NA,5,REG
1502103,2021_05_NYJ_ATL,NA,5,REG
1502104,2021_05_DET_MIN,NA,5,REG
1502105,2021_05_NO_WAS,NA,5,REG
1502106,2021_05_PHI_CAR,NA,5,REG
1502107,2021_05_TEN_JAX,NA,5,REG
1502108,2021_05_NYG_DAL,NA,5,REG
1502109,2021_05_BUF_KC,NA,5,REG
1502110,2021_06_ARI_CLE,NA,6,REG
1502111,2021_06_BUF_TEN,NA,6,REG
1502112,2021_07_DEN_CLE,NA,7,REG
1502113,2021_06_LAC_BAL,NA,6,REG
1502114,2021_07_KC_TEN,NA,7,REG
1502115,2021_07_WAS_GB,NA,7,REG
1502116,2021_07_ATL_MIA,NA,7,REG
1502117,2021_07_CIN_BAL,NA,7,REG
1502119,2021_07_HOU_ARI,NA,7,REG
1502120,2021_07_CHI_TB,NA,7,REG
1502121,2021_07_IND_SF,NA,7,REG
1502122,2021_07_NO_SEA,NA,7,REG
1502123,2021_08_CIN_NYJ,NA,8,REG
1502124,2021_08_TEN_IND,NA,8,REG
1502125,2021_08_LA_HOU,NA,8,REG
1502126,2021_08_PIT_CLE,NA,8,REG
1502127,2021_08_PHI_DET,NA,8,REG
1502128,2021_08_SF_CHI,NA,8,REG
1502129,2021_08_CAR_ATL,NA,8,REG
1502130,2021_08_MIA_BUF,NA,8,REG
1502131,2021_08_JAX_SEA,NA,8,REG
1502132,2021_08_WAS_DEN,NA,8,REG
1502133,2021_08_TB_NO,NA,8,REG
1502134,2021_08_DAL_MIN,NA,8,REG
1502135,2021_08_NYG_KC,NA,8,REG
1502136,2021_09_NYJ_IND,NA,9,REG
1502137,2021_09_ATL_NO,NA,9,REG
1502138,2021_09_DEN_DAL,NA,9,REG
1502139,2021_09_MIN_BAL,NA,9,REG
1502140,2021_09_CLE_CIN,NA,9,REG
1502141,2021_09_LAC_PHI,NA,9,REG
1502142,2021_09_BUF_JAX,NA,9,REG
1502143,2021_09_HOU_MIA,NA,9,REG
1502144,2021_10_BAL_MIA,NA,10,REG
1502145,2021_10_CLE_NE,NA,10,REG
1502146,2021_11_BAL_CHI,NA,11,REG
1502147,2021_12_CLE_BAL,NA,12,REG
1502148,2021_11_DET_CLE,NA,11,REG
1502149,2021_14_BAL_CLE,NA,14,REG
1502150,2021_15_GB_BAL,NA,15,REG
1502151,2021_15_LV_CLE,NA,15,REG
1502152,2021_16_BAL_CIN,NA,16,REG
1502153,2021_16_CLE_GB,NA,16,REG
1502154,2021_17_CLE_PIT,NA,17,REG
1502155,2021_18_CIN_CLE,NA,18,REG
1502156,2021_09_TEN_LA,NA,9,REG
1502157,2021_09_GB_KC,NA,9,REG
1502158,2021_09_ARI_SF,NA,9,REG
1502159,2021_10_JAX_IND,NA,10,REG
1502160,2021_10_DET_PIT,NA,10,REG
1502161,2021_10_BUF_NYJ,NA,10,REG
1502162,2021_10_TB_WAS,NA,10,REG
1502163,2021_10_MIN_LAC,NA,10,REG
1502164,2021_10_CAR_ARI,NA,10,REG
1502165,2021_10_PHI_DEN,NA,10,REG
1502166,2021_11_NE_ATL,NA,11,REG
1502167,2021_11_NO_PHI,NA,11,REG
1502168,2021_11_MIA_NYJ,NA,11,REG
1502169,2021_11_IND_BUF,NA,11,REG
1502170,2021_11_SF_JAX,NA,11,REG
1502171,2021_11_HOU_TEN,NA,11,REG
1502172,2021_11_GB_MIN,NA,11,REG
1502173,2021_12_PHI_NYG,NA,12,REG
1502174,2021_12_CAR_MIA,NA,12,REG
1502175,2021_12_TEN_NE,NA,12,REG
1502176,2021_12_PIT_CIN,NA,12,REG
1502177,2021_12_ATL_JAX,NA,12,REG
1502178,2021_12_LAC_DEN,NA,12,REG
1502179,2021_12_LA_GB,NA,12,REG
1502180,2021_12_NYJ_HOU,NA,12,REG
1502181,2021_12_MIN_SF,NA,12,REG
1502182,2021_12_SEA_WAS,NA,12,REG
1502183,2021_12_BUF_NO,NA,12,REG
1502184,2021_12_LV_DAL,NA,12,REG
1502185,2021_11_PIT_LAC,NA,11,REG
1502186,2021_11_DAL_KC,NA,11,REG
1502187,2021_11_ARI_SEA,NA,11,REG
1502188,2021_11_CIN_LV,NA,11,REG
1502189,2021_13_NYG_MIA,NA,13,REG
1502190,2021_13_IND_HOU,NA,13,REG
1502191,2021_13_MIN_DET,NA,13,REG
1502192,2021_13_PHI_NYJ,NA,13,REG
1502193,2021_13_ARI_CHI,NA,13,REG
1502194,2021_13_LAC_CIN,NA,13,REG
1502195,2021_14_LV_KC,NA,14,REG
1502196,2021_14_NO_NYJ,NA,14,REG
1502197,2021_15_SEA_LA,NA,15,REG
1502198,2021_01_CHI_LA,NA,1,REG
1502199,2021_02_TEN_SEA,NA,2,REG
1502200,2021_03_PHI_DAL,NA,3,REG
1502201,2021_04_LV_LAC,NA,4,REG
1502202,2021_05_DEN_PIT,NA,5,REG
1502203,2021_06_KC_WAS,NA,6,REG
1502204,2021_06_MIN_CAR,NA,6,REG
1502205,2021_06_GB_CHI,NA,6,REG
1502206,2021_06_DAL_NE,NA,6,REG
1502207,2021_06_SEA_PIT,NA,6,REG
1502208,2021_07_CAR_NYG,NA,7,REG
1502209,2021_06_LA_NYG,NA,6,REG
1502210,2021_06_CIN_DET,NA,6,REG
1502211,2021_05_MIA_TB,NA,5,REG
1502212,2021_06_MIA_JAX,NA,6,REG
1502213,2021_06_HOU_IND,NA,6,REG
1502214,2021_07_PHI_LV,NA,7,REG
1502215,2021_07_NYJ_NE,NA,7,REG
1502216,2021_07_DET_LA,NA,7,REG
1502217,2021_08_GB_ARI,NA,8,REG
1502218,2021_08_NE_LAC,NA,8,REG
1502219,2021_17_LA_BAL,NA,17,REG
1502220,2021_09_CHI_PIT,NA,9,REG
1502221,2021_06_LV_DEN,NA,6,REG
1502222,2021_05_CLE_LAC,NA,5,REG
1502223,2021_05_IND_BAL,NA,5,REG
1502224,2021_10_ATL_DAL,NA,10,REG
1502225,2021_10_NO_TEN,NA,10,REG
1502226,2021_18_PIT_BAL,NA,18,REG
1502227,2021_13_BAL_PIT,NA,13,REG
1502228,2021_09_LV_NYG,NA,9,REG
1502229,2021_11_WAS_CAR,NA,11,REG
1502230,2021_13_DAL_NO,NA,13,REG
1502231,2021_14_SEA_HOU,NA,14,REG
1502232,2021_15_NE_IND,NA,15,REG
1502233,2021_15_HOU_JAX,NA,15,REG
1502234,2021_15_CAR_BUF,NA,15,REG
1502235,2021_15_ATL_SF,NA,15,REG
1502236,2021_15_NO_TB,NA,15,REG
1502240,2021_10_LA_SF,NA,10,REG
1502241,2021_16_BUF_NE,NA,16,REG
1502242,2021_16_SF_TEN,NA,16,REG
1502243,2021_14_DAL_WAS,NA,14,REG
1502244,2021_12_TB_IND,NA,12,REG
1502245,2021_14_SF_CIN,NA,14,REG
1502246,2021_16_DEN_LV,NA,16,REG
1502247,2021_17_ATL_BUF,NA,17,REG
1502248,2021_14_JAX_TEN,NA,14,REG
1502249,2021_16_MIA_NO,NA,16,REG
1502250,2021_17_NYG_CHI,NA,17,REG
1502251,2021_17_MIA_TEN,NA,17,REG
1502252,2021_14_DET_DEN,NA,14,REG
1502253,2021_17_JAX_NE,NA,17,REG
1502254,2021_15_ARI_DET,NA,15,REG
1502255,2021_15_TEN_PIT,NA,15,REG
1502256,2021_15_DAL_NYG,NA,15,REG
1502257,2021_15_CIN_DEN,NA,15,REG
1502259,2021_16_IND_ARI,NA,16,REG
1502260,2021_14_BUF_TB,NA,14,REG
1502261,2021_17_TB_NYJ,NA,17,REG
1502262,2021_06_TB_PHI,NA,6,REG
1502264,2021_14_LA_ARI,NA,14,REG
1502265,2021_16_LA_MIN,NA,16,REG
1502266,2021_16_TB_CAR,NA,16,REG
1502267,2021_15_KC_LAC,NA,15,REG
1502268,2021_14_ATL_CAR,NA,14,REG
1502269,2021_17_KC_CIN,NA,17,REG
1502270,2021_14_CHI_GB,NA,14,REG
