player_name,role,weighted_severity_logit_score,coefficient_source
Robert Quinn,Rusher,0.5755003880235129,lambda.min
T.J. Watt,Rusher,0.5646395952487824,lambda.min
Myles Garrett,Rusher,0.5233011608729059,lambda.min
Khalil Mack,Rusher,0.4936575875433983,lambda.min
Jaelan Phillips,Rusher,0.4624915230913559,lambda.min
Nick Bosa,Rusher,0.4554759735814033,lambda.min
Chandler Jones,Rusher,0.36866005542964053,lambda.min
Markus Golden,Rusher,0.3578625036548888,lambda.min
Jonathan Allen,Rusher,0.3530093923241914,lambda.min
Carlos Dunlap,Rusher,0.34712634581394974,lambda.min
Montez Sweat,Rusher,0.33404913982594153,lambda.min
Harold Landry III,Rusher,0.33372186463363296,lambda.min
Micah Parsons,Rusher,0.32964524004285617,lambda.min
Trey Hendrickson,Rusher,0.31386607652248855,lambda.min
Shelby Harris,Rusher,0.31056303528201556,lambda.min
Jadeveon Clowney,Rusher,0.30809054017539583,lambda.min
Joey Bosa,Rusher,0.3069625611047355,lambda.min
Yetur Gross-Matos,Rusher,0.29012781732575005,lambda.min
B.J. Hill,Rusher,0.28577186014364914,lambda.min
Sheldon Day,Rusher,0.2838001592092606,lambda.min
Yannick Ngakoue,Rusher,0.2806731130240447,lambda.min
Joe Thuney,Blocker,0.27778498257885514,lambda.min
Rashan Gary,Rusher,0.2757982599614974,lambda.min
Everson Griffen,Rusher,0.273956215759505,lambda.min
Corey Linsley,Blocker,0.27308277888776195,lambda.min
Efe Obada,Rusher,0.2673132577419991,lambda.min
Tytus Howard,Blocker,0.2663377874614357,lambda.min
Chris Jones,Rusher,0.2611557265612343,lambda.min
David Onyemata,Rusher,0.2603569533411777,lambda.min
Daniel Ekuale,Rusher,0.25896552086815205,lambda.min
Bud Dupree,Rusher,0.2580949850500288,lambda.min
Preston Smith,Rusher,0.24801323663283603,lambda.min
Dion Dawkins,Blocker,0.23908448552948833,lambda.min
Marquis Haynes Sr.,Rusher,0.2390359956132036,lambda.min
Akiem Hicks,Rusher,0.23884386465392704,lambda.min
Josh Allen,Rusher,0.23323523343001315,lambda.min
Marcus Davenport,Rusher,0.22957367234074638,lambda.min
Jeffery Simmons,Rusher,0.22377269945783318,lambda.min
Taylor Stallworth,Rusher,0.22081958563825224,lambda.min
Javon Hargrave,Rusher,0.21945460154200197,lambda.min
Halapoulivaati Vaitai,Blocker,0.21855457473746537,lambda.min
Randy Gregory,Rusher,0.2143625177810295,lambda.min
Shaq Mason,Blocker,0.2140648494348238,lambda.min
Jonathan Greenard,Rusher,0.21265254057268515,lambda.min
Josh Uche,Rusher,0.21211205873854652,lambda.min
Von Miller,Rusher,0.21165197483738685,lambda.min
Josh Sweat,Rusher,0.20830484582356862,lambda.min
Creed Humphrey,Blocker,0.20475684927835996,lambda.min
Cameron Heyward,Rusher,0.2041769671155656,lambda.min
Kemoko Turay,Rusher,0.20283497790524363,lambda.min
Rasheem Green,Rusher,0.20186986485285868,lambda.min
Jason Kelce,Blocker,0.19612428005392113,lambda.min
Matthew Judon,Rusher,0.19531282934896615,lambda.min
Leonard Floyd,Rusher,0.19391217120792564,lambda.min
Trent Williams,Blocker,0.1927955421223439,lambda.min
Rashawn Slater,Blocker,0.18767240623807063,lambda.min
Taylor Moton,Blocker,0.18620011526785246,lambda.min
Ryan Jensen,Blocker,0.18472691366474428,lambda.min
Chris Reed,Blocker,0.18353671839885113,lambda.min
Ted Karras,Blocker,0.18204781852579674,lambda.min
Cameron Jordan,Rusher,0.18171910234296504,lambda.min
Tanoh Kpassagnon,Rusher,0.18086165370633267,lambda.min
David Andrews,Blocker,0.1801885702359458,lambda.min
Mario Addison,Rusher,0.1797139230338534,lambda.min
Arden Key,Rusher,0.1786607677469083,lambda.min
Jawaan Taylor,Blocker,0.1765884087473853,lambda.min
Larry Ogunjobi,Rusher,0.17301960634022018,lambda.min
Arik Armstead,Rusher,0.17202770390424627,lambda.min
Jessie Lemonier,Rusher,0.16866439516285414,lambda.min
P.J. Williams,Rusher,0.16825160527950891,lambda.min
Quincy Roche,Rusher,0.16735188358465106,lambda.min
Emmanuel Ogbah,Rusher,0.16361477450549478,lambda.min
Justin Herron,Blocker,0.16308043868178726,lambda.min
Rodger Saffold,Blocker,0.1581465157836504,lambda.min
Aaron Donald,Rusher,0.1557846568231747,lambda.min
Terence Steele,Blocker,0.15495258049879856,lambda.min
Lucas Patrick,Blocker,0.15449317360520398,lambda.min
Phil Hoskins,Rusher,0.15443397045472299,lambda.min
Kelvin Beachum,Blocker,0.15384181931559138,lambda.min
Brandon Scherff,Blocker,0.1531468460936907,lambda.min
Derick Roberson,Rusher,0.14963065290486438,lambda.min
Jon Runyan,Blocker,0.1486770657895438,lambda.min
Danielle Hunter,Rusher,0.1477982709273405,lambda.min
Alex Cappa,Blocker,0.1471457719097758,lambda.min
DeMarcus Lawrence,Rusher,0.14434799640318344,lambda.min
Garrett Bradbury,Blocker,0.14411882499753648,lambda.min
Olisaemeka Udoh,Blocker,0.1440709384575734,lambda.min
Sam Mustipher,Blocker,0.14263911923141934,lambda.min
Brandon Linder,Blocker,0.14040507077426576,lambda.min
Chris Wormley,Rusher,0.14032890768459708,lambda.min
Trevis Gipson,Rusher,0.1396940735713555,lambda.min
Bradley Bozeman,Blocker,0.1387384641628349,lambda.min
Dorance Armstrong,Rusher,0.13670704465111,lambda.min
Haason Reddick,Rusher,0.13393994830391381,lambda.min
Mario Edwards Jr.,Rusher,0.13315700923112597,lambda.min
Azeez Ojulari,Rusher,0.13196960738587057,lambda.min
Kyler Fackrell,Rusher,0.13189060300340527,lambda.min
Lane Taylor,Blocker,0.1316341963262244,lambda.min
Robert Hunt,Blocker,0.13147160710492264,lambda.min
Justin Houston,Rusher,0.13134422662757103,lambda.min
Evan Brown,Blocker,0.13062669139891214,lambda.min
Jordan Phillips,Rusher,0.1292480359421897,lambda.min
Al-Quadin Muhammad,Rusher,0.1291285120703194,lambda.min
Nate Davis,Blocker,0.12880205243477938,lambda.min
Greg Rousseau,Rusher,0.12563360430578696,lambda.min
Josh Mauro,Rusher,0.12525073573177128,lambda.min
Austin Jackson,Blocker,0.12511119943171342,lambda.min
Odafe Oweh,Rusher,0.12463813856032563,lambda.min
Ali Marpet,Blocker,0.12393090527755013,lambda.min
Tyus Bowser,Rusher,0.12385568557055418,lambda.min
Braden Smith,Blocker,0.12364766765956689,lambda.min
Malcolm Koonce,Rusher,0.12134624317801973,lambda.min
Jacob Tuioti-Mariner,Rusher,0.12018646837135856,lambda.min
Denico Autry,Rusher,0.11979879071305,lambda.min
Kolton Miller,Blocker,0.11838274489794066,lambda.min
Shaquil Barrett,Rusher,0.11782288464548639,lambda.min
Terrell Lewis,Rusher,0.11710458489197631,lambda.min
Alim Mcneill,Rusher,0.11612050166794914,lambda.min
Sam Hubbard,Rusher,0.11601031104625278,lambda.min
Riley Reiff,Blocker,0.11543241864328707,lambda.min
Lorenzo Carter,Rusher,0.11445436300764787,lambda.min
Oday Aboushi,Blocker,0.11400469131716193,lambda.min
A.J. Epenesa,Rusher,0.11371085491509218,lambda.min
Alex Highsmith,Rusher,0.1114347424195171,lambda.min
Leonard Williams,Rusher,0.11020701027388274,lambda.min
Laremy Tunsil,Blocker,0.10877028926342155,lambda.min
Malik Reed,Rusher,0.10695833020867503,lambda.min
Joel Bitonio,Blocker,0.1061322117720578,lambda.min
Tarell Basham,Rusher,0.1059025791178196,lambda.min
Yosh Nijman,Blocker,0.10588698454133423,lambda.min
Kwon Alexander,Rusher,0.105041542158794,lambda.min
Ryan Ramczyk,Blocker,0.10292816535778458,lambda.min
Justin Hollins,Rusher,0.1013796715437145,lambda.min
Maxx Crosby,Rusher,0.10028027335333292,lambda.min
Rashod Hill,Blocker,0.09970761874215607,lambda.min
Rob Havenstein,Blocker,0.09958498533542186,lambda.min
Frank Ragnow,Blocker,0.09846290763644583,lambda.min
Lane Johnson,Blocker,0.09824545256232296,lambda.min
Danny Pinter,Blocker,0.09788887801250193,lambda.min
Matt Hennessy,Blocker,0.09512771626265747,lambda.min
J.C. Tretter,Blocker,0.09424585515618014,lambda.min
Wyatt Teller,Blocker,0.09357531480502716,lambda.min
Christian Covington,Rusher,0.09330232248195024,lambda.min
Boogie Basham,Rusher,0.09191149050585301,lambda.min
Max Garcia,Blocker,0.09075826619418911,lambda.min
Pat Elflein,Blocker,0.08823985380236576,lambda.min
Michael Schofield III,Blocker,0.08821080799844064,lambda.min
Laken Tomlinson,Blocker,0.08813061535019136,lambda.min
Jordan Mills,Blocker,0.08811702852770918,lambda.min
Justin Pugh,Blocker,0.08709332457203878,lambda.min
Dean Lowry,Rusher,0.08668959439064419,lambda.min
Jordan Willis,Rusher,0.08631302439654936,lambda.min
Kingsley Keke,Rusher,0.08558822376286646,lambda.min
John Leglue,Blocker,0.08552757636264767,lambda.min
Garett Bolles,Blocker,0.08514368954594524,lambda.min
Quinn Meinerz,Blocker,0.08497755439505332,lambda.min
Cody Whitehair,Blocker,0.08415711456424482,lambda.min
Derrek Tuszka,Rusher,0.08414581311970798,lambda.min
Darrell Taylor,Rusher,0.08380196497356945,lambda.min
Solomon Thomas,Rusher,0.08304091545062273,lambda.min
Brian Burns,Rusher,0.08187177677538726,lambda.min
Kenny Willekes,Rusher,0.08134747478053592,lambda.min
Dre'Mont Jones,Rusher,0.08131551810318344,lambda.min
Isaiah Mack,Rusher,0.08080050373441325,lambda.min
Jabari Zuniga,Rusher,0.0804510520534794,lambda.min
Erik McCoy,Blocker,0.07857870495439478,lambda.min
Tyquan Lewis,Rusher,0.07813065030601767,lambda.min
Ben Cleveland,Blocker,0.07788841856945869,lambda.min
Amen Ogbongbemiga,Rusher,0.07781994864047999,lambda.min
Jack Driscoll,Blocker,0.07776369967131835,lambda.min
Uchenna Nwosu,Rusher,0.07722775986167067,lambda.min
Whitney Mercilus,Rusher,0.07622040622088216,lambda.min
Armon Watts,Rusher,0.0760733394038162,lambda.min
B.J. Finney,Blocker,0.0760474532934132,lambda.min
Jamarco Jones,Blocker,0.07540931463975414,lambda.min
Mitch Morse,Blocker,0.07442897223073831,lambda.min
Geron Christian Sr.,Blocker,0.07442807738054241,lambda.min
Joe Tryon-Shoyinka,Rusher,0.07403204920707199,lambda.min
Deforest Buckner,Rusher,0.07388604765687767,lambda.min
Donovan Smith,Blocker,0.07380537218070472,lambda.min
Taylor Lewan,Blocker,0.07348126598331473,lambda.min
Shaka Toney,Rusher,0.07270214704057723,lambda.min
Austin Bryant,Rusher,0.07139166258023852,lambda.min
Javon Kinlaw,Rusher,0.07120502154830706,lambda.min
Ezra Cleveland,Blocker,0.06955029309590971,lambda.min
Jaylon Moore,Blocker,0.06947695610768519,lambda.min
Malik Mcdowell,Rusher,0.06886701800842238,lambda.min
Chris Smith,Rusher,0.06867463042752056,lambda.min
Bryan Mone,Rusher,0.06751162394588149,lambda.min
Scott Quessenberry,Blocker,0.06719136395198305,lambda.min
Trey Smith,Blocker,0.0661152948746914,lambda.min
Isaiah Prince,Blocker,0.06607129330435882,lambda.min
Sheldon Rankins,Rusher,0.06576252150211034,lambda.min
Trey Pipkins III,Blocker,0.06559573367945687,lambda.min
Michael Deiter,Blocker,0.06558935978842316,lambda.min
Greg Mancz,Blocker,0.06450283569973154,lambda.min
Raequan Williams,Rusher,0.06415568162895617,lambda.min
Zack Martin,Blocker,0.06309762035552693,lambda.min
Ryan Bates,Blocker,0.0629490359193105,lambda.min
Keith Ismael,Blocker,0.06277564541807933,lambda.min
Rodney Hudson,Blocker,0.06261422412308866,lambda.min
Kendrick Green,Blocker,0.062312144787463344,lambda.min
Phil Haynes,Blocker,0.061540017431379,lambda.min
Kyle Peko,Rusher,0.061486205595430665,lambda.min
Ty Sambrailo,Blocker,0.06089011594335762,lambda.min
Calvin Throckmorton,Blocker,0.06085916342635046,lambda.min
John Franklin-Myers,Rusher,0.06050191483536045,lambda.min
Isaac Seumalo,Blocker,0.06040205723309869,lambda.min
Jacob Phillips,Rusher,0.06015062673725477,lambda.min
Will Richardson Jr.,Blocker,0.059561378236449664,lambda.min
Daryl Williams,Blocker,0.05821052705714637,lambda.min
Gabe Jackson,Blocker,0.05733046464108702,lambda.min
Quenton Nelson,Blocker,0.057297109587965384,lambda.min
Trent Brown,Blocker,0.05697145656170989,lambda.min
Matt Paradis,Blocker,0.05680995680722811,lambda.min
Nick Harris,Blocker,0.05396720278992909,lambda.min
Wes Martin,Blocker,0.05265998878508978,lambda.min
Jordan Jenkins,Rusher,0.052463834209599054,lambda.min
La'El Collins,Blocker,0.05239081098889269,lambda.min
Mike Onwenu,Blocker,0.05196773639521381,lambda.min
Jonah Jackson,Blocker,0.05043899664660567,lambda.min
Michael Dwumfour,Rusher,0.05036619510020948,lambda.min
Cassius Marsh Sr.,Rusher,0.04939459678622732,lambda.min
Matt Skura,Blocker,0.04899846996319991,lambda.min
Ben Jones,Blocker,0.04834276609429716,lambda.min
Brian O'Neill,Blocker,0.04823131959469759,lambda.min
Trystan Colon,Blocker,0.04679890226123935,lambda.min
Tyler Biadasz,Blocker,0.04641724148810196,lambda.min
Ross Blacklock,Rusher,0.04616442246036881,lambda.min
Rashard Lawrence,Rusher,0.045730017123707396,lambda.min
Tashawn Bower,Rusher,0.04572365177297021,lambda.min
Jimmy Morrissey,Blocker,0.045189434649497304,lambda.min
Tyler Shatley,Blocker,0.04140677870774781,lambda.min
Mason Cole,Blocker,0.04133686255239163,lambda.min
Tommy Kraemer,Blocker,0.04081215405747174,lambda.min
Quinnen Williams,Rusher,0.039762430854069074,lambda.min
Josh Myers,Blocker,0.03951940331252539,lambda.min
Dee Ford,Rusher,0.03950462723960977,lambda.min
James Carpenter,Blocker,0.03803287497778528,lambda.min
Landon Young,Blocker,0.03769541328750191,lambda.min
Mctelvin Agim,Rusher,0.03762215180587904,lambda.min
Cameron Fleming,Blocker,0.03752252147654704,lambda.min
Jason Spriggs,Blocker,0.03748987379854143,lambda.min
Sam Eguavoen,Rusher,0.03696747767624623,lambda.min
Billy Turner,Blocker,0.03647269535428964,lambda.min
Hassan Ridgeway,Rusher,0.03634890631371832,lambda.min
Taylor Decker,Blocker,0.036280538382021214,lambda.min
Brandon Brooks,Blocker,0.03619173911341568,lambda.min
Alexander Johnson,Rusher,0.0350101199368346,lambda.min
Derrick Nnadi,Rusher,0.0347002559384038,lambda.min
Damion Square,Rusher,0.03469647300278763,lambda.min
Jc Tretter,Blocker,0.034408485977609024,lambda.min
Andrew Norwell,Blocker,0.03427866734202066,lambda.min
Blake Lynch,Rusher,0.034227033041712415,lambda.min
Cody Ford,Blocker,0.03396847730560168,lambda.min
J.J. Watt,Rusher,0.03347614254882651,lambda.min
Romeo Okwara,Rusher,0.03329961571468061,lambda.min
Nick Allegretti,Blocker,0.03316467137284184,lambda.min
Jacob Martin,Rusher,0.031305661934191036,lambda.min
Kenny Clark,Rusher,0.031228711248719853,lambda.min
Jake Matthews,Blocker,0.031112231792988203,lambda.min
Matt Nelson,Blocker,0.030353431677715516,lambda.min
Fred Johnson,Blocker,0.029884008928610706,lambda.min
J.C. Hassenauer,Blocker,0.029289342976315476,lambda.min
Brett Toth,Blocker,0.02905321505958517,lambda.min
Justin Britt,Blocker,0.027538561039868223,lambda.min
Brian Allen,Blocker,0.027296979893697275,lambda.min
Drew Dalman,Blocker,0.026290467703586708,lambda.min
Sam Tecklenburg,Blocker,0.025965569713564805,lambda.min
Matt Pryor,Blocker,0.02565408674165544,lambda.min
Jon Feliciano,Blocker,0.025554895428711505,lambda.min
Joe Jackson,Rusher,0.02490014644080448,lambda.min
Blake Brandel,Blocker,0.02471340637872072,lambda.min
Quinn Bailey,Blocker,0.024668093648093754,lambda.min
Jermaine Eluemunor,Blocker,0.024596484432437313,lambda.min
Jack Anderson,Blocker,0.02423424560113884,lambda.min
Lucas Niang,Blocker,0.024128834875066767,lambda.min
Tristan Wirfs,Blocker,0.023220884827997675,lambda.min
Patrick O'Connor,Rusher,0.023092858050807238,lambda.min
Kc Mcdermott,Blocker,0.022518031673322718,lambda.min
Austin Schlottmann,Blocker,0.02232854305428425,lambda.min
Cornelius Lucas,Blocker,0.021030449832863563,lambda.min
Chris Lindstrom,Blocker,0.020637371790814943,lambda.min
Trent Scott,Blocker,0.020439288732831025,lambda.min
Dante Fowler Jr.,Rusher,0.019893622770979485,lambda.min
Genard Avery,Rusher,0.01976095570244974,lambda.min
Benson Mayowa,Rusher,0.019531725610597187,lambda.min
Quinton Jefferson,Rusher,0.019186142397611017,lambda.min
Wes Schweitzer,Blocker,0.018641321211912226,lambda.min
Tyron Smith,Blocker,0.018548122789196802,lambda.min
Coleman Shelton,Blocker,0.01816729527304406,lambda.min
Andre Smith,Blocker,0.018069221992262265,lambda.min
Troy Reeder,Rusher,0.01782761788216056,lambda.min
Bryan Bulaga,Blocker,0.01780987428320294,lambda.min
Kevin Zeitler,Blocker,0.017488633988272148,lambda.min
Isaiah Wynn,Blocker,0.01704711048824759,lambda.min
Cam Robinson,Blocker,0.016781670384622922,lambda.min
Demario Davis,Rusher,0.015754778269293973,lambda.min
Landon Dickerson,Blocker,0.015657381764763736,lambda.min
Jonah Williams,Blocker,0.015452223410571694,lambda.min
Danny Isidora,Blocker,0.01490999453030106,lambda.min
Corey Levin,Blocker,0.01468810756327145,lambda.min
Ronnie Stanley,Blocker,0.013259769346571356,lambda.min
Derrick Kelly,Blocker,0.012892730278467577,lambda.min
Anthony Walker Jr.,Rusher,0.012444251115774005,lambda.min
Kentavius Street,Rusher,0.012020032791377026,lambda.min
Joe Thomas,Rusher,0.011950014230520315,lambda.min
Ola Adeniyi,Rusher,0.01148928338395016,lambda.min
Mark Glowinski,Blocker,0.010780095665594722,lambda.min
John Cominsky,Rusher,0.010583798035239973,lambda.min
Demarcus Walker,Rusher,0.010468470572801496,lambda.min
Shane Lemieux,Blocker,0.010465743475596843,lambda.min
Ryan Kelly,Blocker,0.010368189579018135,lambda.min
Austin Calitro,Rusher,0.010223139116929354,lambda.min
Deonte Brown,Blocker,0.010149482909523375,lambda.min
K'Lavon Chaisson,Rusher,0.010093882998988946,lambda.min
Denzelle Good,Blocker,0.010000230031369404,lambda.min
Star Lotulelei,Rusher,0.009832610048337097,lambda.min
Vernon Butler,Rusher,0.00965297064937169,lambda.min
Robert Jones,Blocker,0.009401280564584572,lambda.min
Henry Mondeaux,Rusher,0.009279628516408157,lambda.min
Neville Gallimore,Rusher,0.008812821013714719,lambda.min
David Bakhtiari,Blocker,0.008786466002754602,lambda.min
Kyle Murphy,Blocker,0.008562980226584662,lambda.min
Josh Wells,Blocker,0.008477918184525375,lambda.min
Keaton Sutherland,Blocker,0.008224350454423615,lambda.min
Jake Hanson,Blocker,0.008193883939319748,lambda.min
A.J. Cann,Blocker,0.007955074636685086,lambda.min
Bunmi Rotimi,Rusher,0.007624634146322695,lambda.min
Andrew Dowell,Rusher,0.007572272213561921,lambda.min
Aaron Banks,Blocker,0.007239266039613866,lambda.min
Raymond Johnson III,Rusher,0.007176426483179437,lambda.min
Michael Jordan,Blocker,0.007030041945179782,lambda.min
Jamil Douglas,Blocker,0.006977080005885565,lambda.min
Cody Barton,Rusher,0.006959628377670685,lambda.min
John Simpson,Blocker,0.006907796176492178,lambda.min
Lester Cotton Sr.,Blocker,0.006454134595741033,lambda.min
Mike Remmers,Blocker,0.006409646684436148,lambda.min
Joe Noteboom,Blocker,0.006384014683363325,lambda.min
Payton Turner,Rusher,0.006271405796235313,lambda.min
Michael Pierce,Rusher,0.006166906663598383,lambda.min
Jerome Baker,Rusher,0.005758024792108046,lambda.min
Rashaad Coward,Blocker,0.00567619681055671,lambda.min
Noah Dawkins,Rusher,0.00539751942926547,lambda.min
Jonathon Cooper,Rusher,0.005299456483482606,lambda.min
Khaleke Hudson,Rusher,0.005214453373134999,lambda.min
Jaryd Jones-Smith,Blocker,0.005130690754130748,lambda.min
Jake Brendel,Blocker,0.0050545819373838214,lambda.min
Joshua Miles,Blocker,0.005016305977374125,lambda.min
Kevin Dotson,Blocker,0.004899533604186053,lambda.min
Jermaine Johnson II,Rusher,0.004789178751267837,lambda.min
Dalton Risner,Blocker,0.004765998505257757,lambda.min
Hardy Nickerson,Rusher,0.004732161686003873,lambda.min
Joseph Noteboom,Blocker,0.004535297587148058,lambda.min
Scott Daly,Blocker,0.004292049827217011,lambda.min
Taven Bryan,Rusher,0.004197682217896629,lambda.min
Benning Potoa'E,Rusher,0.004145121184489431,lambda.min
Derrick Brown,Rusher,0.003432032892404943,lambda.min
David Steinmetz,Blocker,0.0034113808955946777,lambda.min
Andre James,Blocker,0.003263869805108537,lambda.min
Jamin Davis,Rusher,0.0032300461838587254,lambda.min
Cameron Tom,Blocker,0.003228042639946443,lambda.min
Tyrel Dodson,Rusher,0.0032049561684495305,lambda.min
Ben Bartch,Blocker,0.002886405606686633,lambda.min
Will Fries,Blocker,0.002641756480350408,lambda.min
Derek Rivers,Rusher,0.002481667686578797,lambda.min
Vince Biegel,Rusher,0.0024541196403096016,lambda.min
Nate Herbig,Blocker,0.0023696807576737006,lambda.min
Myron Cunningham,Blocker,0.0023676058638638373,lambda.min
Sharif Finch,Rusher,0.002206136608345184,lambda.min
Patrick Johnson,Rusher,0.0020466907377952107,lambda.min
Michael Dogbe,Rusher,0.001829637101817352,lambda.min
Calvin Munson,Rusher,0.0017856902913912908,lambda.min
Stone Forsythe,Blocker,0.0017287653454031273,lambda.min
Zach Banner,Blocker,0.0016068349694899136,lambda.min
Micah Kiser,Rusher,0.0015630914741894576,lambda.min
La'Darius Hamilton,Rusher,0.0015252401915658075,lambda.min
Christian Elliss,Rusher,0.0012637676972472786,lambda.min
Matt Farniok,Blocker,0.0012546294774280686,lambda.min
Dorian O'Daniel,Rusher,0.0011761545283999696,lambda.min
Chase Young,Rusher,0.0011182039777213482,lambda.min
Dre Greenlaw,Rusher,0.0010339146168171272,lambda.min
James Vaughters,Rusher,0.0010330767301652936,lambda.min
Nick Kwiatkoski,Rusher,8.327353711458775e-4,lambda.min
Tyson Alualu,Rusher,6.350628849812537e-4,lambda.min
Terron Armstead,Blocker,5.089177964579875e-4,lambda.min
Alex Singleton,Rusher,4.426339168398796e-4,lambda.min
Josh Woods,Rusher,3.001670050701809e-4,lambda.min
Attauyo Nsekhe,Blocker,1.922190343584939e-4,lambda.min
Brian Winters,Blocker,2.9515008508706683e-5,lambda.min
Jacoby Stevens,Rusher,-1.4474704244986543e-4,lambda.min
Harvey Langi,Rusher,-2.5341128704166457e-4,lambda.min
Daniel Archibong,Rusher,-2.8886780799888215e-4,lambda.min
Logan Stenberg,Blocker,-4.216929506307798e-4,lambda.min
Calvin Anderson,Blocker,-5.721968421464e-4,lambda.min
Josh Jones,Blocker,-7.140047876035664e-4,lambda.min
Nick Leverett,Blocker,-7.698485954379334e-4,lambda.min
Chapelle Russell,Rusher,-8.804059142610652e-4,lambda.min
Kevin Minter,Rusher,-9.359242359081128e-4,lambda.min
Zach Allen,Rusher,-0.0012531717809880355,lambda.min
Jon Toth,Blocker,-0.0013539827774841535,lambda.min
Austin Blythe,Blocker,-0.001464466004073196,lambda.min
Gerald McCoy,Rusher,-0.0014760121265210936,lambda.min
Ty Summers,Rusher,-0.0015722083382347005,lambda.min
Rashad Weaver,Rusher,-0.001627772106634097,lambda.min
Ben Braden,Blocker,-0.0017059330398451434,lambda.min
Jordyn Brooks,Rusher,-0.0018840469695274864,lambda.min
Lachavious Simmons,Blocker,-0.0020414940659468656,lambda.min
Jordan Evans,Rusher,-0.0021511602865927344,lambda.min
Za'Darius Smith,Rusher,-0.0023257944376127854,lambda.min
David Edwards,Blocker,-0.0023258910517122006,lambda.min
DeAngelo Malone,Rusher,-0.0024510499557614095,lambda.min
Jabril Cox,Rusher,-0.002528365261671111,lambda.min
Bobby Massie,Blocker,-0.002618291550168355,lambda.min
Darryl Johnson,Rusher,-0.00264527703213341,lambda.min
Samuel Eguavoen,Rusher,-0.0028802492585863226,lambda.min
Justin Lawler,Rusher,-0.0028995489137078768,lambda.min
Ike Boettger,Blocker,-0.0029604046802129483,lambda.min
Anthony Levine Sr.,Rusher,-0.003111074922616644,lambda.min
Nate Orchard,Rusher,-0.0032058111206193832,lambda.min
Daelin Hayes,Rusher,-0.003211804744459396,lambda.min
Tyrell Adams,Rusher,-0.0033661729768607964,lambda.min
Pita Taumoepenu,Rusher,-0.0034491159751092767,lambda.min
Josey Jewell,Rusher,-0.0034704943258220236,lambda.min
Grant Stuard,Rusher,-0.003507665475862839,lambda.min
Dylan Cole,Rusher,-0.0035999594719667294,lambda.min
Penei Sewell,Blocker,-0.003713185819116456,lambda.min
Curtis Weaver,Rusher,-0.0038936797982408846,lambda.min
Maurice Hurst,Rusher,-0.004058619677093443,lambda.min
Kyle Long,Blocker,-0.0041069750031681,lambda.min
Marcus Henry,Blocker,-0.0041667639948904985,lambda.min
Kristian Welch,Rusher,-0.004320986454394559,lambda.min
Julian Stanford,Rusher,-0.004912696285777013,lambda.min
Frank Herron,Rusher,-0.004995497143908719,lambda.min
Emmanuel Ellerbee,Rusher,-0.005000868807168637,lambda.min
Braxton Hoyett,Rusher,-0.005234464994051278,lambda.min
Keandre Jones,Rusher,-0.005323860056294279,lambda.min
Alex Mack,Blocker,-0.005344780197186325,lambda.min
Kyle Phillips,Rusher,-0.005421855633479954,lambda.min
Caleb Johnson,Rusher,-0.005638567503794004,lambda.min
Jashon Cornell,Rusher,-0.005665197103755479,lambda.min
Will Hernandez,Blocker,-0.0057927195682611,lambda.min
Will Bradley-King,Rusher,-0.005821319130644039,lambda.min
Austin Faoliu,Rusher,-0.005887977537095695,lambda.min
Kamal Martin,Rusher,-0.005958168835324094,lambda.min
Adam Pankey,Blocker,-0.005992462452960577,lambda.min
Prince Tega Wanogho,Blocker,-0.006155858947428752,lambda.min
Ulysees Gilbert III,Rusher,-0.006188730596520296,lambda.min
Derek Barnett,Rusher,-0.006267608590720856,lambda.min
Trey Flowers,Rusher,-0.00629160857692055,lambda.min
Ndamukong Suh,Rusher,-0.0064446011039549335,lambda.min
Delontae Scott,Rusher,-0.006463562749649691,lambda.min
Joshua Kaindoh,Rusher,-0.006665387741406847,lambda.min
Kwity Paye,Rusher,-0.006698934422199373,lambda.min
Dennis Kelly,Blocker,-0.006709911514186744,lambda.min
Austin Corbett,Blocker,-0.006722387369935266,lambda.min
Jahlani Tavai,Rusher,-0.0069926534791222746,lambda.min
Eddie Yarbrough,Rusher,-0.007429518861163804,lambda.min
Garret Wallow,Rusher,-0.0074617447791289135,lambda.min
Khalil Davis,Rusher,-0.0075502005909984056,lambda.min
Broderick Washington,Rusher,-0.007553789902399307,lambda.min
Tanner Vallejo,Rusher,-0.007824530065206252,lambda.min
Nathan Landman,Rusher,-0.007915647369602945,lambda.min
Charles Snowden,Rusher,-0.007944966906699043,lambda.min
Darius Hodges,Rusher,-0.008125244448273072,lambda.min
Jay Tufele,Rusher,-0.008440943196028262,lambda.min
Andrew Brown,Rusher,-0.00845067116378195,lambda.min
Jonathan Ledbetter,Rusher,-0.008470653812464946,lambda.min
Marquel Lee,Rusher,-0.008631748682121063,lambda.min
Jonathan Bostic,Rusher,-0.008769873348750314,lambda.min
Justin Zimmer,Rusher,-0.008786052203542753,lambda.min
Joe Bachie,Rusher,-0.008864280957547675,lambda.min
Cam Brown,Rusher,-0.009167693541870508,lambda.min
Chauncey Rivers,Rusher,-0.009244043720309032,lambda.min
Ethan Westbrooks,Rusher,-0.00930529381692339,lambda.min
Cortez Broughton,Rusher,-0.00942968775029743,lambda.min
Brandon Knight,Blocker,-0.009497566913628217,lambda.min
Robert Hainsey,Blocker,-0.00952960080943931,lambda.min
Parker Ehinger,Blocker,-0.009775282967063354,lambda.min
Luke Gifford,Rusher,-0.009778795494259616,lambda.min
Blake Cashman,Rusher,-0.009794718678180672,lambda.min
Marcus Allen,Rusher,-0.010140340506286611,lambda.min
Akeem Davis-Gaither,Rusher,-0.010224560671216451,lambda.min
Myles Adams,Rusher,-0.010232310038423138,lambda.min
Lavonte David,Rusher,-0.01054270003348613,lambda.min
Nick Martin,Blocker,-0.010598342415596908,lambda.min
Kevin Pierre-Louis,Rusher,-0.01065583730918187,lambda.min
Freedom Akinmoladun,Rusher,-0.010656040226350041,lambda.min
Danny Trevathan,Rusher,-0.010677632800117812,lambda.min
Noah Spence,Rusher,-0.010744876605814212,lambda.min
Isaiah Williams,Blocker,-0.010769701706962518,lambda.min
Carter Coughlin,Rusher,-0.011037830388642107,lambda.min
Blake Martinez,Rusher,-0.011239111539250755,lambda.min
Reginald Mckenzie,Rusher,-0.01158400153569181,lambda.min
David Moa,Rusher,-0.011588200026064428,lambda.min
Travin Howard,Rusher,-0.011909357473882583,lambda.min
Clay Johnston,Rusher,-0.011969915177987192,lambda.min
Deatrich Wise Jr.,Rusher,-0.012088366650826333,lambda.min
Marvin Wilson,Rusher,-0.012096330133211966,lambda.min
Zach Sieler,Rusher,-0.012366818385066841,lambda.min
Nick Thurman,Rusher,-0.012395053216054974,lambda.min
Azur Kamara,Rusher,-0.0124300316024743,lambda.min
Aaron Patrick,Rusher,-0.012705729288892634,lambda.min
Dawuane Smoot,Rusher,-0.012816326524167925,lambda.min
Kahlil Mckenzie,Rusher,-0.012849001002827588,lambda.min
Akeem Spence,Rusher,-0.012886128193004337,lambda.min
Ledarius Mack,Rusher,-0.013087811358095832,lambda.min
Alex Barshaba,Blocker,-0.013202390522444839,lambda.min
E.J. Speed,Rusher,-0.013202872124275497,lambda.min
Billy Price,Blocker,-0.013442914856796715,lambda.min
Bilal Nichols,Rusher,-0.013462346183521257,lambda.min
Xavier Williams,Rusher,-0.013908378130919089,lambda.min
Andrew Whitworth,Blocker,-0.014003032855973221,lambda.min
Woodrow Hamilton,Rusher,-0.014313769643875849,lambda.min
Bradlee Anae,Rusher,-0.014393083769398355,lambda.min
Carl Granderson,Rusher,-0.014536553293185945,lambda.min
Emeke Egbule,Rusher,-0.014892796994051372,lambda.min
Brandon Graham,Rusher,-0.015109065075832429,lambda.min
Hamilcar Rashed Jr.,Rusher,-0.015321794752275915,lambda.min
Abdullah Anderson,Rusher,-0.015385938974434934,lambda.min
Jesse Davis,Blocker,-0.015812697188351776,lambda.min
Tyler Matakevich,Rusher,-0.015907705026116374,lambda.min
Bobby Brown III,Rusher,-0.015932712145157565,lambda.min
Nick Niemann,Rusher,-0.016236046823968252,lambda.min
Marquiss Spencer,Rusher,-0.016289171579927417,lambda.min
Eric Banks,Rusher,-0.016497314868942008,lambda.min
Nick Dzubnar,Rusher,-0.016870132785204495,lambda.min
John Simon,Rusher,-0.017066729064717557,lambda.min
Benardrick Mckinney,Rusher,-0.017220037816713375,lambda.min
Eric Wilson,Rusher,-0.01722615133688604,lambda.min
Malik Harrison,Rusher,-0.01741451727123769,lambda.min
Christian Jones,Rusher,-0.017469570414119107,lambda.min
Bradley Chubb,Rusher,-0.017554585660611806,lambda.min
Monty Rice,Rusher,-0.017593870823203794,lambda.min
"David Long, Jr.",Rusher,-0.017734705117265985,lambda.min
Henry Anderson,Rusher,-0.018064955345332895,lambda.min
Anthony Pittman,Rusher,-0.018103361313723813,lambda.min
Curtis Robinson,Rusher,-0.0181644012242934,lambda.min
A.J. Johnson,Rusher,-0.01821882326201432,lambda.min
Vincent Taylor,Rusher,-0.018369183825180255,lambda.min
Sean Harlow,Blocker,-0.018539101056172617,lambda.min
Ron'Dell Carter,Rusher,-0.01877952157797442,lambda.min
Max Scharping,Blocker,-0.018958587779351332,lambda.min
Devin White,Rusher,-0.0192077492890812,lambda.min
Kyle Van Noy,Rusher,-0.019218579570284715,lambda.min
Will Clapp,Blocker,-0.019307069527282086,lambda.min
Zack Baun,Rusher,-0.01934819255624501,lambda.min
Lloyd Cushenberry III,Blocker,-0.019367516920467974,lambda.min
Orlando Brown,Blocker,-0.01958314827520055,lambda.min
Casey Tucker,Blocker,-0.019587699182014487,lambda.min
Kylie Fitts,Rusher,-0.019679596166707808,lambda.min
Takkarist Mckinley,Rusher,-0.019716150160052598,lambda.min
Kendal Vickers,Rusher,-0.019745744139931735,lambda.min
Jamien Sherwood,Rusher,-0.019868633187947484,lambda.min
Austin Reiter,Blocker,-0.019994016447315025,lambda.min
Joe Walker,Rusher,-0.02013224997648734,lambda.min
Otito Ogbonnia,Rusher,-0.020363558895227257,lambda.min
Shaun Bradley,Rusher,-0.020479590593887383,lambda.min
Wyatt Ray,Rusher,-0.02052639314834278,lambda.min
Jack Heflin,Rusher,-0.020770145834244063,lambda.min
T.Y. Mcgill,Rusher,-0.02102888886659465,lambda.min
Forrest Merrill,Rusher,-0.02103183410151495,lambda.min
Del'Shawn Phillips,Rusher,-0.02124389183950568,lambda.min
Bruce Hector,Rusher,-0.021515097242012372,lambda.min
Jihad Ward,Rusher,-0.021598436316370918,lambda.min
Duke Riley,Rusher,-0.022534001647537077,lambda.min
Caraun Reid,Rusher,-0.022898971181827123,lambda.min
Clelin Ferrell,Rusher,-0.0229821418265434,lambda.min
Matt Milano,Rusher,-0.023263904016547644,lambda.min
Jerry Tillery,Rusher,-0.023530349902856285,lambda.min
Carlos Basham Jr.,Rusher,-0.0236313586887469,lambda.min
Jordan Smith,Rusher,-0.02373309622054858,lambda.min
Elijah Lee,Rusher,-0.023814083855241055,lambda.min
Jordan Mailata,Blocker,-0.024092758533093103,lambda.min
Brandin Bryant,Rusher,-0.02436592384462588,lambda.min
Cole Toner,Blocker,-0.024761459802755292,lambda.min
Sione Takitaki,Rusher,-0.024875894419700964,lambda.min
Zaire Franklin,Rusher,-0.02503858968589539,lambda.min
Ladarius Hamilton,Rusher,-0.025187522319399355,lambda.min
Greg Gaines,Rusher,-0.025269217575249754,lambda.min
Aaron James Klein,Rusher,-0.025351529546203032,lambda.min
Hamsah Nasirildeen,Rusher,-0.0253638284210607,lambda.min
Jackson Barton,Blocker,-0.025456120601031147,lambda.min
Doug Costin,Rusher,-0.02557867030591556,lambda.min
Dalvin Tomlinson,Rusher,-0.025691145997257844,lambda.min
Victor Dimukeje,Rusher,-0.026028918473074432,lambda.min
Dillon Radunz,Blocker,-0.02611002184034271,lambda.min
Jeremiah Owusu-Koramoah,Rusher,-0.026166352310077107,lambda.min
Mack Wilson Sr.,Rusher,-0.02630350284803925,lambda.min
Andrus Peat,Blocker,-0.0263775915684089,lambda.min
Tarron Jackson,Rusher,-0.026386105991344666,lambda.min
Justin Madubuike,Rusher,-0.026432687997133643,lambda.min
David Mayo,Rusher,-0.02661392341146475,lambda.min
Tyler Shelvin,Rusher,-0.026687183358710447,lambda.min
Lerentee Mccray,Rusher,-0.02691064809559835,lambda.min
Oren Burks,Rusher,-0.02703717988877444,lambda.min
James Ferentz,Blocker,-0.027908997628739163,lambda.min
Jerry Hughes,Rusher,-0.028003681789945258,lambda.min
Justin Murray,Blocker,-0.02850069755587091,lambda.min
Julian Okwara,Rusher,-0.028688518489486822,lambda.min
Joseph Jones,Rusher,-0.02883968037381524,lambda.min
Sam Kamara,Rusher,-0.0291395037908302,lambda.min
Pete Werner,Rusher,-0.029159634547156865,lambda.min
Chris Williams,Rusher,-0.029184952954435142,lambda.min
Shaq Lawson,Rusher,-0.02935236635373641,lambda.min
Vita Vea,Rusher,-0.029357945709272637,lambda.min
Roy Robertson-Harris,Rusher,-0.029636257248404352,lambda.min
Trysten Hill,Rusher,-0.029901059901146523,lambda.min
Trent Harris,Rusher,-0.029976176823840302,lambda.min
Jack Conklin,Blocker,-0.03045825534887741,lambda.min
Fred Warner,Rusher,-0.030483992967176174,lambda.min
Spencer Brown,Blocker,-0.03051519042589211,lambda.min
Dakota Allen,Rusher,-0.030587768216866696,lambda.min
Zaven Collins,Rusher,-0.03112293272417765,lambda.min
Shaquille Quarterman,Rusher,-0.03134994866427586,lambda.min
Troy Dye,Rusher,-0.03139916342417476,lambda.min
Jonathan Harris,Rusher,-0.03147856745321233,lambda.min
Frankie Luvu,Rusher,-0.03152468325891023,lambda.min
Cesar Ruiz,Blocker,-0.03199199235251015,lambda.min
Jonathan Marshall,Rusher,-0.03260693402103433,lambda.min
Alijah Vera-Tucker,Blocker,-0.032640582505274365,lambda.min
Mike Daniels,Rusher,-0.03328653482154506,lambda.min
Ed Oliver,Rusher,-0.033553731528779454,lambda.min
Adam Gotsis,Rusher,-0.03357638541755173,lambda.min
Demetrius Flannigan-Fowles,Rusher,-0.033871357883587846,lambda.min
Elerson Smith,Rusher,-0.03418425375730691,lambda.min
Carl Nassib,Rusher,-0.03423341274600404,lambda.min
Yasir Durant,Blocker,-0.034277170984505743,lambda.min
Davion Taylor,Rusher,-0.03430491409943125,lambda.min
Demone Harris,Rusher,-0.03432803975734641,lambda.min
Chase Roullier,Blocker,-0.034421043744128854,lambda.min
Anthony Hitchens,Rusher,-0.03490044413607148,lambda.min
Jake Zimmer,Rusher,-0.03561452754946166,lambda.min
Renell Wren,Rusher,-0.035619645162290554,lambda.min
Mike Danna,Rusher,-0.03563234552973252,lambda.min
Jarrad Davis,Rusher,-0.036022690506316055,lambda.min
Markus Bailey,Rusher,-0.036310593895940636,lambda.min
Nate Solder,Blocker,-0.036537457475665974,lambda.min
Rashod Berry,Rusher,-0.036563539416505364,lambda.min
Darius Leonard,Rusher,-0.036783142504740296,lambda.min
Jamir Jones,Rusher,-0.037113113900502245,lambda.min
Stephen Weatherly,Rusher,-0.03731956710633039,lambda.min
Amani Bledsoe,Rusher,-0.037893143500216254,lambda.min
Blake Hance,Blocker,-0.038570929177779135,lambda.min
Reggie Ragland,Rusher,-0.03892750531724369,lambda.min
Breiden Fehoko,Rusher,-0.039037777647523725,lambda.min
Senio Kelemete,Blocker,-0.039045976658771124,lambda.min
Daviyon Nixon,Rusher,-0.0397679216121021,lambda.min
D.J. Wonnum,Rusher,-0.03998514697372563,lambda.min
Mykal Walker,Rusher,-0.040043834835589855,lambda.min
K.J. Wright,Rusher,-0.04004979534845035,lambda.min
Ronald Blair,Rusher,-0.04006908443429884,lambda.min
Eric Kendricks,Rusher,-0.04036083472824227,lambda.min
Kenneth Murray Jr.,Rusher,-0.0409791291107119,lambda.min
Eli Ankou,Rusher,-0.04131608557803684,lambda.min
Brennan Scarlett,Rusher,-0.04193811618796012,lambda.min
Matt Feiler,Blocker,-0.041941628752159274,lambda.min
Steve Mclendon,Rusher,-0.04215964268571639,lambda.min
Ernest Jones,Rusher,-0.04223773548778238,lambda.min
Willie Gay,Rusher,-0.04233492966185497,lambda.min
Nick Gates,Blocker,-0.04291450961436856,lambda.min
Malcolm Smith,Rusher,-0.04298927935946907,lambda.min
Angelo Blackson,Rusher,-0.043047682205863205,lambda.min
James Smith-Williams,Rusher,-0.043501892444168196,lambda.min
Jeremiah Attaochu,Rusher,-0.04359020309007962,lambda.min
Justin Strnad,Rusher,-0.0436769510873379,lambda.min
Chuma Edoga,Blocker,-0.04387807705184694,lambda.min
Jonas Griffith,Rusher,-0.04432372960774479,lambda.min
Marlon Tuipulotu,Rusher,-0.04446994018228556,lambda.min
Kaden Elliss,Rusher,-0.044825751877221987,lambda.min
Matt Peart,Blocker,-0.044918126946601224,lambda.min
Matt Ioannidis,Rusher,-0.04500620577223141,lambda.min
Chris Rumph II,Rusher,-0.04502969911705287,lambda.min
Zach Kerr,Rusher,-0.04527920563200223,lambda.min
Ja'Whaun Bentley,Rusher,-0.04556996134571736,lambda.min
Carlos Davis,Rusher,-0.0456494212095032,lambda.min
Nick Bolton,Rusher,-0.045669499781956474,lambda.min
Patrick Jones II,Rusher,-0.04606859218014994,lambda.min
Rashaan Evans,Rusher,-0.04619320903404405,lambda.min
Joe Schobert,Rusher,-0.04640979089144408,lambda.min
Andrew Billings,Rusher,-0.04652071948941823,lambda.min
Bryce Huff,Rusher,-0.04658149306723042,lambda.min
Antwaun Woods,Rusher,-0.04664323424444564,lambda.min
Andre Mintze,Rusher,-0.0468859917619428,lambda.min
Cameron Malveaux,Rusher,-0.0469109479104673,lambda.min
D'Ante Smith,Blocker,-0.04743083182079549,lambda.min
Bobby Hart,Blocker,-0.047505930794421995,lambda.min
Anthony Nelson,Rusher,-0.04764307554508539,lambda.min
Carlos Watkins,Rusher,-0.04776565200185391,lambda.min
Andre Dillard,Blocker,-0.04778989237504794,lambda.min
Elandon Roberts,Rusher,-0.047942618507378146,lambda.min
Michael Hoecht,Rusher,-0.047977829982687986,lambda.min
Josh Bynes,Rusher,-0.04845342423598747,lambda.min
Eric Fisher,Blocker,-0.048740955220146084,lambda.min
Malcom Brown,Rusher,-0.04882348471569388,lambda.min
Colby Gossett,Blocker,-0.04886218919013643,lambda.min
Kevin Strong,Rusher,-0.04901501395421482,lambda.min
Trey Hill,Blocker,-0.04993769135159351,lambda.min
Ben Niemann,Rusher,-0.050160946689263776,lambda.min
Robert Spillane,Rusher,-0.050632023785016016,lambda.min
Mekhi Becton,Blocker,-0.05067725000019125,lambda.min
Jason Pierre-Paul,Rusher,-0.050939873261505564,lambda.min
Cameron Erving,Blocker,-0.050958463499971254,lambda.min
Darius Philon,Rusher,-0.05096973406043118,lambda.min
Damien Lewis,Blocker,-0.05098498450303575,lambda.min
Charles Harris,Rusher,-0.051166845100613784,lambda.min
Ben Banogu,Rusher,-0.05197212891029185,lambda.min
Levi Onwuzurike,Rusher,-0.05260386578944261,lambda.min
Jayon Brown,Rusher,-0.05329889524927822,lambda.min
Chauncey Golston,Rusher,-0.05391870439162682,lambda.min
Solomon Kindley,Blocker,-0.05400822102647679,lambda.min
Tipa Galeai,Rusher,-0.05407727399813574,lambda.min
Walker Little,Blocker,-0.05410969435526556,lambda.min
James Daniels,Blocker,-0.05511258594011938,lambda.min
Dennis Gardeck,Rusher,-0.055244391920731065,lambda.min
Aj Jackson,Blocker,-0.05543283945320956,lambda.min
Marcell Harris,Rusher,-0.05580113456728551,lambda.min
Logan Wilson,Rusher,-0.055841657118621726,lambda.min
Jalyn Holmes,Rusher,-0.05634995140066891,lambda.min
Divine Deablo,Rusher,-0.05636692696132338,lambda.min
Jamie Collins Sr.,Rusher,-0.05644187565104266,lambda.min
Zach Cunningham,Rusher,-0.05689459484144392,lambda.min
Chase Winovich,Rusher,-0.05729655063128722,lambda.min
Neville Hewitt,Rusher,-0.05772700006440812,lambda.min
Alex Okafor,Rusher,-0.058167593782691464,lambda.min
Jaylon Smith,Rusher,-0.05967617040310824,lambda.min
Milton Williams,Rusher,-0.0597635608387299,lambda.min
Royce Newman,Blocker,-0.05993225765349849,lambda.min
Da'Shawn Hand,Rusher,-0.06010324894641461,lambda.min
Christian Barmore,Rusher,-0.06016770647654744,lambda.min
Tommy Togiai,Rusher,-0.06054041588683347,lambda.min
Drue Tranquill,Rusher,-0.06084307580513862,lambda.min
Porter Gustin,Rusher,-0.06104272153797811,lambda.min
Tershawn Wharton,Rusher,-0.06130209507990292,lambda.min
Cory Littleton,Rusher,-0.06149665581518873,lambda.min
Jonathan Garvin,Rusher,-0.0632214899104126,lambda.min
Tae Crowder,Rusher,-0.06331465049539886,lambda.min
Frank Clark,Rusher,-0.06341610453129197,lambda.min
Leighton Vander Esch,Rusher,-0.06370576025670398,lambda.min
Keanu Neal,Rusher,-0.06407140178241273,lambda.min
Yodny Cajuste,Blocker,-0.06433516624521833,lambda.min
Chris Hubbard,Blocker,-0.06442992661889015,lambda.min
Denzel Perryman,Rusher,-0.06443946161627148,lambda.min
Alex Leatherwood,Blocker,-0.06493644116489325,lambda.min
Chris Board,Rusher,-0.0651109282711157,lambda.min
Chukwuma Okorafor,Blocker,-0.0653194131743671,lambda.min
Justin Jones,Rusher,-0.06534433195419581,lambda.min
Krys Barnes,Rusher,-0.06552024114849846,lambda.min
Daquan Jones,Rusher,-0.0655250177601713,lambda.min
Nick Vigil,Rusher,-0.06564457486792825,lambda.min
Lawrence Guy,Rusher,-0.06628112285124224,lambda.min
Fletcher Cox,Rusher,-0.06672644122533429,lambda.min
Tyre Phillips,Blocker,-0.0668708786674261,lambda.min
Jaylon Ferguson,Rusher,-0.06728547878551142,lambda.min
Samson Ebukam,Rusher,-0.06732847092317844,lambda.min
Kyzir White,Rusher,-0.0673432848113919,lambda.min
Aaron Stinnie,Blocker,-0.06743246322215095,lambda.min
Tre'Vour Wallace-Simms,Blocker,-0.06820698556715234,lambda.min
Marquise Copeland,Rusher,-0.0683050850489496,lambda.min
Kenny Young,Rusher,-0.06894804084537601,lambda.min
Khalid Kareem,Rusher,-0.069313654198061,lambda.min
Tim Ward,Rusher,-0.06939977158602692,lambda.min
T.J. Edwards,Rusher,-0.06964824081056578,lambda.min
Daniel Wise,Rusher,-0.07007087974138748,lambda.min
D.J. Jones,Rusher,-0.07018854330464798,lambda.min
Derrick Barnes,Rusher,-0.07033013169267427,lambda.min
Germaine Pratt,Rusher,-0.07051898778288752,lambda.min
Jackson Carman,Blocker,-0.07090878776129006,lambda.min
Marcus Cannon,Blocker,-0.07095423617243862,lambda.min
Taco Charlton,Rusher,-0.07105361791705811,lambda.min
Rakeem Nunez-Roches,Rusher,-0.07173096951767892,lambda.min
Cedric Ogbuehi,Blocker,-0.07176338544153021,lambda.min
De'Vondre Campbell,Rusher,-0.07182782351185438,lambda.min
Brent Urban,Rusher,-0.07210666075927359,lambda.min
Brandon Copeland,Rusher,-0.0721655866258829,lambda.min
Jermaine Carter Jr.,Rusher,-0.07216794740705249,lambda.min
Carl Davis Jr.,Rusher,-0.0730408427473396,lambda.min
Mike Mcglinchey,Blocker,-0.07315885422235124,lambda.min
David Quessenberry,Blocker,-0.07336817579910344,lambda.min
Azeez Al-Shaair,Rusher,-0.07458441218733558,lambda.min
Alec Ogletree,Rusher,-0.0749213545964438,lambda.min
Josiah Bronson,Rusher,-0.075057925588433,lambda.min
Tyler Larsen,Blocker,-0.07554846687082749,lambda.min
Xavier Su'A-Filo,Blocker,-0.0757561287615054,lambda.min
Mike Pennel,Rusher,-0.07597180031921427,lambda.min
Margus Hunt,Rusher,-0.07638280557931715,lambda.min
William Gholston,Rusher,-0.0764056119934086,lambda.min
Wyatt Raymond,Rusher,-0.0770024648270967,lambda.min
Andrew Wylie,Blocker,-0.07705918547912759,lambda.min
Alex Bars,Blocker,-0.07773072004365879,lambda.min
Isaac Rochell,Rusher,-0.07807406842786492,lambda.min
Kyle Fuller,Blocker,-0.07821331138602522,lambda.min
Tremaine Edmunds,Rusher,-0.0784942513735174,lambda.min
Ifeadi Odenigbo,Rusher,-0.07861480401200298,lambda.min
Cole Holcomb,Rusher,-0.07877292732110942,lambda.min
Dan Moore Jr.,Blocker,-0.07918594218063531,lambda.min
Devin Bush,Rusher,-0.08039420432860331,lambda.min
Jordan Simmons,Blocker,-0.08049371499656692,lambda.min
Joe Haeg,Blocker,-0.08094631920200733,lambda.min
Andrew Thomas,Blocker,-0.08112407123430906,lambda.min
Baron Browning,Rusher,-0.08112930507155697,lambda.min
Dayo Odeyingbo,Rusher,-0.08197654095462908,lambda.min
Shaq Thompson,Rusher,-0.08222536389148309,lambda.min
Devon Kennard,Rusher,-0.08223951537213232,lambda.min
A'Shawn Robinson,Rusher,-0.08235719199925,lambda.min
Khalen Saunders,Rusher,-0.0824483257025177,lambda.min
Myles Jack,Rusher,-0.08282755017519398,lambda.min
Storm Norton,Blocker,-0.08287413845311291,lambda.min
Alton Robinson,Rusher,-0.08305632021684257,lambda.min
Tommy Doyle,Blocker,-0.08368256510022805,lambda.min
Christian Wilkins,Rusher,-0.08374840696056873,lambda.min
Laurent Duvernay-Tardif,Blocker,-0.0838355317209577,lambda.min
Jalen Reeves-Maybin,Rusher,-0.08415337403191328,lambda.min
Andrew Van Ginkel,Rusher,-0.08424930143679132,lambda.min
Patrick Queen,Rusher,-0.08433018697061848,lambda.min
Elijah Wilkinson,Blocker,-0.08486568511977988,lambda.min
Oshane Ximines,Rusher,-0.08505824888816013,lambda.min
Deion Jones,Rusher,-0.08527147917374697,lambda.min
Ogbonnia Okoronkwo,Rusher,-0.08585018497037938,lambda.min
Bruce Irvin,Rusher,-0.08586505430699712,lambda.min
John Jenkins,Rusher,-0.0860588808993149,lambda.min
Larrell Murchison,Rusher,-0.08697327560523213,lambda.min
Roy Lopez,Rusher,-0.08734171079433095,lambda.min
Jarran Reed,Rusher,-0.08822851150779093,lambda.min
Tim Settle,Rusher,-0.08901237785337993,lambda.min
T.J. Slaton,Rusher,-0.08933800182127255,lambda.min
Quincy Williams,Rusher,-0.08972854161650462,lambda.min
Charles Leno Jr.,Blocker,-0.09040309036854649,lambda.min
Isaiah Simmons,Rusher,-0.0908259458437646,lambda.min
Christian Darrisaw,Blocker,-0.0910930058676517,lambda.min
Michael Dunn,Blocker,-0.09154655725350172,lambda.min
Kerry Hyder Jr.,Rusher,-0.09158224009335963,lambda.min
Adetokunbo Ogundeji,Rusher,-0.09187214206276156,lambda.min
Bobby Wagner,Rusher,-0.09262893741110105,lambda.min
Germain Ifedi,Blocker,-0.0927053369716207,lambda.min
Julie'N Davenport,Blocker,-0.09277690903235203,lambda.min
Ty Nsekhe,Blocker,-0.093782679554697,lambda.min
Joe Gaziano,Rusher,-0.09397954852397412,lambda.min
Christian Kirksey,Rusher,-0.09411983457005674,lambda.min
Sam Cosmi,Blocker,-0.09441669370887637,lambda.min
Anthony Barr,Rusher,-0.09468477648530751,lambda.min
Eddie Goldman,Rusher,-0.09490244882618248,lambda.min
Khyiris Tonga,Rusher,-0.095798084359006,lambda.min
Ben Bredeson,Blocker,-0.09607673945050708,lambda.min
Kamu Grugier-Hill,Rusher,-0.09649441945100361,lambda.min
Jonathan Bullard,Rusher,-0.10044717526851407,lambda.min
Bobby Evans,Blocker,-0.10176572723685073,lambda.min
Jake Curhan,Blocker,-0.10202098593765907,lambda.min
Alex Anzalone,Rusher,-0.10206176954673668,lambda.min
Charles Omenihu,Rusher,-0.10219178645587501,lambda.min
D.J. Reader,Rusher,-0.10231148996815094,lambda.min
Morgan Moses,Blocker,-0.102670949063353,lambda.min
Quinton Bohanna,Rusher,-0.10317082653770437,lambda.min
Pernell Mcphee,Rusher,-0.10392771392065935,lambda.min
Cam Sample,Rusher,-0.10433750296533127,lambda.min
Robert Nkemdiche,Rusher,-0.10496545238865027,lambda.min
Alejandro Villanueva,Blocker,-0.10499306369230633,lambda.min
Brandon Shell,Blocker,-0.1062339356423551,lambda.min
Elgton Jenkins,Blocker,-0.1065720729142741,lambda.min
Greg Van Roten,Blocker,-0.10712330882421964,lambda.min
Isaiah Buggs,Rusher,-0.107585433831993,lambda.min
Melvin Ingram,Rusher,-0.10772299744754478,lambda.min
Kendall Lamm,Blocker,-0.10888212460252653,lambda.min
Graham Glasgow,Blocker,-0.1111405600158121,lambda.min
Malcolm Roach,Rusher,-0.11125621727972086,lambda.min
Marlon Davidson,Rusher,-0.11139407061138756,lambda.min
Bobby Okereke,Rusher,-0.11323018578280572,lambda.min
James Lynch,Rusher,-0.11366675706174491,lambda.min
Foyesade Oluokun,Rusher,-0.11425910671207902,lambda.min
Danny Shelton,Rusher,-0.11459047217429215,lambda.min
Albert Huggins,Rusher,-0.11631244033331405,lambda.min
L.J. Collier,Rusher,-0.11653235023432208,lambda.min
Roquan Smith,Rusher,-0.11719919146593732,lambda.min
Ryan Mccollum,Blocker,-0.11726774409528747,lambda.min
Damien Wilson,Rusher,-0.11805187926452308,lambda.min
David Sharpe,Blocker,-0.11838434083778988,lambda.min
Dont'A Hightower,Rusher,-0.11998804304348223,lambda.min
Ryan Kerrigan,Rusher,-0.12073560534030987,lambda.min
C.J. Mosley,Rusher,-0.12093814681700911,lambda.min
John Penisini,Rusher,-0.12121124201208915,lambda.min
Jaleel Johnson,Rusher,-0.1228825108076037,lambda.min
George Fant,Blocker,-0.123068937132678,lambda.min
Daniel Brunskill,Blocker,-0.12349246090422522,lambda.min
Montravius Adams,Rusher,-0.12370428987687541,lambda.min
Ereck Flowers Sr.,Blocker,-0.1250897887552112,lambda.min
Kevin Givens,Rusher,-0.1253354602588667,lambda.min
Morgan Fox,Rusher,-0.12591307420589046,lambda.min
Jordan Hicks,Rusher,-0.12608225052769928,lambda.min
Davon Hamilton,Rusher,-0.12614794863653828,lambda.min
Casey Toohill,Rusher,-0.12708226607007186,lambda.min
Colton Mckivitz,Blocker,-0.12732897555642678,lambda.min
Austin Johnson,Rusher,-0.12792096567927563,lambda.min
Poona Ford,Rusher,-0.12921146153038737,lambda.min
Al Woods,Rusher,-0.12957087126086492,lambda.min
Anthony Rush,Rusher,-0.13043178570147543,lambda.min
Daron Payne,Rusher,-0.1306607317083679,lambda.min
Christian Ringo,Rusher,-0.1327554909704747,lambda.min
Will Holden,Blocker,-0.13312714217101795,lambda.min
Quinton Spain,Blocker,-0.13374835916038072,lambda.min
Kaleb McGary,Blocker,-0.1345524732750653,lambda.min
Tom Compton,Blocker,-0.13514434168822825,lambda.min
Tyeler Davison,Rusher,-0.1352434521925772,lambda.min
Caleb Benenoch,Blocker,-0.1353071603067091,lambda.min
Ta'Quon Graham,Rusher,-0.13581274538868654,lambda.min
James Hudson III,Blocker,-0.136027447877764,lambda.min
Isaiahh Loudermilk,Rusher,-0.13691580252051608,lambda.min
Justin Hamilton,Rusher,-0.13881888457126565,lambda.min
Malik Jackson,Rusher,-0.13945639492941403,lambda.min
Patrick Mekari,Blocker,-0.13973898322314257,lambda.min
Tyler Lancaster,Rusher,-0.14059122649565137,lambda.min
Korey Cunningham,Blocker,-0.14091646771301913,lambda.min
Connor Mcgovern,Blocker,-0.14223751320624647,lambda.min
Calais Campbell,Rusher,-0.14300580512437833,lambda.min
Grover Stewart,Rusher,-0.1436405750545499,lambda.min
Larry Borom,Blocker,-0.1477725547118795,lambda.min
Naquan Jones,Rusher,-0.15023389124409994,lambda.min
Ethan Pocic,Blocker,-0.15046051195230503,lambda.min
Maliek Collins,Rusher,-0.1506201837804297,lambda.min
Linval Joseph,Rusher,-0.15152868306118772,lambda.min
Dexter Lawrence,Rusher,-0.15159347605003182,lambda.min
Brandon Parker,Blocker,-0.15179570633785905,lambda.min
Corey Peters,Rusher,-0.1534092578231346,lambda.min
Duane Brown,Blocker,-0.1544536027931755,lambda.min
Leki Fotu,Rusher,-0.15647182719499417,lambda.min
Bravvion Roy,Rusher,-0.15771056300562308,lambda.min
Iosua Opeta,Blocker,-0.16169610747360025,lambda.min
Deshawn Williams,Rusher,-0.163367279445364,lambda.min
Kayode Awosika,Blocker,-0.16431963312368203,lambda.min
Teven Jenkins,Blocker,-0.16460593499145695,lambda.min
Davon Godchaux,Rusher,-0.16463280105195077,lambda.min
Sheldon Richardson,Rusher,-0.16600159409661033,lambda.min
Shamar Stephen,Rusher,-0.16648770007840683,lambda.min
Osa Odighizuwa,Rusher,-0.1673885239463945,lambda.min
Ben Powers,Blocker,-0.16774590667628375,lambda.min
Le'Raven Clark,Blocker,-0.16909338495159598,lambda.min
Justin Ellis,Rusher,-0.17084205714280437,lambda.min
Mike Purcell,Rusher,-0.17172346138938754,lambda.min
Josh Tupou,Rusher,-0.17625419553847915,lambda.min
Raekwon Davis,Rusher,-0.17979072297445528,lambda.min
Adam Butler,Rusher,-0.1801472409301883,lambda.min
D.J. Humphries,Blocker,-0.1808537052536637,lambda.min
Steven Means,Rusher,-0.18366597437725882,lambda.min
Nick Williams,Rusher,-0.18700624541710384,lambda.min
Michael Brockers,Rusher,-0.18755946959731618,lambda.min
Teair Tart,Rusher,-0.1877272547070076,lambda.min
Trey Hopkins,Blocker,-0.188747860250215,lambda.min
Jedrick Wills Jr.,Blocker,-0.19553709035611624,lambda.min
Brandon Williams,Rusher,-0.19898028184439634,lambda.min
Trai Turner,Blocker,-0.1990463325581684,lambda.min
Shy Tuttle,Rusher,-0.19921089670396824,lambda.min
Jalen Mayfield,Blocker,-0.20066128783393244,lambda.min
Nathan Shepherd,Rusher,-0.20127946945804617,lambda.min
John Miller,Blocker,-0.20195045069186954,lambda.min
Jordan Elliott,Rusher,-0.212680668003516,lambda.min
Hakeem Adeniji,Blocker,-0.21491954236064792,lambda.min
Johnathan Hankins,Rusher,-0.22041816777251236,lambda.min
Liam Eichenberg,Blocker,-0.22915191505226304,lambda.min
Grady Jarrett,Rusher,-0.23138186798589805,lambda.min
Justin Mccray,Blocker,-0.2376960879105042,lambda.min
Folorunso Fatukasi,Rusher,-0.23858988310857707,lambda.min
Conor Mcdermott,Blocker,-0.24763466557206737,lambda.min
Saahdiq Charles,Blocker,-0.25034408348360443,lambda.min
Netane Muti,Blocker,-0.25983896093579145,lambda.min
Charlie Heck,Blocker,-0.2614687147435364,lambda.min
Dennis Daley,Blocker,-0.2661713195008791,lambda.min
Jason Peters,Blocker,-0.3346697758979203,lambda.min
Brady Christensen,Blocker,-0.3862046807246612,lambda.min
Aaron Brewer,Blocker,-0.4032205853017589,lambda.min
