player_name,role,weighted_severity_logit_score,elo_like_score,coefficient_source
Aaron Donald,Rusher,2.4520442500478436e-4,1000.0425963890088,lambda.min
Joe Thuney,Blocker,1.7152840998192336e-4,1000.0297975542995,lambda.min
Myles Garrett,Rusher,1.7065699548732483e-4,1000.029646174097,lambda.min
Josh Allen,Rusher,1.5376897503416905e-4,1000.0267124244598,lambda.min
T.J. Watt,Rusher,1.420943099317954e-4,1000.0246843274069,lambda.min
Trey Hopkins,Blocker,1.4086288533740653e-4,1000.0244704070445,lambda.min
Robert Quinn,Rusher,1.407681425184785e-4,1000.0244539485311,lambda.min
Zack Martin,Blocker,1.3045140318014158e-4,1000.0226617473447,lambda.min
Joel Bitonio,Blocker,1.2448144695991902e-4,1000.0216246597273,lambda.min
Tyler Biadasz,Blocker,1.2339810742210505e-4,1000.021436464374,lambda.min
Erik McCoy,Blocker,1.1283087263710959e-4,1000.0196007476716,lambda.min
Adam Gotsis,Rusher,1.1177739535390406e-4,1000.0194177399231,lambda.min
Quinnen Williams,Rusher,1.0979019939365007e-4,1000.0190725286271,lambda.min
Calvin Throckmorton,Blocker,1.0790865687607629e-4,1000.018745671214,lambda.min
J.C. Tretter,Blocker,1.0734179605698701e-4,1000.0186471974038,lambda.min
Nick Bosa,Rusher,1.072229913677836e-4,1000.0186265589153,lambda.min
Mitch Morse,Blocker,1.052265866092203e-4,1000.0182797478873,lambda.min
Michael Schofield III,Blocker,1.013632410399257e-4,1000.0176086160222,lambda.min
Corey Linsley,Blocker,9.879381324866794e-5,1000.0171622606977,lambda.min
Jonathan Allen,Rusher,9.440027017375857e-5,1000.0163990240924,lambda.min
Roy Robertson-Harris,Rusher,9.21881774911887e-5,1000.0160147442341,lambda.min
Chris Jones,Rusher,9.103165647156944e-5,1000.0158138359553,lambda.min
Gabe Jackson,Blocker,9.07527534671696e-5,1000.015765385541,lambda.min
Jacob Martin,Rusher,8.911355969754314e-5,1000.0154806284174,lambda.min
Micah Parsons,Rusher,8.860762980018556e-5,1000.0153927393924,lambda.min
Joey Bosa,Rusher,8.566134499860704e-5,1000.0148809172998,lambda.min
Jadeveon Clowney,Rusher,8.498619791008492e-5,1000.0147636322378,lambda.min
Wyatt Teller,Blocker,8.282106240346579e-5,1000.0143875096766,lambda.min
Javon Hargrave,Rusher,8.142840467946665e-5,1000.0141455802507,lambda.min
Josh Sweat,Rusher,8.102527379155034e-5,1000.0140755492426,lambda.min
Brandon Linder,Blocker,8.087136618506103e-5,1000.0140488127529,lambda.min
Maxx Crosby,Rusher,8.064322044473166e-5,1000.0140091797784,lambda.min
Creed Humphrey,Blocker,8.00403967528483e-5,1000.0139044585774,lambda.min
Malcom Brown,Rusher,7.968491120869634e-5,1000.0138427044133,lambda.min
Andrew Norwell,Blocker,7.741723322112303e-5,1000.0134487683986,lambda.min
Sam Mustipher,Blocker,7.702134881072562e-5,1000.0133799962326,lambda.min
Kevin Zeitler,Blocker,7.44007310721611e-5,1000.0129247483034,lambda.min
Evan Brown,Blocker,7.25792234769108e-5,1000.0126083200245,lambda.min
David Edwards,Blocker,7.140321350568052e-5,1000.0124040261679,lambda.min
Halapoulivaati Vaitai,Blocker,7.087659929296469e-5,1000.0123125439093,lambda.min
Ereck Flowers Sr.,Blocker,6.899730443728441e-5,1000.011986076955,lambda.min
Taven Bryan,Rusher,6.882685846084636e-5,1000.0119564674562,lambda.min
Lucas Patrick,Blocker,6.828097592741405e-5,1000.0118616379474,lambda.min
Sheldon Rankins,Rusher,6.73315208032114e-5,1000.0116967006988,lambda.min
J.J. Watt,Rusher,6.6754372692387e-5,1000.0115964398029,lambda.min
Andre James,Blocker,6.633895205212988e-5,1000.0115242738462,lambda.min
Khalil Mack,Rusher,6.595123820822942e-5,1000.0114569210531,lambda.min
Matt Hennessy,Blocker,6.574211928690258e-5,1000.0114205933756,lambda.min
Chase Roullier,Blocker,6.542415222847528e-5,1000.0113653568401,lambda.min
Mason Cole,Blocker,6.469011250894558e-5,1000.0112378410802,lambda.min
Andrew Whitworth,Blocker,6.436427631007066e-5,1000.011181237535,lambda.min
Kendrick Green,Blocker,6.317248116812784e-5,1000.0109742015135,lambda.min
Trey Hendrickson,Rusher,6.286724604943375e-5,1000.0109211767424,lambda.min
James Daniels,Blocker,6.178154705090075e-5,1000.0107325715087,lambda.min
Will Hernandez,Blocker,5.8726689113794294e-5,1000.0102018883307,lambda.min
D.J. Jones,Rusher,5.858647602859072e-5,1000.0101775308231,lambda.min
Daquan Jones,Rusher,5.777471719211945e-5,1000.0100365138697,lambda.min
Marcus Davenport,Rusher,5.6893776435491224e-5,1000.0098834787859,lambda.min
Ben Cleveland,Blocker,5.639100949327848e-5,1000.0097961392224,lambda.min
Lloyd Cushenberry III,Blocker,5.6331633973316505e-5,1000.0097858246381,lambda.min
Trey Smith,Blocker,5.601519104640007e-5,1000.0097308528714,lambda.min
Dalton Risner,Blocker,5.563899463152796e-5,1000.0096655008605,lambda.min
Deforest Buckner,Rusher,5.479377187737718e-5,1000.0095186706293,lambda.min
Carlos Dunlap,Rusher,5.455194616506566e-5,1000.0094766612003,lambda.min
David Andrews,Blocker,5.216048383170578e-5,1000.0090612216422,lambda.min
Alex Highsmith,Rusher,5.041872960090286e-5,1000.0087586479418,lambda.min
Davon Hamilton,Rusher,4.927621479101963e-5,1000.0085601727908,lambda.min
Justin Pugh,Blocker,4.923323667216506e-5,1000.0085527067268,lambda.min
Ed Oliver,Rusher,4.880445849497937e-5,1000.0084782203284,lambda.min
Jordan Mills,Blocker,4.862953553324217e-5,1000.0084478330975,lambda.min
Jonathan Greenard,Rusher,4.853030204680349e-5,1000.0084305944753,lambda.min
Haason Reddick,Rusher,4.729557396273452e-5,1000.0082161002379,lambda.min
Jonah Jackson,Blocker,4.664623776484034e-5,1000.0081032989868,lambda.min
Rashan Gary,Rusher,4.5843796533760345e-5,1000.0079639006673,lambda.min
Kevin Dotson,Blocker,4.5284839216928543e-5,1000.0078667998359,lambda.min
Mario Addison,Rusher,4.5138453535075124e-5,1000.0078413700385,lambda.min
Folorunso Fatukasi,Rusher,4.4396070237681224e-5,1000.0077124048506,lambda.min
Maliek Collins,Rusher,4.404496367292736e-5,1000.0076514113932,lambda.min
Dawuane Smoot,Rusher,4.344818540377645e-5,1000.0075477403896,lambda.min
Darius Philon,Rusher,4.315439265787522e-5,1000.0074967033621,lambda.min
Jerry Hughes,Rusher,4.308275694232365e-5,1000.0074842589638,lambda.min
Troy Reeder,Rusher,4.273393324567462e-5,1000.0074236620811,lambda.min
Rob Havenstein,Blocker,4.2644333783791175e-5,1000.0074080970604,lambda.min
Odafe Oweh,Rusher,4.172153902865052e-5,1000.0072477911923,lambda.min
Matt Paradis,Blocker,4.1529373649444395e-5,1000.0072144086469,lambda.min
Cesar Ruiz,Blocker,4.061322601118376e-5,1000.0070552575013,lambda.min
Olisaemeka Udoh,Blocker,3.983958710619206e-5,1000.0069208626583,lambda.min
Ezra Cleveland,Blocker,3.894014478584089e-5,1000.0067646135237,lambda.min
Cody Whitehair,Blocker,3.794952057351817e-5,1000.006592524472,lambda.min
Chandler Jones,Rusher,3.7746993147292135e-5,1000.0065573418545,lambda.min
Milton Williams,Rusher,3.7680191666012846e-5,1000.0065457372488,lambda.min
Darrell Taylor,Rusher,3.7580522733952e-5,1000.0065284229819,lambda.min
Tytus Howard,Blocker,3.755952302387373e-5,1000.0065247749585,lambda.min
John Simpson,Blocker,3.7479409459918016e-5,1000.006510857807,lambda.min
Markus Golden,Rusher,3.665904006697463e-5,1000.0063683450469,lambda.min
Robert Hunt,Blocker,3.573332665124641e-5,1000.0062075321556,lambda.min
Dre'Mont Jones,Rusher,3.567269247683692e-5,1000.0061969989206,lambda.min
Grady Jarrett,Rusher,3.54826777818981e-5,1000.0061639899872,lambda.min
J.C. Hassenauer,Blocker,3.5316185771238045e-5,1000.0061350673626,lambda.min
Von Miller,Rusher,3.5065778621941245e-5,1000.0060915671853,lambda.min
Tershawn Wharton,Rusher,3.485559398933074e-5,1000.0060550543749,lambda.min
Garrett Bradbury,Blocker,3.467677525563888e-5,1000.0060239903792,lambda.min
Vita Vea,Rusher,3.3953512265059444e-5,1000.0058983467288,lambda.min
Rodney Hudson,Blocker,3.388491708709698e-5,1000.005886430526,lambda.min
Danielle Hunter,Rusher,3.327484342750631e-5,1000.0057804498764,lambda.min
Lawrence Guy,Rusher,3.324211581491416e-5,1000.0057747645078,lambda.min
Derrick Brown,Rusher,3.308673413726395e-5,1000.0057477719457,lambda.min
Christian Wilkins,Rusher,3.286176021539648e-5,1000.0057086899725,lambda.min
Brian Allen,Blocker,3.2749732244718874e-5,1000.0056892287207,lambda.min
Sheldon Day,Rusher,3.207480605142454e-5,1000.0055719820322,lambda.min
Ryan Ramczyk,Blocker,3.153140517298639e-5,1000.005477583631,lambda.min
Jordan Jenkins,Rusher,3.136461231547953e-5,1000.0054486087439,lambda.min
Frank Ragnow,Blocker,3.102141192072657e-5,1000.0053889887289,lambda.min
Jeremiah Owusu-Koramoah,Rusher,3.09823094487487e-5,1000.0053821959337,lambda.min
Nathan Shepherd,Rusher,3.077085815591749e-5,1000.0053454630819,lambda.min
Shaq Mason,Blocker,3.075554182034156e-5,1000.0053428023618,lambda.min
Jaelan Phillips,Rusher,3.0392954160686656e-5,1000.005279814434,lambda.min
Greg Rousseau,Rusher,3.0367913793357255e-5,1000.0052754644767,lambda.min
Jermaine Carter Jr.,Rusher,3.019168035932407e-5,1000.0052448495934,lambda.min
Brandon Scherff,Blocker,3.002345482069736e-5,1000.0052156258242,lambda.min
Kyle Peko,Rusher,2.9921684877611902e-5,1000.0051979465743,lambda.min
Ben Powers,Blocker,2.982596607237769e-5,1000.0051813185147,lambda.min
Denico Autry,Rusher,2.9785205243449972e-5,1000.0051742376335,lambda.min
Bryan Mone,Rusher,2.949152626295988e-5,1000.0051232203692,lambda.min
Tae Crowder,Rusher,2.9299069674802063e-5,1000.0050897872355,lambda.min
Yetur Gross-Matos,Rusher,2.914880486909289e-5,1000.0050636835651,lambda.min
Patrick Queen,Rusher,2.814723452873731e-5,1000.0048896929763,lambda.min
Alejandro Villanueva,Blocker,2.792519627133e-5,1000.0048511209803,lambda.min
Kamu Grugier-Hill,Rusher,2.7488175023764418e-5,1000.0047752026138,lambda.min
Alijah Vera-Tucker,Blocker,2.737708607012822e-5,1000.004755904486,lambda.min
John Franklin-Myers,Rusher,2.722895534743257e-5,1000.0047301715439,lambda.min
Emmanuel Ogbah,Rusher,2.711240517316627e-5,1000.0047099247048,lambda.min
Ben Jones,Blocker,2.6753962363892616e-5,1000.0046476568111,lambda.min
Star Lotulelei,Rusher,2.651270065144064e-5,1000.004605745359,lambda.min
Daniel Ekuale,Rusher,2.634996399419294e-5,1000.0045774751061,lambda.min
Derick Roberson,Rusher,2.6338604032368995e-5,1000.0045755016786,lambda.min
Malik Mcdowell,Rusher,2.6259188462629787e-5,1000.0045617057812,lambda.min
Everson Griffen,Rusher,2.5329837107264235e-5,1000.004400260915,lambda.min
Alex Cappa,Blocker,2.528321858718484e-5,1000.0043921624485,lambda.min
Justin Houston,Rusher,2.5226264681841283e-5,1000.0043822685418,lambda.min
B.J. Finney,Blocker,2.4933353107066085e-5,1000.0043313845896,lambda.min
Tyler Shatley,Blocker,2.4766666467004532e-5,1000.0043024281543,lambda.min
Brian O'Neill,Blocker,2.4380386550435426e-5,1000.0042353244598,lambda.min
Demarcus Walker,Rusher,2.3827387088873332e-5,1000.004139258614,lambda.min
Keith Ismael,Blocker,2.3745223902016154e-5,1000.0041249854065,lambda.min
Brian Burns,Rusher,2.3732879029968012e-5,1000.0041228408826,lambda.min
Efe Obada,Rusher,2.3726487155173724e-5,1000.0041217305003,lambda.min
Bradley Bozeman,Blocker,2.3557885270837937e-5,1000.004092441353,lambda.min
Wes Schweitzer,Blocker,2.336730361055507e-5,1000.0040593339277,lambda.min
Yannick Ngakoue,Rusher,2.3325486747150375e-5,1000.0040520695944,lambda.min
Christian Kirksey,Rusher,2.329095937092589e-5,1000.0040460715749,lambda.min
Matt Milano,Rusher,2.2995690870424606e-5,1000.0039947781827,lambda.min
Tommy Kraemer,Blocker,2.263069617547166e-5,1000.00393137211,lambda.min
Lane Taylor,Blocker,2.2166213087901373e-5,1000.0038506831332,lambda.min
David Onyemata,Rusher,2.201314185918224e-5,1000.0038240919372,lambda.min
Trai Turner,Blocker,2.191196346239509e-5,1000.0038065154495,lambda.min
Preston Smith,Rusher,2.1542906769057015e-5,1000.0037424037353,lambda.min
Larry Ogunjobi,Rusher,2.1510195282588784e-5,1000.003736721168,lambda.min
DeMarcus Lawrence,Rusher,2.0874660098916002e-5,1000.0036263173987,lambda.min
Bryce Huff,Rusher,2.0850551061236344e-5,1000.0036221292299,lambda.min
Matthew Judon,Rusher,2.0841655037608362e-5,1000.0036205838323,lambda.min
Quinton Spain,Blocker,2.07052940887048e-5,1000.0035968955092,lambda.min
Jon Feliciano,Blocker,2.061749011497881e-5,1000.0035816423967,lambda.min
Charles Leno Jr.,Blocker,2.0540306219227086e-5,1000.0035682341808,lambda.min
Oday Aboushi,Blocker,2.0462466471315735e-5,1000.0035547120315,lambda.min
"David Long, Jr.",Rusher,2.0264760301862827e-5,1000.0035203669521,lambda.min
A.J. Epenesa,Rusher,2.013496461763848e-5,1000.0034978191323,lambda.min
Harold Landry III,Rusher,2.010621046195637e-5,1000.003492824024,lambda.min
Landon Dickerson,Blocker,2.0009182661413573e-5,1000.0034759685685,lambda.min
Randy Gregory,Rusher,1.979933634461855e-5,1000.0034395145296,lambda.min
Al-Quadin Muhammad,Rusher,1.9128077396558723e-5,1000.0033229049068,lambda.min
Jon Runyan,Blocker,1.906276540826479e-5,1000.0033115590523,lambda.min
Will Clapp,Blocker,1.8323954213820356e-5,1000.0031832144024,lambda.min
Vernon Butler,Rusher,1.7842353397131423e-5,1000.0030995517715,lambda.min
Tarell Basham,Rusher,1.7620341260147362e-5,1000.003060984313,lambda.min
Michael Dwumfour,Rusher,1.7524418963747576e-5,1000.0030443209034,lambda.min
Alim Mcneill,Rusher,1.7026532749372465e-5,1000.0029578292093,lambda.min
Jack Driscoll,Blocker,1.6965239877227214e-5,1000.0029471815468,lambda.min
Austin Corbett,Blocker,1.6804066181253725e-5,1000.0029191828081,lambda.min
Alex Singleton,Rusher,1.6464210128327306e-5,1000.0028601437647,lambda.min
Mario Edwards Jr.,Rusher,1.623700411493438e-5,1000.0028206740376,lambda.min
Donovan Smith,Blocker,1.6088735166208196e-5,1000.0027949170831,lambda.min
Josh Myers,Blocker,1.5680521149427377e-5,1000.002724003045,lambda.min
Kwon Alexander,Rusher,1.542362027631526e-5,1000.0026793747925,lambda.min
Marquis Haynes Sr.,Rusher,1.5241744102597783e-5,1000.002647779665,lambda.min
Jabari Zuniga,Rusher,1.5046185299476133e-5,1000.0026138076214,lambda.min
Ted Karras,Blocker,1.503134907830156e-5,1000.0026112303058,lambda.min
P.J. Williams,Rusher,1.4898831405489414e-5,1000.0025882096281,lambda.min
Jay Tufele,Rusher,1.4870159512647647e-5,1000.0025832288102,lambda.min
Kolton Miller,Blocker,1.486440932386869e-5,1000.0025822299001,lambda.min
Nick Harris,Blocker,1.4712645860933852e-5,1000.0025558658863,lambda.min
Ali Marpet,Blocker,1.4678725471345863e-5,1000.0025499733111,lambda.min
Jordyn Brooks,Rusher,1.46069442847001e-5,1000.0025375036417,lambda.min
Tristan Wirfs,Blocker,1.4298051824515636e-5,1000.0024838435254,lambda.min
Larry Borom,Blocker,1.4281330422861582e-5,1000.0024809387204,lambda.min
Phil Hoskins,Rusher,1.4200413691583397e-5,1000.0024668820445,lambda.min
Justin Hollins,Rusher,1.4147837922483494e-5,1000.0024577486979,lambda.min
Tyus Bowser,Rusher,1.3977876119444205e-5,1000.0024282233086,lambda.min
Genard Avery,Rusher,1.3757366219894908e-5,1000.0023899168156,lambda.min
Kevin Givens,Rusher,1.3740614517001918e-5,1000.0023870067467,lambda.min
Matt Feiler,Blocker,1.3704370736864776e-5,1000.0023807105573,lambda.min
Zach Kerr,Rusher,1.3462027381920083e-5,1000.0023386112046,lambda.min
Breiden Fehoko,Rusher,1.325686555792678e-5,1000.0023029709454,lambda.min
Yosh Nijman,Blocker,1.3081589210700232e-5,1000.0022725223251,lambda.min
Scott Quessenberry,Blocker,1.3066624439563933e-5,1000.0022699226781,lambda.min
Tyquan Lewis,Rusher,1.2528406436234685e-5,1000.0021764246346,lambda.min
Nate Davis,Blocker,1.2087960219457321e-5,1000.00209991129,lambda.min
Poona Ford,Rusher,1.2086747969254475e-5,1000.0020997007006,lambda.min
Mike Remmers,Blocker,1.2051809749802603e-5,1000.0020936313102,lambda.min
Shaka Toney,Rusher,1.1918598524425712e-5,1000.0020704901501,lambda.min
Akiem Hicks,Rusher,1.1849336476372514e-5,1000.0020584581,lambda.min
Tremaine Edmunds,Rusher,1.145423981946283e-5,1000.0019898227808,lambda.min
Davon Godchaux,Rusher,1.144077795738007e-5,1000.0019874842159,lambda.min
Maurice Hurst,Rusher,1.1382859794223674e-5,1000.0019774228005,lambda.min
Kemoko Turay,Rusher,1.1109606742850442e-5,1000.0019299538835,lambda.min
Terrell Lewis,Rusher,1.0976087594520482e-5,1000.0019067592317,lambda.min
Rakeem Nunez-Roches,Rusher,1.0965943519088103e-5,1000.0019049970253,lambda.min
Hassan Ridgeway,Rusher,1.0855420157588299e-5,1000.001885797151,lambda.min
Billy Turner,Blocker,1.0792955663565076e-5,1000.001874945957,lambda.min
Javon Kinlaw,Rusher,1.0708574497901784e-5,1000.001860287447,lambda.min
Cole Toner,Blocker,1.052398738966442e-5,1000.0018282213821,lambda.min
Jonathan Marshall,Rusher,1.0247830896096044e-5,1000.0017802480855,lambda.min
Isaac Seumalo,Blocker,1.0200679880624354e-5,1000.0017720571152,lambda.min
Lane Johnson,Blocker,9.897453787040708e-6,1000.0017193813475,lambda.min
Zach Cunningham,Rusher,9.723686903078493e-6,1000.001689194948,lambda.min
Josh Uche,Rusher,9.663807941084317e-6,1000.0016787929069,lambda.min
Danny Pinter,Blocker,9.641000664753766e-6,1000.0016748308772,lambda.min
Tyler Larsen,Blocker,9.572232986768901e-6,1000.0016628847079,lambda.min
Jimmy Morrissey,Blocker,9.400442022522302e-6,1000.0016330415608,lambda.min
Brandon Brooks,Blocker,9.014546579884159e-6,1000.0015660046563,lambda.min
Cody Barton,Rusher,8.987721368194603e-6,1000.0015613446398,lambda.min
Josh Mauro,Rusher,8.872924743966907e-6,1000.0015414024235,lambda.min
Kelvin Beachum,Blocker,8.720560958722061e-6,1000.0015149341231,lambda.min
Ndamukong Suh,Rusher,8.617711598307954e-6,1000.0014970673592,lambda.min
Greg Van Roten,Blocker,8.592829391178785e-6,1000.001492744877,lambda.min
James Carpenter,Blocker,8.55386711202346e-6,1000.0014859764359,lambda.min
Tarron Jackson,Rusher,8.479952833154091e-6,1000.0014731362106,lambda.min
Tim Settle,Rusher,8.221371301254935e-6,1000.0014282159976,lambda.min
Terence Steele,Blocker,8.212171872002555e-6,1000.001426617893,lambda.min
Damien Lewis,Blocker,8.199829909447043e-6,1000.0014244738745,lambda.min
Montez Sweat,Rusher,8.07486647385905e-6,1000.0014027655023,lambda.min
Clelin Ferrell,Rusher,8.044739747475479e-6,1000.0013975319539,lambda.min
Wes Martin,Blocker,8.03743672433229e-6,1000.0013962632889,lambda.min
Eli Ankou,Rusher,7.940365517527112e-6,1000.0013794002931,lambda.min
Amen Ogbongbemiga,Rusher,7.884572252015825e-6,1000.0013697080102,lambda.min
Jermaine Eluemunor,Blocker,7.861333602341679e-6,1000.0013656710432,lambda.min
Boogie Basham,Rusher,7.841667523036214e-6,1000.0013622546953,lambda.min
Jessie Lemonier,Rusher,7.828592871121534e-6,1000.0013599833957,lambda.min
Kenny Clark,Rusher,7.826169935725874e-6,1000.0013595624887,lambda.min
Trevis Gipson,Rusher,7.763945536172672e-6,1000.0013487530033,lambda.min
Aaron James Klein,Rusher,7.6015266531055335e-6,1000.0013205379535,lambda.min
Sam Eguavoen,Rusher,7.29398477872665e-6,1000.0012671124579,lambda.min
Josh Bynes,Rusher,7.19643542099091e-6,1000.0012501663988,lambda.min
Fred Warner,Rusher,6.791036102491837e-6,1000.001179741324,lambda.min
Kyle Van Noy,Rusher,6.5981812449648255e-6,1000.0011462390038,lambda.min
Jonathan Bostic,Rusher,6.551358850524901e-6,1000.0011381051207,lambda.min
Bud Dupree,Rusher,6.546401734585107e-6,1000.0011372439816,lambda.min
Jihad Ward,Rusher,6.528335360189891e-6,1000.0011341055308,lambda.min
Jamarco Jones,Blocker,6.505163701830674e-6,1000.0011300802015,lambda.min
Isaiah Mack,Rusher,6.473706809663229e-6,1000.0011246155797,lambda.min
Derek Barnett,Rusher,6.452663295257275e-6,1000.0011209599468,lambda.min
Joe Tryon-Shoyinka,Rusher,6.420122417969636e-6,1000.0011153070174,lambda.min
Greg Mancz,Blocker,6.346967454623716e-6,1000.0011025986986,lambda.min
Tyrel Dodson,Rusher,6.212450898013467e-6,1000.0010792307793,lambda.min
Xavier Su'A-Filo,Blocker,6.209189945258809e-6,1000.0010786642938,lambda.min
Darius Leonard,Rusher,6.1067069044308916e-6,1000.0010608611661,lambda.min
Elandon Roberts,Rusher,6.106381736141406e-6,1000.0010608046787,lambda.min
Garret Wallow,Rusher,5.9714590498161e-6,1000.0010373662074,lambda.min
Carlos Basham Jr.,Rusher,5.851455777981633e-6,1000.0010165195039,lambda.min
David Moa,Rusher,5.777434977762627e-6,1000.0010036607738,lambda.min
Patrick O'Connor,Rusher,5.687102783901266e-6,1000.0009879684645,lambda.min
Garett Bolles,Blocker,5.473962190186254e-6,1000.000950942151,lambda.min
Cole Holcomb,Rusher,5.3482845792912796e-6,1000.0009291097139,lambda.min
Brett Toth,Blocker,5.3101908369011505e-6,1000.000922492153,lambda.min
Za'Darius Smith,Rusher,5.308945344921469e-6,1000.0009222757889,lambda.min
Joshua Kaindoh,Rusher,5.252465601202446e-6,1000.0009124642525,lambda.min
Zack Baun,Rusher,5.196030220741086e-6,1000.0009026604228,lambda.min
Solomon Thomas,Rusher,5.18297574089248e-6,1000.0009003926273,lambda.min
Brennan Scarlett,Rusher,5.153177713241516e-6,1000.0008952161797,lambda.min
Anthony Walker Jr.,Rusher,5.081550493750279e-6,1000.0008827732572,lambda.min
Leonard Floyd,Rusher,5.007989303882231e-6,1000.0008699943697,lambda.min
Ronald Blair,Rusher,4.743110904474936e-6,1000.0008239802788,lambda.min
Charles Omenihu,Rusher,4.644469092715758e-6,1000.0008068444411,lambda.min
Will Bradley-King,Rusher,4.617100633676122e-6,1000.0008020900527,lambda.min
Jason Spriggs,Blocker,4.574595827742331e-6,1000.0007947062117,lambda.min
Chris Smith,Rusher,4.5606024306014185e-6,1000.0007922753095,lambda.min
Duke Riley,Rusher,4.428587034248636e-6,1000.0007693418863,lambda.min
Trent Scott,Blocker,4.305826719100049e-6,1000.0007480162353,lambda.min
Micah Kiser,Rusher,4.281636213821285e-6,1000.0007438139141,lambda.min
Jacob Phillips,Rusher,4.280808142179809e-6,1000.0007436700633,lambda.min
Sam Tecklenburg,Blocker,4.262533097291379e-6,1000.000740495363,lambda.min
Joe Thomas,Rusher,4.2041755265800734e-6,1000.0007303576145,lambda.min
John Leglue,Blocker,4.1666902099704565e-6,1000.0007238457481,lambda.min
Demario Davis,Rusher,4.150917331867659e-6,1000.0007211057185,lambda.min
Brandon Graham,Rusher,4.027502757887446e-6,1000.0006996664112,lambda.min
Kc Mcdermott,Blocker,3.96249972858082e-6,1000.0006883742284,lambda.min
Jacob Tuioti-Mariner,Rusher,3.961085750964038e-6,1000.0006881285952,lambda.min
Jordan Hicks,Rusher,3.868477515563745e-6,1000.000672040897,lambda.min
Kwity Paye,Rusher,3.861280603188679e-6,1000.0006707906653,lambda.min
Josh Woods,Rusher,3.83226253883593e-6,1000.0006657497112,lambda.min
Austin Bryant,Rusher,3.7424271853411796e-6,1000.0006501437119,lambda.min
Trey Hill,Blocker,3.6438049731818282e-6,1000.0006330112789,lambda.min
Sharif Finch,Rusher,3.6200979901438033e-6,1000.0006288929541,lambda.min
Josh Wells,Blocker,3.583536393086419e-6,1000.0006225415542,lambda.min
Larrell Murchison,Rusher,3.512717812923936e-6,1000.0006102391068,lambda.min
John Cominsky,Rusher,3.4887105776005153e-6,1000.0006060686228,lambda.min
Montravius Adams,Rusher,3.363520453764004e-6,1000.0005843208708,lambda.min
Nick Allegretti,Blocker,3.3012935850184958e-6,1000.0005735109565,lambda.min
Royce Newman,Blocker,3.2477978244753924e-6,1000.0005642177911,lambda.min
Anthony Hitchens,Rusher,3.2235358129505866e-6,1000.000560003048,lambda.min
Shaquil Barrett,Rusher,3.160414553944944e-6,1000.0005490377622,lambda.min
Malcolm Koonce,Rusher,3.058965900281731e-6,1000.000531414326,lambda.min
Cassius Marsh Sr.,Rusher,3.0075297764419564e-6,1000.0005224789561,lambda.min
Quinton Jefferson,Rusher,3.0001610396218834e-6,1000.0005211988754,lambda.min
Pete Werner,Rusher,2.8935835622759388e-6,1000.0005026844713,lambda.min
Quinn Bailey,Blocker,2.867284537825567e-6,1000.0004981158628,lambda.min
Bobby Wagner,Rusher,2.771450854327619e-6,1000.0004814678468,lambda.min
Cody Ford,Blocker,2.6942115387238613e-6,1000.0004680500034,lambda.min
Azeez Al-Shaair,Rusher,2.6540646203270086e-6,1000.0004610757694,lambda.min
Jc Tretter,Blocker,2.6006674315079488e-6,1000.0004517997276,lambda.min
Danny Isidora,Blocker,2.5717587193947304e-6,1000.00044677777,lambda.min
Roquan Smith,Rusher,2.4250409483722375e-6,1000.0004212902826,lambda.min
Will Richardson Jr.,Blocker,2.359745972823847e-6,1000.0004099473836,lambda.min
Ross Blacklock,Rusher,2.3293229929853342e-6,1000.0004046623707,lambda.min
Chapelle Russell,Rusher,2.2716989811586728e-6,1000.0003946520545,lambda.min
Andre Smith,Blocker,2.228643394799373e-6,1000.0003871725331,lambda.min
Andre Dillard,Blocker,2.1465050748434188e-6,1000.0003729036455,lambda.min
Kyler Fackrell,Rusher,2.0428044510053027e-6,1000.000354889002,lambda.min
Mike Pennel,Rusher,1.891165480080801e-6,1000.0003285466146,lambda.min
Derrick Kelly,Blocker,1.8572725682995233e-6,1000.0003226588128,lambda.min
Andrew Thomas,Blocker,1.769643337010847e-6,1000.0003074360561,lambda.min
Phil Haynes,Blocker,1.7548292148473726e-6,1000.0003048625796,lambda.min
Austin Calitro,Rusher,1.7463747872785631e-6,1000.000303393895,lambda.min
Andrew Dowell,Rusher,1.7451149511670084e-6,1000.0003031750391,lambda.min
Alton Robinson,Rusher,1.6376305780143462e-6,1000.000284503091,lambda.min
Elijah Wilkinson,Blocker,1.5895709198431206e-6,1000.0002761542733,lambda.min
Neville Gallimore,Rusher,1.5744090328612058e-6,1000.0002735203838,lambda.min
Romeo Okwara,Rusher,1.4377410688573012e-6,1000.0002497787267,lambda.min
Jake Hanson,Blocker,1.35118628369427e-6,1000.0002347426205,lambda.min
Kyle Murphy,Blocker,1.351020804441347e-6,1000.0002347138739,lambda.min
Jamil Douglas,Blocker,1.35062424278951e-6,1000.000234644984,lambda.min
E.J. Speed,Rusher,1.3131124113231645e-6,1000.0002281285114,lambda.min
Benning Potoa'E,Rusher,1.294023617737913e-6,1000.0002248124483,lambda.min
Malik Harrison,Rusher,1.2613673946948033e-6,1000.0002191394814,lambda.min
Lester Cotton Sr.,Blocker,1.2191694312293512e-6,1000.0002118089443,lambda.min
Graham Glasgow,Blocker,1.1746272865837936e-6,1000.0002040711812,lambda.min
Khaleke Hudson,Rusher,1.1640127878116754e-6,1000.0002022272539,lambda.min
Shane Lemieux,Blocker,1.1437121138591887e-6,1000.0001987006657,lambda.min
Patrick Johnson,Rusher,1.1089614063371291e-6,1000.0001926638495,lambda.min
Drew Dalman,Blocker,1.0596245494214846e-6,1000.0001840931595,lambda.min
Hardy Nickerson,Rusher,1.032079261954502e-6,1000.000179308053,lambda.min
Noah Dawkins,Rusher,1.03204543055479e-6,1000.0001793021759,lambda.min
Jermaine Johnson II,Rusher,1.0318729459606402e-6,1000.0001792722122,lambda.min
Rashard Lawrence,Rusher,9.6446925489122e-7,1000.0001675629918,lambda.min
Deonte Brown,Blocker,9.578915153237343e-7,1000.0001664203214,lambda.min
Jack Conklin,Blocker,9.563552049987819e-7,1000.000166153437,lambda.min
Monty Rice,Rusher,9.42029007781603e-7,1000.0001636647216,lambda.min
Julian Stanford,Rusher,9.21812849010162e-7,1000.0001601528152,lambda.min
Dylan Cole,Rusher,9.195308312060405e-7,1000.000159756388,lambda.min
Al Woods,Rusher,9.121552320157325e-7,1000.0001584751152,lambda.min
Aaron Banks,Blocker,9.007797960993993e-7,1000.0001564989997,lambda.min
Rashaad Coward,Blocker,9.005887782569335e-7,1000.0001564658164,lambda.min
Jaryd Jones-Smith,Blocker,9.001233490375334e-7,1000.0001563849631,lambda.min
Rashaan Evans,Rusher,8.47752381579194e-7,1000.0001472871942,lambda.min
Keaton Sutherland,Blocker,8.274581491496407e-7,1000.000143761725,lambda.min
Tanner Vallejo,Rusher,8.095360501705363e-7,1000.0001406483375,lambda.min
Reggie Ragland,Rusher,8.053181616454983e-7,1000.0001399156151,lambda.min
Zaven Collins,Rusher,7.704572668174362e-7,1000.0001338596575,lambda.min
Vincent Taylor,Rusher,7.480084262661798e-7,1000.0001299598945,lambda.min
Noah Spence,Rusher,7.365410985945052e-7,1000.0001279678156,lambda.min
Calvin Munson,Rusher,7.139389653177615e-7,1000.0001240414229,lambda.min
Dorian O'Daniel,Rusher,7.135225193576731e-7,1000.0001239690788,lambda.min
Daniel Archibong,Rusher,6.566435168182368e-7,1000.0001140881841,lambda.min
Gerald McCoy,Rusher,6.559900395484171e-7,1000.0001139746635,lambda.min
Coleman Shelton,Blocker,6.24019318901904e-7,1000.0001084207804,lambda.min
Joe Bachie,Rusher,6.018717048426851e-7,1000.0001045733458,lambda.min
Vince Biegel,Rusher,5.819586884451392e-7,1000.0001011141005,lambda.min
La'Darius Hamilton,Rusher,5.81881909963749e-7,1000.0001011007628,lambda.min
Denzelle Good,Blocker,5.644634881600572e-7,1000.0000980748729,lambda.min
Zach Sieler,Rusher,5.627719779451497e-7,1000.0000977810275,lambda.min
Darryl Johnson,Rusher,5.256647347547361e-7,1000.0000913348391,lambda.min
Raequan Williams,Rusher,4.951987622572637e-7,1000.0000860423577,lambda.min
Ernest Jones,Rusher,4.722608931344826e-7,1000.0000820576416,lambda.min
Cameron Tom,Blocker,4.5063820218983804e-7,1000.0000783013955,lambda.min
David Steinmetz,Blocker,4.503312670808027e-7,1000.0000782480754,lambda.min
Scott Daly,Blocker,4.503278875887941e-7,1000.0000782474883,lambda.min
Jacoby Stevens,Rusher,3.9609107338986917e-7,1000.0000688255886,lambda.min
Justin Madubuike,Rusher,3.222214525324775e-7,1000.0000559931212,lambda.min
Jake Brendel,Blocker,3.197277737934216e-7,1000.0000555599248,lambda.min
Sione Takitaki,Rusher,3.0573766612524096e-7,1000.0000531295942,lambda.min
Kevin Minter,Rusher,2.634885883760801e-7,1000.0000457901776,lambda.min
Ty Summers,Rusher,2.629486749788797e-7,1000.0000456963851,lambda.min
L.J. Collier,Rusher,2.5407186677928984e-7,1000.0000441543256,lambda.min
Jamir Jones,Rusher,2.4654657595881944e-7,1000.0000428470487,lambda.min
Rashawn Slater,Blocker,2.1440960396336214e-7,1000.0000372642849,lambda.min
Braxton Hoyett,Rusher,2.051964093664156e-7,1000.000035663789,lambda.min
Frankie Luvu,Rusher,1.3904746974550588e-7,1000.0000241725412,lambda.min
Christian Elliss,Rusher,1.3227348211256127e-7,1000.000022995779,lambda.min
Harvey Langi,Rusher,1.3168878888091118e-7,1000.0000228942074,lambda.min
Rashad Weaver,Rusher,1.312687191914358e-7,1000.0000228212339,lambda.min
Nick Kwiatkoski,Rusher,1.3121091120133583e-7,1000.0000228111916,lambda.min
Yasir Durant,Blocker,7.713175130597387e-8,1000.0000134166793,lambda.min
Landon Young,Blocker,7.491193102142791e-8,1000.0000130310569,lambda.min
Chukwuma Okorafor,Blocker,7.092609480743292e-8,1000.0000123386463,lambda.min
Azur Kamara,Rusher,1.9538505331507948e-8,1000.0000034117077,lambda.min
Del'Shawn Phillips,Rusher,-3.630984188711242e-8,999.9999937098561,lambda.min
Taylor Stallworth,Rusher,-5.037412260569242e-8,999.9999912666403,lambda.min
Willie Gay,Rusher,-6.410508794589638e-8,999.9999888813273,lambda.min
Brent Urban,Rusher,-7.234728900137987e-8,999.9999874495103,lambda.min
Joshua Miles,Blocker,-7.646099657867872e-8,999.9999867348861,lambda.min
Denzel Perryman,Rusher,-8.042616928352529e-8,999.999986046065,lambda.min
Nick Bolton,Rusher,-9.21434927538815e-8,999.9999840105575,lambda.min
Reginald Mckenzie,Rusher,-9.445187447086162e-8,999.9999836095506,lambda.min
Zach Banner,Blocker,-1.315130728234152e-7,999.9999771713609,lambda.min
Logan Stenberg,Blocker,-1.317452442145968e-7,999.9999771310287,lambda.min
David Bakhtiari,Blocker,-1.521776975582109e-7,999.9999735815479,lambda.min
Fletcher Cox,Rusher,-1.798791360997774e-7,999.9999687693152,lambda.min
Jordan Evans,Rusher,-1.872008440769878e-7,999.9999674974042,lambda.min
Justin Lawler,Rusher,-1.8740219538611054e-7,999.999967462426,lambda.min
Austin Faoliu,Rusher,-2.4583257122014496e-7,999.99995731203,lambda.min
Austin Schlottmann,Blocker,-2.932494027195192e-7,999.9999490748827,lambda.min
Chauncey Rivers,Rusher,-2.9819363518150376e-7,999.9999482159816,lambda.min
Bradlee Anae,Rusher,-2.999257225551846e-7,999.9999479150872,lambda.min
Woodrow Hamilton,Rusher,-3.0249361460385126e-7,999.9999474689986,lambda.min
Curtis Weaver,Rusher,-3.186351488320857e-7,999.9999446649269,lambda.min
Daelin Hayes,Rusher,-3.1941773214678384e-7,999.9999445289783,lambda.min
Myles Jack,Rusher,-3.294774998727715e-7,999.9999427814176,lambda.min
Jalen Reeves-Maybin,Rusher,-3.622036337616449e-7,999.9999370963059,lambda.min
Kenneth Murray Jr.,Rusher,-3.62738544128018e-7,999.9999370033825,lambda.min
Austin Blythe,Blocker,-3.9426881924335373e-7,999.9999315260127,lambda.min
Matt Farniok,Blocker,-3.9512261370834243e-7,999.9999313776933,lambda.min
Kentavius Street,Rusher,-3.962780519184459e-7,999.9999311769732,lambda.min
DeAngelo Malone,Rusher,-4.5017092257312983e-7,999.9999218148226,lambda.min
Jabril Cox,Rusher,-4.501869920049851e-7,999.9999218120311,lambda.min
Samuel Eguavoen,Rusher,-4.5019887009319096e-7,999.9999218099676,lambda.min
Andre Smith,Rusher,-4.502029904762314e-7,999.9999218092519,lambda.min
Nate Orchard,Rusher,-4.502181343745572e-7,999.9999218066212,lambda.min
Pita Taumoepenu,Rusher,-4.503253966486165e-7,999.9999217879878,lambda.min
Tyrell Adams,Rusher,-4.503256044195476e-7,999.9999217879516,lambda.min
Darious Williams,Rusher,-4.505473029342549e-7,999.9999217494387,lambda.min
Joseph Noteboom,Blocker,-4.879717304007565e-7,999.9999152481497,lambda.min
Josey Jewell,Rusher,-5.055304499683978e-7,999.9999121978877,lambda.min
Will Fries,Blocker,-5.259999284914593e-7,999.9999086419751,lambda.min
Drue Tranquill,Rusher,-5.314730944102146e-7,999.9999076911888,lambda.min
Kyle Long,Blocker,-5.81754100462011e-7,999.9998989564834,lambda.min
Ben Braden,Blocker,-5.818088766964033e-7,999.9998989469678,lambda.min
Ty Nsekhe,Blocker,-5.961606051980258e-7,999.9998964538172,lambda.min
Tashawn Bower,Rusher,-6.768455440932338e-7,999.9998824374077,lambda.min
Lachavious Simmons,Blocker,-7.136187257891838e-7,999.9998760492517,lambda.min
Taylor Decker,Blocker,-7.26992863022816e-7,999.9998737259261,lambda.min
Anthony Levine Sr.,Rusher,-7.685537692239141e-7,999.9998665060573,lambda.min
Delontae Scott,Rusher,-7.690732710637112e-7,999.9998664158105,lambda.min
Myles Adams,Rusher,-8.066641506178415e-7,999.9998598856059,lambda.min
Carter Coughlin,Rusher,-8.818279136530407e-7,999.9998468283229,lambda.min
Keandre Jones,Rusher,-9.002134154483109e-7,999.9998436344341,lambda.min
Christian Rozeboom,Rusher,-9.002665559113994e-7,999.9998436252026,lambda.min
Frank Herron,Rusher,-9.003783408794577e-7,999.9998436057837,lambda.min
Grant Stuard,Rusher,-9.003797916639121e-7,999.9998436055316,lambda.min
Emmanuel Ellerbee,Rusher,-9.004004666302861e-7,999.99984360194,lambda.min
Caleb Johnson,Rusher,-9.004602527381818e-7,999.999843591554,lambda.min
Kamal Martin,Rusher,-9.005643592630002e-7,999.999843573469,lambda.min
Deion Jones,Rusher,-9.188410803113908e-7,999.9998403984773,lambda.min
Bryan Bulaga,Blocker,-9.394784684261655e-7,999.9998368133957,lambda.min
Marcus Allen,Rusher,-9.547413269080436e-7,999.9998341619657,lambda.min
Mike Daniels,Rusher,-9.589420863182259e-7,999.999833432219,lambda.min
Jamin Davis,Rusher,-9.595595500458487e-7,999.9998333249546,lambda.min
Daviyon Nixon,Rusher,-9.634105115712683e-7,999.999832655974,lambda.min
Stone Forsythe,Blocker,-9.76591696329988e-7,999.9998303661678,lambda.min
Adam Pankey,Blocker,-1.032197621425485e-6,999.9998207064292,lambda.min
Dre Greenlaw,Rusher,-1.0421059534397334e-6,999.9998189851756,lambda.min
Benardrick Mckinney,Rusher,-1.064871688881996e-6,999.9998150303624,lambda.min
Nick Gates,Blocker,-1.0832034122298815e-6,999.9998118458158,lambda.min
Kristian Welch,Rusher,-1.0864567301019307e-6,999.9998112806566,lambda.min
Luke Gifford,Rusher,-1.0878353332885368e-6,999.9998110411686,lambda.min
Khalil Davis,Rusher,-1.089799045538034e-6,999.999810700037,lambda.min
Alexander Johnson,Rusher,-1.0948477769534878e-6,999.9998098229825,lambda.min
Myron Cunningham,Blocker,-1.1070141270852808e-6,999.9998077094709,lambda.min
Attauyo Nsekhe,Blocker,-1.1082855737387217e-6,999.9998074885981,lambda.min
Nick Leverett,Blocker,-1.1083565082570508e-6,999.9998074762755,lambda.min
Senio Kelemete,Blocker,-1.1088116926887025e-6,999.9998073972018,lambda.min
Akeem Davis-Gaither,Rusher,-1.1422169970481242e-6,999.9998015941061,lambda.min
Derrick Barnes,Rusher,-1.151126415634296e-6,999.9998000463816,lambda.min
Marcus Henry,Blocker,-1.1624949313378927e-6,999.9997980714681,lambda.min
Prince Tega Wanogho,Blocker,-1.1639876151461787e-6,999.9997978121623,lambda.min
Amani Bledsoe,Rusher,-1.16863183196734e-6,999.9997970053793,lambda.min
Darius Hodges,Rusher,-1.218739802774889e-6,999.9997883007331,lambda.min
Jashon Cornell,Rusher,-1.2198041046334644e-6,999.999788115845,lambda.min
Jon Toth,Blocker,-1.2933293645495153e-6,999.9997753431992,lambda.min
Tyson Alualu,Rusher,-1.293575893112948e-6,999.9997753003728,lambda.min
Eddie Yarbrough,Rusher,-1.3503772415654124e-6,999.9997654329678,lambda.min
Charles Snowden,Rusher,-1.3504965160450197e-6,999.9997654122478,lambda.min
Nathan Landman,Rusher,-1.3505556229859482e-6,999.9997654019799,lambda.min
Cortez Broughton,Rusher,-1.3509352347089663e-6,999.9997653360346,lambda.min
Ethan Westbrooks,Rusher,-1.3509460060648466e-6,999.9997653341634,lambda.min
Damion Square,Rusher,-1.364221260064297e-6,999.9997630280155,lambda.min
Jahlani Tavai,Rusher,-1.4057630726430543e-6,999.9997558114635,lambda.min
Kevin Pierre-Louis,Rusher,-1.406333960907282e-6,999.9997557122902,lambda.min
Andrew Brown,Rusher,-1.4070606910080249e-6,999.9997555860441,lambda.min
Eddie Goldman,Rusher,-1.441701107013312e-6,999.9997495683875,lambda.min
Bruce Hector,Rusher,-1.44502021646441e-6,999.9997489917992,lambda.min
Travin Howard,Rusher,-1.4629903023112107e-6,999.9997458700756,lambda.min
Curtis Robinson,Rusher,-1.515207027537484e-6,999.9997367991012,lambda.min
Blake Martinez,Rusher,-1.5161073291087234e-6,999.9997366427028,lambda.min
Henry Anderson,Rusher,-1.5216696351543777e-6,999.9997356764313,lambda.min
Danny Trevathan,Rusher,-1.5376879230362065e-6,999.9997328937698,lambda.min
Cam Brown,Rusher,-1.669548586527927e-6,999.9997099872263,lambda.min
Blake Cashman,Rusher,-1.670254098521813e-6,999.9997098646663,lambda.min
Chris Williams,Rusher,-1.6770898553819205e-6,999.9997086771738,lambda.min
Brian Winters,Blocker,-1.6880147357188027e-6,999.9997067793277,lambda.min
Clay Johnston,Rusher,-1.7230608905109212e-6,999.999700691187,lambda.min
Nick Thurman,Rusher,-1.727592388383532e-6,999.9996999039852,lambda.min
Freedom Akinmoladun,Rusher,-1.7828238902812998e-6,999.9996903092906,lambda.min
Aj Jackson,Blocker,-1.7915472487366832e-6,999.999688793888,lambda.min
Andrus Peat,Blocker,-1.8321234201045434e-6,999.999681745085,lambda.min
Marquel Lee,Rusher,-1.8560844519878369e-6,999.9996775826274,lambda.min
Emeke Egbule,Rusher,-1.856768276387168e-6,999.999677463835,lambda.min
Hamilcar Rashed Jr.,Rusher,-1.859592357674494e-6,999.9996769732419,lambda.min
Marquise Copeland,Rusher,-1.943041863919764e-6,999.9996624765778,lambda.min
Cornelius Lucas,Blocker,-1.9436625039596296e-6,999.9996623687616,lambda.min
Ledarius Mack,Rusher,-1.986915289740261e-6,999.9996548549832,lambda.min
Damien Wilson,Rusher,-2.0056648844309714e-6,999.999651597845,lambda.min
Justin Murray,Blocker,-2.062075235052752e-6,999.9996417983633,lambda.min
Brandon Knight,Blocker,-2.063960861012074e-6,999.9996414707965,lambda.min
Zaire Franklin,Rusher,-2.1543850742443977e-6,999.9996257625019,lambda.min
Chris Rumph II,Rusher,-2.189617583192411e-6,999.9996196419881,lambda.min
Akeem Spence,Rusher,-2.2511588302734164e-6,999.9996089511785,lambda.min
Malcolm Roach,Rusher,-2.2600800778519697e-6,999.9996074013991,lambda.min
K'Lavon Chaisson,Rusher,-2.289517873346559e-6,999.9996022875303,lambda.min
Xavier Williams,Rusher,-2.291008168503195e-6,999.9996020286394,lambda.min
Malcolm Smith,Rusher,-2.355825415368615e-6,999.9995907687304,lambda.min
Jaylon Moore,Blocker,-2.4101738737725574e-6,999.9995813274362,lambda.min
Jonathan Ledbetter,Rusher,-2.437264441931068e-6,999.9995766213225,lambda.min
Marquiss Spencer,Rusher,-2.4388955429237705e-6,999.9995763379712,lambda.min
Eric Wilson,Rusher,-2.4702140786425026e-6,999.9995708973843,lambda.min
Sam Kamara,Rusher,-2.4732345363530385e-6,999.999570372677,lambda.min
John Simon,Rusher,-2.5533894882101607e-6,999.9995564483357,lambda.min
Germain Ifedi,Blocker,-2.556217538835809e-6,999.999555957053,lambda.min
Quincy Roche,Rusher,-2.588752284917482e-6,999.9995503051887,lambda.min
Aaron Patrick,Rusher,-2.6051757280535864e-6,999.9995474521445,lambda.min
Kahlil Mckenzie,Rusher,-2.7021217022037102e-6,999.9995306109038,lambda.min
Eric Banks,Rusher,-2.737581423212561e-6,999.9995244509194,lambda.min
Parker Ehinger,Blocker,-2.7754335904956953e-6,999.9995178753244,lambda.min
Jamien Sherwood,Rusher,-2.8132959474071963e-6,999.9995112979593,lambda.min
Angelo Blackson,Rusher,-2.816819624524336e-6,999.9995106858339,lambda.min
Chuma Edoga,Blocker,-2.8181160560257015e-6,999.9995104606206,lambda.min
Justin Herron,Blocker,-2.8608130855236736e-6,999.999503043387,lambda.min
T.Y. Mcgill,Rusher,-2.928363942206426e-6,999.9994913086013,lambda.min
Isaiah Simmons,Rusher,-2.9363950919466453e-6,999.9994899134476,lambda.min
Marvin Wilson,Rusher,-2.9422231671962845e-6,999.9994889010072,lambda.min
Josh Jones,Blocker,-2.963567341174815e-6,999.9994851931444,lambda.min
Lavonte David,Rusher,-3.0186886308187806e-6,999.9994756175957,lambda.min
Nick Niemann,Rusher,-3.0202812141764378e-6,999.9994753409356,lambda.min
Ron'Dell Carter,Rusher,-3.020464155173307e-6,999.9994753091555,lambda.min
Takkarist Mckinley,Rusher,-3.0250501913371177e-6,999.9994745124794,lambda.min
Saahdiq Charles,Blocker,-3.0546737849151043e-6,999.9994693663342,lambda.min
Anthony Pittman,Rusher,-3.0752207552105476e-6,999.9994657969598,lambda.min
Mctelvin Agim,Rusher,-3.128787421727472e-6,999.9994564914767,lambda.min
Victor Dimukeje,Rusher,-3.1334979900425882e-6,999.9994556731672,lambda.min
Tyler Matakevich,Rusher,-3.2075256380608274e-6,999.9994428132476,lambda.min
Joe Walker,Rusher,-3.20776089741192e-6,999.9994427723789,lambda.min
Isaiah Williams,Blocker,-3.226215060573069e-6,999.9994395665624,lambda.min
Rasheem Green,Rusher,-3.259349964007325e-6,999.9994338104401,lambda.min
Dennis Kelly,Blocker,-3.2631962980391053e-06,999.9994331422635,lambda.min
Ulysees Gilbert III,Rusher,-3.3364065408619585e-6,999.9994204243417,lambda.min
Otito Ogbonnia,Rusher,-3.340553719682711e-6,999.9994197039028,lambda.min
Nick Martin,Blocker,-3.3577577541937737e-6,999.999416715256,lambda.min
Trent Williams,Blocker,-3.43044819020374e-6,999.9994040876339,lambda.min
Joe Jackson,Rusher,-3.577652565616984e-6,999.9993785156147,lambda.min
Ogbonnia Okoronkwo,Rusher,-3.6072583041335573e-6,999.9993733725712,lambda.min
Blake Lynch,Rusher,-3.613726499859127e-6,999.9993722489305,lambda.min
Robert Hainsey,Blocker,-3.62320449367918e-6,999.9993706024343,lambda.min
Christian Jones,Rusher,-3.657271904018745e-6,999.999364684319,lambda.min
Dee Ford,Rusher,-3.728811651834613e-6,999.9993522565919,lambda.min
Mack Wilson Sr.,Rusher,-3.767318415924792e-6,999.9993455672818,lambda.min
Mekhi Becton,Blocker,-3.7729233719072207e-6,999.9993445936012,lambda.min
Bobby Brown III,Rusher,-3.775052033010271e-6,999.9993442238149,lambda.min
Whitney Mercilus,Rusher,-3.841342624284907e-6,999.9993327079598,lambda.min
Casey Tucker,Blocker,-3.941030534546186e-6,999.999315390396,lambda.min
Ryan Kerrigan,Rusher,-3.946924123374754e-6,999.9993143665748,lambda.min
Ronnie Stanley,Blocker,-3.976032162555599e-6,999.9993093099904,lambda.min
Chase Young,Rusher,-4.041897845950537e-6,999.9992978679493,lambda.min
Abdullah Anderson,Rusher,-4.073246421965481e-6,999.9992924221439,lambda.min
Fred Johnson,Blocker,-4.075480162244723e-6,999.9992920341034,lambda.min
Jordan Smith,Rusher,-4.1090630200817085e-6,999.9992862001635,lambda.min
Kylie Fitts,Rusher,-4.109780427723405e-6,999.999286075537,lambda.min
A.J. Johnson,Rusher,-4.161618408922357e-6,999.9992770703574,lambda.min
Tre'Vour Wallace-Simms,Blocker,-4.202568905233827e-6,999.9992699565275,lambda.min
Aaron Stinnie,Blocker,-4.205578532087998e-6,999.9992694337018,lambda.min
James Vaughters,Rusher,-4.2174018169955215e-6,999.9992673797868,lambda.min
Nick Dzubnar,Rusher,-4.2393296942690945e-6,999.9992635705244,lambda.min
Wyatt Ray,Rusher,-4.253494257510188e-6,999.9992611098877,lambda.min
Dan Moore Jr.,Blocker,-4.349786519311948e-6,999.9992443822085,lambda.min
Shaun Bradley,Rusher,-4.3687312832259734e-6,999.999241091166,lambda.min
Jack Heflin,Rusher,-4.371664594839721e-6,999.9992405815975,lambda.min
T.J. Edwards,Rusher,-4.506298347989171e-6,999.9992171933192,lambda.min
Forrest Merrill,Rusher,-4.538021473657977e-6,999.9992116824478,lambda.min
Dennis Gardeck,Rusher,-4.5477680024996254e-6,999.9992099893022,lambda.min
David Mayo,Rusher,-4.6104775675026046e-6,999.9991990955351,lambda.min
Devin White,Rusher,-4.6145522866386465e-6,999.9991983876838,lambda.min
Khyiris Tonga,Rusher,-4.624098942843834e-6,999.9991967292598,lambda.min
Frank Clark,Rusher,-4.684970923963622e-6,999.9991861547136,lambda.min
Elijah Lee,Rusher,-4.68936092013006e-6,999.9991853920932,lambda.min
Ben Niemann,Rusher,-4.71530580100596e-6,999.9991808850058,lambda.min
Kendal Vickers,Rusher,-4.747868467447841e-6,999.9991752282912,lambda.min
Michael Dogbe,Rusher,-4.753960318390116e-6,999.9991741700283,lambda.min
Derrek Tuszka,Rusher,-4.764458636658047e-6,999.9991723462836,lambda.min
Cameron Malveaux,Rusher,-4.783181691630879e-6,999.9991690937559,lambda.min
Ladarius Hamilton,Rusher,-4.929990992622261e-6,999.9991435903681,lambda.min
Oren Burks,Rusher,-4.930990211918287e-6,999.999143416786,lambda.min
Hamsah Nasirildeen,Rusher,-4.9524161129487415e-6,999.9991396947257,lambda.min
Patrick Jones II,Rusher,-4.966888605150169e-6,999.9991371805963,lambda.min
Alex Barshaba,Blocker,-4.971600636255481e-6,999.9991363620327,lambda.min
Taylor Moton,Blocker,-5.083436282875019e-6,999.999116934191,lambda.min
Jason Kelce,Blocker,-5.112615897371753e-6,999.9991118651727,lambda.min
Ty Sambrailo,Blocker,-5.118440059413202e-6,999.9991108534122,lambda.min
Tim Ward,Rusher,-5.128239315610435e-6,999.9991091511071,lambda.min
Elerson Smith,Rusher,-5.1756746935762465e-6,999.9991009107379,lambda.min
Trystan Colon,Blocker,-5.255423232077607e-6,999.9990870569977,lambda.min
Steve Mclendon,Rusher,-5.262763495508453e-6,999.9990857818634,lambda.min
Lerentee Mccray,Rusher,-5.272702001207183e-6,999.9990840553681,lambda.min
Shaq Thompson,Rusher,-5.4473155975030606e-6,999.9990537218796,lambda.min
Caraun Reid,Rusher,-5.5920607476547304e-6,999.9990285770716,lambda.min
Chris Lindstrom,Blocker,-5.648315380939096e-6,999.9990188046409,lambda.min
Doug Costin,Rusher,-5.723317423820337e-6,999.9990057754516,lambda.min
Jackson Barton,Blocker,-5.741701880735131e-6,999.9990025817442,lambda.min
Mike Onwenu,Blocker,-5.756882399215085e-6,999.998999944618,lambda.min
Corey Levin,Blocker,-5.8277306295863104e-6,999.9989876370199,lambda.min
Dakota Allen,Rusher,-5.854909914960014e-6,999.9989829154945,lambda.min
David Sharpe,Blocker,-5.915440047281097e-6,999.9989724003334,lambda.min
Shaquille Quarterman,Rusher,-5.963723412809982e-6,999.9989640126538,lambda.min
Trent Harris,Rusher,-6.039860750511586e-6,999.9989507862435,lambda.min
Carl Davis Jr.,Rusher,-6.04575314304629e-6,999.9989497626301,lambda.min
Mike Purcell,Rusher,-6.1550915383876905e-6,999.9989307686054,lambda.min
Jack Anderson,Blocker,-6.319573947123736e-6,999.9989021950844,lambda.min
Payton Turner,Rusher,-6.346601952995767e-6,999.9988974998389,lambda.min
Kyle Fuller,Blocker,-6.4933486206861966e-6,999.9988720073317,lambda.min
Trey Pipkins III,Blocker,-6.5732490571972075e-6,999.9988581272042,lambda.min
Chris Reed,Blocker,-6.578995731205683e-6,999.9988571289047,lambda.min
Antwaun Woods,Rusher,-6.76781137670564e-6,999.9988243282675,lambda.min
Alec Ogletree,Rusher,-6.807138750699094e-6,999.9988174964029,lambda.min
Chris Hubbard,Blocker,-6.925906291072951e-6,999.9987968643679,lambda.min
Joseph Jones,Rusher,-6.940723847705413e-6,999.9987942902947,lambda.min
Raymond Johnson III,Rusher,-7.049855686346921e-6,999.9987753321526,lambda.min
Troy Dye,Rusher,-7.070831859117311e-6,999.9987716882181,lambda.min
Demetrius Flannigan-Fowles,Rusher,-7.125499960973409e-6,999.9987621913962,lambda.min
Jeffery Simmons,Rusher,-7.1582293876327644e-6,999.9987565057123,lambda.min
Austin Jackson,Blocker,-7.186600074093929e-6,999.9987515772193,lambda.min
Geron Christian Sr.,Blocker,-7.265061653038814e-6,999.9987379470471,lambda.min
Ben Bartch,Blocker,-7.270826787140239e-6,999.9987369455407,lambda.min
Bobby Evans,Blocker,-7.278737266649755e-6,999.9987355713496,lambda.min
Justin Zimmer,Rusher,-7.334762537715871e-6,999.9987258387632,lambda.min
William Gholston,Rusher,-7.396598927732976e-6,999.998715096682,lambda.min
Rashod Berry,Rusher,-7.446209639710123e-6,999.9987064784186,lambda.min
Davion Taylor,Rusher,-7.498727009853573e-6,999.998697355217,lambda.min
Bunmi Rotimi,Rusher,-7.5117310571298585e-6,999.9986950961826,lambda.min
Dante Fowler Jr.,Rusher,-7.526673922831936e-6,999.998692500341,lambda.min
Jordan Willis,Rusher,-7.586042002804257e-6,999.9986821870491,lambda.min
Brandin Bryant,Rusher,-7.706831313992647e-6,999.9986612037966,lambda.min
Renell Wren,Rusher,-7.820314751247331e-6,999.9986414897044,lambda.min
Demone Harris,Rusher,-7.821611097378092e-6,999.998641264506,lambda.min
Alex Bars,Blocker,-7.826391669399837e-6,999.9986404340356,lambda.min
Roy Lopez,Rusher,-7.856334359868669e-6,999.9986352324574,lambda.min
Kevin Strong,Rusher,-7.85734950466813e-6,999.9986350561088,lambda.min
Colby Gossett,Blocker,-7.914699417973966e-6,999.9986250934085,lambda.min
Charles Harris,Rusher,-7.972396865742659e-6,999.9986150703352,lambda.min
Devon Kennard,Rusher,-8.043309097272977e-6,999.9986027516188,lambda.min
Matt Ioannidis,Rusher,-8.046582626408809e-6,999.9986021829485,lambda.min
Kyle Phillips,Rusher,-8.177033093375769e-6,999.9985795213813,lambda.min
Cedric Ogbuehi,Blocker,-8.222065912295335e-6,999.9985716983795,lambda.min
Shaq Lawson,Rusher,-8.357728926926251e-6,999.9985481313,lambda.min
Jarrad Davis,Rusher,-8.403367871672835e-6,999.9985402030032,lambda.min
Anthony Barr,Rusher,-8.403753261802387e-6,999.9985401360541,lambda.min
Neville Hewitt,Rusher,-8.412746143754814e-6,999.9985385738305,lambda.min
Robert Spillane,Rusher,-8.484577815491492e-6,999.9985260953911,lambda.min
Christian Barmore,Rusher,-8.509785179745169e-6,999.9985217164234,lambda.min
D'Ante Smith,Blocker,-8.551661023880676e-6,999.9985144418441,lambda.min
Isaac Rochell,Rusher,-8.59673134507038e-6,999.9985066123274,lambda.min
Derek Rivers,Rusher,-8.620297925720141e-6,999.998502518393,lambda.min
Tanoh Kpassagnon,Rusher,-8.653763211307616e-6,999.9984967048775,lambda.min
Terron Armstead,Blocker,-8.679146793932542e-6,999.9984922952976,lambda.min
Sean Harlow,Blocker,-8.706235752360007e-6,999.9984875894635,lambda.min
T.J. Slaton,Rusher,-8.742827507790622e-6,999.9984812328245,lambda.min
Jamie Collins Sr.,Rusher,-8.798738900829572e-6,999.9984715200208,lambda.min
Justin Strnad,Rusher,-8.822662984635766e-6,999.9984673639817,lambda.min
James Lynch,Rusher,-8.984114956815716e-6,999.9984393169015,lambda.min
Robert Jones,Blocker,-9.079893330808563e-6,999.9984226784937,lambda.min
Germaine Pratt,Rusher,-9.097049721555411e-6,999.9984196981234,lambda.min
Broderick Washington,Rusher,-9.129150286603012e-6,999.998414121684,lambda.min
Jarran Reed,Rusher,-9.139774425115457e-6,999.9984122760823,lambda.min
Blake Brandel,Blocker,-9.13991153098241e-6,999.9984122522645,lambda.min
Riley Reiff,Blocker,-9.244274866464877e-6,999.9983941224962,lambda.min
Jordan Simmons,Blocker,-9.305871123668446e-6,999.9983834221304,lambda.min
Brandon Copeland,Rusher,-9.337052338512836e-6,999.9983780053985,lambda.min
K.J. Wright,Rusher,-9.40726560298835e-6,999.9983658081052,lambda.min
Kendall Lamm,Blocker,-9.536497905288832e-6,999.9983433581549,lambda.min
Ben Bredeson,Blocker,-9.539575251189395e-6,999.9983428235652,lambda.min
Kaden Elliss,Rusher,-9.6269955740769e-6,999.9983276370996,lambda.min
Caleb Benenoch,Blocker,-9.699059540845188e-6,999.9983151183063,lambda.min
Markus Bailey,Rusher,-9.722908135658469e-6,999.9983109753812,lambda.min
Tipa Galeai,Rusher,-9.913218771782094e-6,999.9982779150375,lambda.min
Joe Noteboom,Blocker,-9.97916793618642e-6,999.9982664584942,lambda.min
Mykal Walker,Rusher,-1.006834860574682e-5,999.9982509662251,lambda.min
Michael Hoecht,Rusher,-1.0231040104448487e-5,999.9982227038171,lambda.min
Jonas Griffith,Rusher,-1.0569145887471498e-5,999.9981639688267,lambda.min
Andrew Billings,Rusher,-1.0677258483432554e-5,999.9981451877452,lambda.min
Walker Little,Blocker,-1.078990163996484e-5,999.9981256196247,lambda.min
Jeremiah Attaochu,Rusher,-1.0819934971927187e-5,999.9981204023005,lambda.min
Robert Nkemdiche,Rusher,-1.0873040987172768e-5,999.9981111768408,lambda.min
Nick Vigil,Rusher,-1.0956346397729888e-5,999.9980967052087,lambda.min
James Ferentz,Blocker,-1.096906578706335e-5,999.9980944956245,lambda.min
Daniel Wise,Rusher,-1.0990483817988482e-5,999.9980907749315,lambda.min
Andre Mintze,Rusher,-1.0993103086562085e-5,999.9980903199179,lambda.min
Pat Elflein,Blocker,-1.1025969775853483e-5,999.9980846103891,lambda.min
Joe Haeg,Blocker,-1.1055729148915591e-5,999.9980794406565,lambda.min
Chauncey Golston,Rusher,-1.1324452733036687e-5,999.9980327585887,lambda.min
Ola Adeniyi,Rusher,-1.1401000746118738e-5,999.9980194608368,lambda.min
Jonathan Harris,Rusher,-1.140335369868699e-5,999.9980190520871,lambda.min
Laremy Tunsil,Blocker,-1.1435520567388998e-5,999.9980134641296,lambda.min
Kenny Young,Rusher,-1.148310131023201e-5,999.998005198508,lambda.min
Jake Zimmer,Rusher,-1.1502258582223082e-5,999.998001870549,lambda.min
Calais Campbell,Rusher,-1.1551558215151635e-5,999.9979933063256,lambda.min
Laurent Duvernay-Tardif,Blocker,-1.1577324143316683e-5,999.9979888303254,lambda.min
Michael Dunn,Blocker,-1.1578614363388281e-5,999.9979886061913,lambda.min
Azeez Ojulari,Rusher,-1.1748078131800556e-5,999.9979591673194,lambda.min
Orlando Brown,Blocker,-1.185734738265172e-5,999.9979401853063,lambda.min
Osa Odighizuwa,Rusher,-1.1960657166401236e-5,999.9979222385588,lambda.min
Bradley Chubb,Rusher,-1.2201151070892682e-5,999.9978804604885,lambda.min
Ben Banogu,Rusher,-1.2327520470274264e-5,999.9978585078753,lambda.min
Anthony Nelson,Rusher,-1.23419100535762e-5,999.9978560081487,lambda.min
Ryan Bates,Blocker,-1.2386387632221941e-5,999.9978482816019,lambda.min
Michael Pierce,Rusher,-1.247375771092651e-5,999.9978331038647,lambda.min
Uchenna Nwosu,Rusher,-1.2556840352753284e-5,999.9978186709316,lambda.min
Cameron Jordan,Rusher,-1.275732699068089e-5,999.9977838428354,lambda.min
Teven Jenkins,Blocker,-1.276085364863208e-5,999.9977832301921,lambda.min
Julian Okwara,Rusher,-1.3097647795573629e-5,999.9977247230563,lambda.min
Tommy Togiai,Rusher,-1.3220751555451277e-5,999.9977033377428,lambda.min
Jalyn Holmes,Rusher,-1.3245693051735189e-5,999.9976990049611,lambda.min
Dillon Radunz,Blocker,-1.329473476581733e-5,999.9976904855428,lambda.min
Braden Smith,Blocker,-1.3371620686795519e-5,999.9976771290903,lambda.min
Kayode Awosika,Blocker,-1.3434007164333461e-5,999.9976662914491,lambda.min
Cory Littleton,Rusher,-1.3490573450176274e-5,999.9976564648788,lambda.min
Carlos Davis,Rusher,-1.3546451428964441e-5,999.9976467578797,lambda.min
Logan Wilson,Rusher,-1.3636456840847652e-5,999.9976311223382,lambda.min
John Jenkins,Rusher,-1.3693788227264572e-5,999.9976211628563,lambda.min
Will Holden,Blocker,-1.3718376263552804e-5,999.9976168914769,lambda.min
Kenny Willekes,Rusher,-1.3764462310674234e-5,999.9976088855105,lambda.min
De'Vondre Campbell,Rusher,-1.3767904927479724e-5,999.9976082874667,lambda.min
Brandon Parker,Blocker,-1.391285269493952e-5,999.9975831074605,lambda.min
Patrick Mekari,Blocker,-1.3966212473669275e-5,999.9975738379176,lambda.min
Trysten Hill,Rusher,-1.4310434038310967e-5,999.9975140405071,lambda.min
A.J. Cann,Blocker,-1.4317615056029508e-5,999.9975127930365,lambda.min
Devin Bush,Rusher,-1.4350230217893202e-5,999.9975071272027,lambda.min
Chase Winovich,Rusher,-1.4710692296328242e-5,999.997444508526,lambda.min
Marlon Tuipulotu,Rusher,-1.4836453140836569e-5,999.9974226616297,lambda.min
Ja'Whaun Bentley,Rusher,-1.4854921687537675e-5,999.9974194533145,lambda.min
Marcell Harris,Rusher,-1.4966415672128635e-5,999.9974000848256,lambda.min
Jayon Brown,Rusher,-1.52612315950307e-5,999.9973488700541,lambda.min
Joe Schobert,Rusher,-1.5269392447351077e-5,999.9973474523689,lambda.min
Tommy Doyle,Blocker,-1.5309369932522517e-5,999.9973405075684,lambda.min
Margus Hunt,Rusher,-1.5402802856554228e-5,999.9973242766071,lambda.min
Carl Granderson,Rusher,-1.5404326774549413e-5,999.9973240118754,lambda.min
Ryan Mccollum,Blocker,-1.547578575916015e-5,999.9973115981784,lambda.min
Elgton Jenkins,Blocker,-1.5490891025208415e-5,999.9973089741248,lambda.min
Tyron Smith,Blocker,-1.550644979666582e-5,999.9973062712894,lambda.min
Deatrich Wise Jr.,Rusher,-1.5533922188788344e-5,999.9973014988461,lambda.min
Albert Huggins,Rusher,-1.5729561603941863e-5,999.9972675127988,lambda.min
Ethan Pocic,Blocker,-1.5755327111519946e-5,999.9972630368717,lambda.min
Morgan Fox,Rusher,-1.5912582390106484e-5,999.9972357188317,lambda.min
Kyzir White,Rusher,-1.593612932792308e-5,999.9972316283097,lambda.min
Porter Gustin,Rusher,-1.5958528499565487e-5,999.997227737175,lambda.min
Billy Price,Blocker,-1.608568934720815e-5,999.9972056470732,lambda.min
Solomon Kindley,Blocker,-1.612225531636816e-5,999.9971992949138,lambda.min
Quincy Williams,Rusher,-1.623290663436188e-5,999.997180072811,lambda.min
Krys Barnes,Rusher,-1.6326204601500638e-5,999.9971638652942,lambda.min
Matt Skura,Blocker,-1.645753937188679e-5,999.9971410501078,lambda.min
Rashod Hill,Blocker,-1.6470888688347483e-5,999.997138731094,lambda.min
Jaylon Smith,Rusher,-1.655603216082779e-5,999.9971239401578,lambda.min
B.J. Hill,Rusher,-1.6621506526722823e-5,999.9971125660954,lambda.min
James Smith-Williams,Rusher,-1.663087964957483e-5,999.9971109378173,lambda.min
Joe Gaziano,Rusher,-1.6706114999873728e-5,999.9970978680983,lambda.min
Lucas Niang,Blocker,-1.6726747564736262e-5,999.9970942838546,lambda.min
Eric Kendricks,Rusher,-1.6848879517235302e-5,999.9970730673614,lambda.min
Trey Flowers,Rusher,-1.70264898812724e-5,999.997042213281,lambda.min
Da'Shawn Hand,Rusher,-1.7128852910794796e-5,999.9970244310015,lambda.min
Tyler Shelvin,Rusher,-1.7310050997192545e-5,999.9969929536699,lambda.min
Stephen Weatherly,Rusher,-1.743067368185226e-5,999.9969719993633,lambda.min
Divine Deablo,Rusher,-1.7664230799043043e-5,999.9969314263365,lambda.min
Calvin Anderson,Blocker,-1.8230879614123164e-5,999.996832989355,lambda.min
Dayo Odeyingbo,Rusher,-1.8344237570234758e-5,999.9968132970611,lambda.min
Foyesade Oluokun,Rusher,-1.8376404824291925e-5,999.9968077090367,lambda.min
Benson Mayowa,Rusher,-1.8418863996267436e-5,999.996800333123,lambda.min
Andrew Wylie,Blocker,-1.849943713448445e-5,999.9967863361353,lambda.min
Max Scharping,Blocker,-1.8643019821832568e-5,999.9967613932678,lambda.min
Ike Boettger,Blocker,-1.8810802176721957e-5,999.9967322464875,lambda.min
Jonathan Bullard,Rusher,-1.8845260501579963e-5,999.9967262604633,lambda.min
Jerome Baker,Rusher,-1.8872212803841346e-5,999.9967215783689,lambda.min
A'Shawn Robinson,Rusher,-1.8887335587643253e-5,999.9967189512722,lambda.min
Jonathon Cooper,Rusher,-1.8930401894545092e-5,999.9967114698885,lambda.min
Quinton Bohanna,Rusher,-1.896028931781071e-5,999.9967062779112,lambda.min
Taco Charlton,Rusher,-1.901026666914014e-5,999.9966975959561,lambda.min
Jason Pierre-Paul,Rusher,-1.9094833209925802e-5,999.9966829052433,lambda.min
Carl Nassib,Rusher,-1.9107430276337165e-5,999.9966807169087,lambda.min
Sam Hubbard,Rusher,-1.9581786748594242e-5,999.9965983127494,lambda.min
Jaleel Johnson,Rusher,-1.9678666808984816e-5,999.9965814829592,lambda.min
Justin Hamilton,Rusher,-2.017678168300209e-5,999.9964949515427,lambda.min
Chris Board,Rusher,-2.0475833988369564e-5,999.9964430008363,lambda.min
Michael Deiter,Blocker,-2.0636094043980757e-5,999.9964151608132,lambda.min
Max Garcia,Blocker,-2.063636224884574e-5,999.9964151142212,lambda.min
Julie'N Davenport,Blocker,-2.0696066077738794e-5,999.9964047426038,lambda.min
Quinn Meinerz,Blocker,-2.1289032629552725e-5,999.9963017337633,lambda.min
Bobby Hart,Blocker,-2.158876794794396e-5,999.9962496644054,lambda.min
Matt Pryor,Blocker,-2.1808095892186094e-5,999.996211563239,lambda.min
Khalen Saunders,Rusher,-2.1817962217589946e-5,999.9962098492826,lambda.min
Austin Reiter,Blocker,-2.20726091955978e-5,999.9961656125718,lambda.min
Rodger Saffold,Blocker,-2.2085014961403535e-5,999.9961634574695,lambda.min
Tyler Lancaster,Rusher,-2.2233768218175812e-5,999.996137616382,lambda.min
Jordan Phillips,Rusher,-2.225806506669536e-5,999.9961333955872,lambda.min
Ifeadi Odenigbo,Rusher,-2.2524920197577143e-5,999.9960870381028,lambda.min
Jaylon Ferguson,Rusher,-2.254337677656352e-5,999.9960838318667,lambda.min
Jordan Mailata,Blocker,-2.272646198060484e-5,999.9960520267091,lambda.min
C.J. Mosley,Rusher,-2.279076471579239e-5,999.9960408561799,lambda.min
Isaiah Buggs,Rusher,-2.2826618115852598e-5,999.9960346278064,lambda.min
Bruce Irvin,Rusher,-2.2899837213590042e-5,999.9960219083464,lambda.min
Yodny Cajuste,Blocker,-2.305422533522404e-5,999.9959950883826,lambda.min
Nate Herbig,Blocker,-2.3210516149552782e-5,999.9959679378874,lambda.min
Shelby Harris,Rusher,-2.333700253921455e-5,999.9959459649509,lambda.min
Colton Mckivitz,Blocker,-2.3579338201952076e-5,999.9959038669344,lambda.min
Matt Nelson,Blocker,-2.3678839968935216e-5,999.9958865817072,lambda.min
La'El Collins,Blocker,-2.3879529160643078e-5,999.9958517184238,lambda.min
Andrew Van Ginkel,Rusher,-2.4199611461283797e-5,999.9957961144329,lambda.min
Arden Key,Rusher,-2.4272989447893847e-5,999.995783367371,lambda.min
Danny Shelton,Rusher,-2.4398457862296982e-5,999.995761571275,lambda.min
Keanu Neal,Rusher,-2.505192391210025e-5,999.9956480525952,lambda.min
Melvin Ingram,Rusher,-2.5380213720740196e-5,999.9955910228143,lambda.min
Tyeler Davison,Rusher,-2.579859213987555e-5,999.9955183430388,lambda.min
Baron Browning,Rusher,-2.5848242103699678e-5,999.9955097179567,lambda.min
Jackson Carman,Blocker,-2.5861579026921146e-5,999.9955074010958,lambda.min
Armon Watts,Rusher,-2.586806863022947e-5,999.9955062737363,lambda.min
Ta'Quon Graham,Rusher,-2.6103632688057876e-5,999.9954653520681,lambda.min
Leighton Vander Esch,Rusher,-2.655778176909645e-5,999.9953864582922,lambda.min
James Hudson III,Blocker,-2.664635352929616e-5,999.9953710718014,lambda.min
Wyatt Raymond,Rusher,-2.6653169640015184e-5,999.9953698877217,lambda.min
Oshane Ximines,Rusher,-2.6710631006945205e-5,999.9953599056599,lambda.min
Austin Johnson,Rusher,-2.6814026283572277e-5,999.9953419440607,lambda.min
Levi Onwuzurike,Rusher,-2.685528304490449e-5,999.9953347770271,lambda.min
Samson Ebukam,Rusher,-2.7429170799093257e-5,999.9952350825132,lambda.min
Christian Ringo,Rusher,-2.746506616206436e-5,999.99522884685,lambda.min
Greg Gaines,Rusher,-2.855446928547431e-5,999.9950395981439,lambda.min
John Penisini,Rusher,-2.8656863496336047e-5,999.9950218104476,lambda.min
Justin Mccray,Blocker,-2.8712291287857667e-5,999.995012181654,lambda.min
Dont'A Hightower,Rusher,-2.8779204035296413e-5,999.9950005577192,lambda.min
Trent Brown,Blocker,-2.8895808780189533e-5,999.9949803014003,lambda.min
Lorenzo Carter,Rusher,-2.900397763940092e-5,999.9949615105448,lambda.min
Leki Fotu,Rusher,-2.9177088914915492e-5,999.9949314380361,lambda.min
Dorance Armstrong,Rusher,-2.9391752129327227e-5,999.9948941472164,lambda.min
Jonathan Garvin,Rusher,-2.9461166832770764e-5,999.9948820886473,lambda.min
Sam Cosmi,Blocker,-2.9618428114417425e-5,999.9948547695645,lambda.min
Chris Wormley,Rusher,-2.9977280804933445e-5,999.9947924304672,lambda.min
Pernell Mcphee,Rusher,-3.0267807929390636e-5,999.9947419607364,lambda.min
Khalid Kareem,Rusher,-3.069827194251223e-5,999.9946671814782,lambda.min
Bravvion Roy,Rusher,-3.073550858234828e-5,999.9946607128113,lambda.min
Iosua Opeta,Blocker,-3.145372562053131e-5,999.9945359457328,lambda.min
Jesse Davis,Blocker,-3.1571843041482774e-5,999.9945154266351,lambda.min
Malik Reed,Rusher,-3.2353550549557203e-5,999.9943796301322,lambda.min
Corey Peters,Rusher,-3.279534908110067e-5,999.9943028818665,lambda.min
Michael Jordan,Blocker,-3.3265061492021396e-5,999.9942212844633,lambda.min
Bobby Okereke,Rusher,-3.331246869233724e-5,999.994213048989,lambda.min
Josiah Bronson,Rusher,-3.340106496966324e-5,999.9941976582393,lambda.min
Justin Jones,Rusher,-3.3802391418303395e-5,999.9941279406944,lambda.min
Leonard Williams,Rusher,-3.4182864441376125e-5,999.9940618457607,lambda.min
Cameron Fleming,Blocker,-3.4333479299374466e-5,999.99403568128,lambda.min
Alex Anzalone,Rusher,-3.465654653110929e-5,999.9939795587536,lambda.min
Teair Tart,Rusher,-3.4957603742175175e-5,999.9939272597594,lambda.min
Justin Britt,Blocker,-3.501387598834971e-5,999.993917484269,lambda.min
Le'Raven Clark,Blocker,-3.5050202358691176e-5,999.993911173732,lambda.min
Mike Mcglinchey,Blocker,-3.5444543572513486e-5,999.9938426696468,lambda.min
Jawaan Taylor,Blocker,-3.6280214199144964e-5,999.9936974987901,lambda.min
Jedrick Wills Jr.,Blocker,-3.653351212814365e-5,999.993653496433,lambda.min
Kingsley Keke,Rusher,-3.678488492419457e-5,999.9936098285057,lambda.min
Korey Cunningham,Blocker,-3.719997169148524e-5,999.9935377205486,lambda.min
Nate Solder,Blocker,-3.7224122238647184e-5,999.9935335251689,lambda.min
Casey Toohill,Rusher,-3.726009672477858e-5,999.9935272757606,lambda.min
Cam Robinson,Blocker,-3.7391000583664195e-5,999.9935045354312,lambda.min
John Miller,Blocker,-3.755095695120763e-5,999.9934767481641,lambda.min
Connor Mcgovern,Blocker,-3.758045997257535e-5,999.9934716229643,lambda.min
Quenton Nelson,Blocker,-3.7581966524800215e-5,999.9934713612494,lambda.min
Matt Peart,Blocker,-3.760811327402526e-5,999.9934668190938,lambda.min
Tyre Phillips,Blocker,-3.779813909493604e-5,999.9934338082276,lambda.min
Daron Payne,Rusher,-3.790803215146034e-5,999.9934147178484,lambda.min
Henry Mondeaux,Rusher,-3.793706396811713e-5,999.9934096745053,lambda.min
Conor Mcdermott,Blocker,-3.855564095552638e-5,999.9933022166764,lambda.min
Jake Matthews,Blocker,-3.8958670327384266e-5,999.9932322033035,lambda.min
Johnathan Hankins,Rusher,-3.9535259419198607e-5,999.9931320395191,lambda.min
Marcus Cannon,Blocker,-3.956703401135421e-5,999.9931265197071,lambda.min
Ryan Kelly,Blocker,-3.9685547984312634e-5,999.9931059317213,lambda.min
Carlos Watkins,Rusher,-4.028821910668331e-5,999.9930012370241,lambda.min
Mike Danna,Rusher,-4.031472510528717e-5,999.9929966324606,lambda.min
Anthony Rush,Rusher,-4.032871144991042e-5,999.9929942027837,lambda.min
Jake Curhan,Blocker,-4.0740109676721135e-5,999.9929227355918,lambda.min
Penei Sewell,Blocker,-4.0954280618246225e-5,999.9928855302885,lambda.min
Grover Stewart,Rusher,-4.140293164197857e-5,999.992807591623,lambda.min
Raekwon Davis,Rusher,-4.1747329162355e-5,999.9927477636459,lambda.min
Linval Joseph,Rusher,-4.175410774597747e-5,999.9927465860853,lambda.min
Isaiah Prince,Blocker,-4.2165418304592625e-5,999.9926751341229,lambda.min
Jordan Elliott,Rusher,-4.258096177914105e-5,999.9926029468278,lambda.min
Christian Covington,Rusher,-4.2951755711823654e-5,999.9925385333243,lambda.min
Dalvin Tomlinson,Rusher,-4.3466527599668144e-5,999.992449108288,lambda.min
Marlon Davidson,Rusher,-4.4168321666271244e-5,999.9923271941718,lambda.min
Jason Peters,Blocker,-4.532515785877215e-5,999.9921262311419,lambda.min
David Quessenberry,Blocker,-4.5340665074922824e-5,999.9921235372625,lambda.min
Cam Sample,Rusher,-4.5925904641890754e-5,999.9920218707367,lambda.min
Netane Muti,Blocker,-4.629278999979971e-5,999.9919581362221,lambda.min
Steven Means,Rusher,-4.780748750470746e-5,999.9916950063149,lambda.min
Daniel Brunskill,Blocker,-4.781870601203382e-5,999.9916930574606,lambda.min
Jerry Tillery,Rusher,-4.817817016083606e-5,999.9916306121421,lambda.min
Alex Okafor,Rusher,-4.905774827476401e-5,999.9914778137736,lambda.min
Laken Tomlinson,Blocker,-5.1019453857366735e-5,999.9911370306097,lambda.min
D.J. Reader,Rusher,-5.259920553792859e-5,999.9908625996346,lambda.min
Brady Christensen,Blocker,-5.2911043724734806e-5,999.9908084277931,lambda.min
Daryl Williams,Blocker,-5.465513646808504e-5,999.9905054478513,lambda.min
Zach Allen,Rusher,-5.489541580822648e-5,999.9904637070548,lambda.min
Jalen Mayfield,Blocker,-5.4895546456513254e-5,999.9904636843588,lambda.min
Dexter Lawrence,Rusher,-5.52399907616551e-5,999.9904038482545,lambda.min
Bobby Massie,Blocker,-5.616176143036311e-5,999.9902437202884,lambda.min
Brandon Shell,Blocker,-5.693794177976058e-5,999.9901088839513,lambda.min
Blake Hance,Blocker,-5.74005003625866e-5,999.9900285292953,lambda.min
Naquan Jones,Rusher,-5.754590635606731e-5,999.990003269687,lambda.min
Bilal Nichols,Rusher,-5.8123267399537665e-5,999.9899029718009,lambda.min
Dion Dawkins,Blocker,-5.913539226398122e-5,999.9897271477035,lambda.min
Cameron Erving,Blocker,-5.9250773687837636e-5,999.9897071038972,lambda.min
Isaiahh Loudermilk,Rusher,-5.9523033293928045e-5,999.9896598075594,lambda.min
Storm Norton,Blocker,-5.9623218618158056e-5,999.989642403586,lambda.min
Adetokunbo Ogundeji,Rusher,-6.07269587389224e-5,999.9894506642885,lambda.min
Alex Leatherwood,Blocker,-6.346883519563681e-5,999.9889743515623,lambda.min
Christian Darrisaw,Blocker,-6.356073824259657e-5,999.9889583863679,lambda.min
Alex Mack,Blocker,-6.392413135507179e-5,999.9888952585185,lambda.min
Kerry Hyder Jr.,Rusher,-6.60666700674951e-5,999.9885230614225,lambda.min
Shy Tuttle,Rusher,-6.721709445025302e-5,999.9883232122379,lambda.min
Derrick Nnadi,Rusher,-6.817854300962276e-5,999.9881561915164,lambda.min
Josh Tupou,Rusher,-6.91715675426492e-5,999.9879836854864,lambda.min
Shamar Stephen,Rusher,-6.960907400651442e-5,999.9879076828291,lambda.min
Aaron Brewer,Blocker,-7.120085850588694e-5,999.9876311615393,lambda.min
George Fant,Blocker,-7.128227977211948e-5,999.9876170172166,lambda.min
Arik Armstead,Rusher,-7.188171796132959e-5,999.9875128841376,lambda.min
Duane Brown,Blocker,-7.270681751655317e-5,999.987369549664,lambda.min
Deshawn Williams,Rusher,-7.300551775794235e-5,999.9873176601174,lambda.min
Adam Butler,Rusher,-7.472495246663646e-5,999.987018963715,lambda.min
Jonah Williams,Blocker,-7.585009895312982e-5,999.9868235057509,lambda.min
Brandon Williams,Rusher,-7.882661394118818e-5,999.986306432137,lambda.min
Dennis Daley,Blocker,-8.213345683857586e-5,999.9857319746878,lambda.min
Tom Compton,Blocker,-8.296356026315247e-5,999.9855877709531,lambda.min
Isaiah Wynn,Blocker,-8.357838728625652e-5,999.9854809645598,lambda.min
Spencer Brown,Blocker,-8.395901088496995e-5,999.9854148434683,lambda.min
Justin Ellis,Rusher,-8.748564986673723e-5,999.9848022035285,lambda.min
Dean Lowry,Rusher,-8.750702593971979e-5,999.9847984901244,lambda.min
Michael Brockers,Rusher,-8.934070580657728e-5,999.9844799473052,lambda.min
Hakeem Adeniji,Blocker,-9.051542644676193e-5,999.9842758774284,lambda.min
Eric Fisher,Blocker,-9.15342760143906e-5,999.9840988851305,lambda.min
Sheldon Richardson,Rusher,-9.761182931206315e-5,999.9830431059862,lambda.min
Malik Jackson,Rusher,-9.781815863865305e-5,999.983007262911,lambda.min
Mark Glowinski,Blocker,-1.0061699351613129e-4,999.9825210554937,lambda.min
Charlie Heck,Blocker,-1.0205680992927352e-4,999.9822709337645,lambda.min
Ryan Jensen,Blocker,-1.038023873838018e-4,999.981967695902,lambda.min
Taylor Lewan,Blocker,-1.055546951161996e-4,999.9816632888705,lambda.min
Morgan Moses,Blocker,-1.0689307464162899e-4,999.9814307885334,lambda.min
D.J. Wonnum,Rusher,-1.0846822684447072e-4,999.9811571565696,lambda.min
Nick Williams,Rusher,-1.1010914794804067e-4,999.9808720993773,lambda.min
Kaleb McGary,Blocker,-1.10691431440376e-4,999.9807709463743,lambda.min
Cameron Heyward,Rusher,-1.1290509682407689e-4,999.9803863933099,lambda.min
D.J. Humphries,Blocker,-1.2960988468305035e-4,999.9774844744345,lambda.min
Liam Eichenberg,Blocker,-1.544632398757534e-4,999.9731670044278,lambda.min
