term,coef
(Intercept),-1.080929180989526
rusher::A.J. Epenesa,0.003223612474076301
rusher::A.J. Johnson,-0.029440192589664776
rusher::A'Shawn Robinson,-0.10694439364000463
rusher::Aaron Donald,0.4222614150703985
rusher::Aaron James Klein,0.27242314151052965
rusher::Aaron Patrick,-0.2088627940224188
rusher::Abdullah Anderson,-0.06300103709099228
rusher::Adam Butler,-0.1431173433032543
rusher::Adam Gotsis,0.5068569842270801
rusher::Adetokunbo Ogundeji,-0.5246673737935393
rusher::Akeem Davis-Gaither,0.019549378782617984
rusher::Akeem Spence,-0.07896597129953029
rusher::Akiem Hicks,-0.02370505073586994
rusher::Al Woods,0.17716662764139668
rusher::Al-Quadin Muhammad,-0.08503814593718252
rusher::Albert Huggins,0.03886312304137977
rusher::Alec Ogletree,0.08702798434057807
rusher::Alex Anzalone,-0.2897454932120689
rusher::Alex Highsmith,0.1809691485450617
rusher::Alex Okafor,-0.4584772510399116
rusher::Alex Singleton,0.34345395130580003
rusher::Alexander Johnson,-0.03252669329007109
rusher::Alim Mcneill,0.14499139689153967
rusher::Alton Robinson,0.10285479668364075
rusher::Amani Bledsoe,0.08341852470695
rusher::Amen Ogbongbemiga,0.09438262846442738
rusher::Andre Mintze,-0.32459359134087995
rusher::Andre Smith,-0.01590238628248163
rusher::Andrew Billings,0.01436212731998176
rusher::Andrew Brown,-0.007408844078963978
rusher::Andrew Dowell,0.09251510645104502
rusher::Andrew Van Ginkel,-0.15057529124937494
rusher::Angelo Blackson,0.12273496140063603
rusher::Anthony Barr,0.09799566661571853
rusher::Anthony Hitchens,0.1312091059703657
rusher::Anthony Levine Sr.,-0.005201314808729629
rusher::Anthony Nelson,-0.32326652003843037
rusher::Anthony Pittman,-0.05179058345074503
rusher::Anthony Rush,-0.11078639332584898
rusher::Anthony Walker Jr.,0.1469146808057116
rusher::Antwaun Woods,-0.017511832231315534
rusher::Arden Key,-0.22594314698709836
rusher::Arik Armstead,-0.21695895805005158
rusher::Armon Watts,-0.019187280582991628
rusher::Austin Bryant,-0.04927691046681374
rusher::Austin Calitro,0.038737289738625565
rusher::Austin Faoliu,-0.03148237351570229
rusher::Austin Johnson,0.09265982288330887
rusher::Azeez Al-Shaair,0.21312167189418368
rusher::Azeez Ojulari,-0.25880638102929365
rusher::Azur Kamara,0.03816659772460614
rusher::B.J. Hill,-0.2175730206205508
rusher::Baron Browning,-0.2727763649442325
rusher::Ben Banogu,-0.25086988343231287
rusher::Ben Niemann,0.025013369717258538
rusher::Benardrick Mckinney,0.048918536633078075
rusher::Benning Potoa'E,0.07794063230295568
rusher::Benson Mayowa,-0.22969861853486329
rusher::Bilal Nichols,-0.1714333376305078
rusher::Blake Cashman,-0.054765138331539495
rusher::Blake Lynch,-0.1630814981398264
rusher::Blake Martinez,-0.00409650941498228
rusher::Bobby Brown III,-0.020539145453483103
rusher::Bobby Okereke,-0.2500772189413061
rusher::Bobby Wagner,0.19889615733587052
rusher::Boogie Basham,-0.2127721549229503
rusher::Bradlee Anae,0.021176909340899795
rusher::Bradley Chubb,-0.1930763623304372
rusher::Brandin Bryant,-0.11249051240003428
rusher::Brandon Copeland,-0.05465047299909262
rusher::Brandon Graham,0.08073578372991466
rusher::Brandon Williams,-0.1552034227029864
rusher::Bravvion Roy,-0.013539093026270165
rusher::Braxton Hoyett,0.037461452202227415
rusher::Breiden Fehoko,0.2656067032131575
rusher::Brennan Scarlett,0.14472345738631892
rusher::Brent Urban,0.1442516395732757
rusher::Brian Burns,0.02274299091459532
rusher::Broderick Washington,-0.034222940636373066
rusher::Bruce Hector,0.06334769122403058
rusher::Bruce Irvin,-0.31826211980481606
rusher::Bryan Mone,0.27753003931991194
rusher::Bryce Huff,0.19601119098542552
rusher::Bud Dupree,-0.3472277238383386
rusher::Bunmi Rotimi,-0.18424797303356172
rusher::C.J. Mosley,-0.07461911782327149
rusher::Calais Campbell,0.11487547750073016
rusher::Caleb Johnson,-0.03519608820986219
rusher::Calvin Munson,0.043780439957504934
rusher::Cam Brown,-0.04865466559308192
rusher::Cam Sample,-0.3139250475978191
rusher::Cameron Heyward,-0.3109442932734814
rusher::Cameron Jordan,-0.23962621330410824
rusher::Cameron Malveaux,-0.07773668923395954
rusher::Caraun Reid,-0.1323480746784598
rusher::Carl Davis Jr.,0.11647613531839045
rusher::Carl Granderson,-0.190448575937334
rusher::Carl Nassib,-0.21983701450321927
rusher::Carlos Basham Jr.,0.0273278739064805
rusher::Carlos Davis,-0.20054814656754125
rusher::Carlos Dunlap,0.016389016317495654
rusher::Carlos Watkins,-0.08385480789507915
rusher::Carter Coughlin,0.04653746861599857
rusher::Casey Toohill,-0.41124676179133274
rusher::Cassius Marsh Sr.,-0.019560812412038324
rusher::Chandler Jones,-0.04337511693232995
rusher::Chapelle Russell,0.12588803968509316
rusher::Charles Harris,0.016702208049023014
rusher::Charles Omenihu,0.016969218513667613
rusher::Charles Snowden,-0.0494895863536497
rusher::Chase Winovich,-0.3077438189802395
rusher::Chase Young,-0.08165147593024259
rusher::Chauncey Golston,-0.061072611034273964
rusher::Chauncey Rivers,-0.056750919075308166
rusher::Chris Board,-0.29914320476080086
rusher::Chris Jones,0.22772504966990845
rusher::Chris Rumph II,0.029248550681344437
rusher::Chris Smith,-0.10862588877812894
rusher::Chris Williams,0.08940600141274366
rusher::Chris Wormley,-0.07023371109625291
rusher::Christian Barmore,0.013018704019520913
rusher::Christian Covington,-0.21151164044092555
rusher::Christian Elliss,0.023567728129672557
rusher::Christian Jones,-0.07057803843444176
rusher::Christian Kirksey,0.4036112265567393
rusher::Christian Ringo,-0.11021556436272434
rusher::Christian Rozeboom,-0.028509587207719907
rusher::Christian Wilkins,0.15673000453495836
rusher::Clay Johnston,-0.007444785309228063
rusher::Clelin Ferrell,0.14663485112110183
rusher::Cody Barton,0.34536264834698166
rusher::Cole Holcomb,0.197561293530881
rusher::Corey Peters,-0.057559081618965634
rusher::Cortez Broughton,-0.0568302334821944
rusher::Cory Littleton,-0.06274723897449927
rusher::Curtis Robinson,0.039578954815473404
rusher::Curtis Weaver,-0.005969119027842064
rusher::D.J. Jones,0.3393602907803683
rusher::D.J. Reader,0.013586867878618498
rusher::D.J. Wonnum,-0.5147641378387828
rusher::Da'Shawn Hand,-0.19952528397577304
rusher::Daelin Hayes,-0.008977996102749746
rusher::Dakota Allen,-0.20681546790879773
rusher::Dalvin Tomlinson,-0.05438986883481645
rusher::Damien Wilson,0.12406684505487904
rusher::Damion Square,0.14725027991338488
rusher::Daniel Archibong,0.07881831439713598
rusher::Daniel Ekuale,0.1092125521514802
rusher::Daniel Wise,-0.09927069129820043
rusher::Danielle Hunter,0.1791348721664755
rusher::Danny Shelton,0.03088165952791043
rusher::Danny Trevathan,-0.0348844488352715
rusher::Dante Fowler Jr.,-0.20193963001632403
rusher::Daquan Jones,0.3755340291070483
rusher::Darious Williams,-0.02586997122020662
rusher::Darius Hodges,-0.033888626061530744
rusher::Darius Leonard,0.149552569240257
rusher::Darius Philon,0.4417589340233972
rusher::Daron Payne,0.029202889445204848
rusher::Darrell Taylor,0.20510654549349822
rusher::Darryl Johnson,0.04932824073363579
"rusher::David Long, Jr.",0.38355606249899143
rusher::David Mayo,-0.06918043700992504
rusher::David Moa,0.280502097785841
rusher::David Onyemata,-0.16023861273032658
rusher::Davion Taylor,-0.10877442452273436
rusher::Daviyon Nixon,0.12973121032940346
rusher::Davon Godchaux,0.1711975827800881
rusher::Davon Hamilton,0.41927688569903687
rusher::Dawuane Smoot,0.17183101406274692
rusher::Dayo Odeyingbo,-0.19316865045566656
rusher::De'Vondre Campbell,2.8874898802618487e-4
rusher::Dean Lowry,-0.2824178097495102
rusher::DeAngelo Malone,-0.014617632250961035
rusher::Deatrich Wise Jr.,-0.1117829425085649
rusher::Dee Ford,-0.18292329923211778
rusher::Deforest Buckner,0.08421266441619929
rusher::Deion Jones,0.15385619544650483
rusher::Del'Shawn Phillips,0.04122930103367101
rusher::Delontae Scott,-0.026264138060891777
rusher::DeMarcus Lawrence,0.07156024564929722
rusher::Demarcus Walker,0.09377427932667519
rusher::Demario Davis,0.06767401801396172
rusher::Demetrius Flannigan-Fowles,-0.16611120393964873
rusher::Demone Harris,-0.2523812614483878
rusher::Denico Autry,-0.021526863598299723
rusher::Dennis Gardeck,0.0012221697697277125
rusher::Denzel Perryman,0.16083306137621833
rusher::Derek Barnett,0.02477254471867673
rusher::Derek Rivers,-0.251849142529695
rusher::Derick Roberson,0.3801449894127854
rusher::Derrek Tuszka,-0.1637711500908105
rusher::Derrick Barnes,0.12589819374673922
rusher::Derrick Brown,0.2251508104568153
rusher::Derrick Nnadi,-0.16831180373136378
rusher::Deshawn Williams,-0.2662796256564849
rusher::Devin Bush,-0.06126336781655892
rusher::Devin White,-0.05973201020344859
rusher::Devon Kennard,-0.0037840305375403975
rusher::Dexter Lawrence,-0.036270958319570626
rusher::Divine Deablo,-0.3408878631050311
rusher::Dont'A Hightower,-0.1728505164939985
rusher::Dorance Armstrong,-0.4265856457154295
rusher::Dorian O'Daniel,0.04217376532744746
rusher::Doug Costin,-0.17602163331237955
rusher::Dre Greenlaw,0.09818038321760711
rusher::Dre'Mont Jones,0.2634501692609273
rusher::Drue Tranquill,0.16702462060705475
rusher::Duke Riley,0.20155934955471103
rusher::Dylan Cole,0.09165940417983894
rusher::E.J. Speed,0.08139255911214541
rusher::Ed Oliver,0.15801443701186052
rusher::Eddie Goldman,0.17727847354408524
rusher::Eddie Yarbrough,-0.045497992847222654
rusher::Efe Obada,0.08737374927635036
rusher::Elandon Roberts,0.19168396372369537
rusher::Elerson Smith,-0.023636704150585382
rusher::Eli Ankou,0.27162911360124126
rusher::Elijah Lee,-0.13425151287542517
rusher::Emeke Egbule,-0.04920009720911816
rusher::Emmanuel Ellerbee,-0.03164531132251348
rusher::Emmanuel Ogbah,-0.09941853513032195
rusher::Eric Banks,0.033364361471230376
rusher::Eric Kendricks,-0.033412519040089815
rusher::Eric Wilson,-0.0026771830555614566
rusher::Ernest Jones,0.12584816717774958
rusher::Ethan Westbrooks,-0.055287118797206505
rusher::Everson Griffen,-0.0890007888491341
rusher::Fletcher Cox,0.15889407813113768
rusher::Folorunso Fatukasi,0.3991946906490681
rusher::Forrest Merrill,0.004548970332106005
rusher::Foyesade Oluokun,-0.025553922362642072
rusher::Frank Clark,-0.09728279134286216
rusher::Frank Herron,-0.0312833591964438
rusher::Frankie Luvu,0.10412857675412285
rusher::Fred Warner,0.19662139692474648
rusher::Freedom Akinmoladun,0.03153695309900103
rusher::Garret Wallow,0.2866489040996691
rusher::Genard Avery,0.23921800971066057
rusher::Gerald McCoy,0.08203206819516408
rusher::Germaine Pratt,0.027105578398433382
rusher::Grady Jarrett,0.2812852042326943
rusher::Grant Stuard,-0.033814838965640505
rusher::Greg Gaines,-0.004040149375842418
rusher::Greg Rousseau,0.11564498265814512
rusher::Grover Stewart,-0.041330744754606893
rusher::Haason Reddick,0.12960165910002297
rusher::Hamilcar Rashed Jr.,-0.06382487937613873
rusher::Hamsah Nasirildeen,-0.16822373315978495
rusher::Hardy Nickerson,0.04485763889252031
rusher::Harold Landry III,-0.1843743099375573
rusher::Harvey Langi,0.015162960229998593
rusher::Hassan Ridgeway,0.16660000756253457
rusher::Henry Anderson,0.034750609877132674
rusher::Henry Mondeaux,-0.21844079726739754
rusher::Ifeadi Odenigbo,-0.3180731432254438
rusher::Isaac Rochell,-0.0477011306653447
rusher::Isaiah Buggs,0.06696954552643111
rusher::Isaiah Mack,-0.02152621329910799
rusher::Isaiah Simmons,0.13011788313239903
rusher::Isaiahh Loudermilk,-0.2952140678409515
rusher::J.J. Watt,0.3298660304511707
rusher::Ja'Whaun Bentley,-0.0869735235649573
rusher::Jabari Zuniga,0.2660439655949873
rusher::Jabril Cox,-0.0152381621535985
rusher::Jack Heflin,-0.12990663655133702
rusher::Jacob Martin,0.2956523025641452
rusher::Jacob Phillips,0.016902665684768788
rusher::Jacob Tuioti-Mariner,-0.20078869917205058
rusher::Jacoby Stevens,0.05194425050975816
rusher::Jadeveon Clowney,0.3031322252869212
rusher::Jaelan Phillips,-0.2675312416413744
rusher::Jahlani Tavai,-0.13505386796461977
rusher::Jake Zimmer,-0.1804576223299679
rusher::Jaleel Johnson,-0.10147746001394643
rusher::Jalen Reeves-Maybin,0.19798237796803725
rusher::Jalyn Holmes,-0.31552120766863373
rusher::James Lynch,0.08474496543069387
rusher::James Smith-Williams,-0.18115859249332802
rusher::James Vaughters,-0.10221861745085252
rusher::Jamie Collins Sr.,-0.09850125796683297
rusher::Jamien Sherwood,-0.04740874347448687
rusher::Jamin Davis,0.039621077376554945
rusher::Jamir Jones,0.06190503594458362
rusher::Jarrad Davis,-0.26797430231217617
rusher::Jarran Reed,0.02913703476973995
rusher::Jashon Cornell,-0.027062608595463614
rusher::Jason Pierre-Paul,-0.48599135688461687
rusher::Javon Hargrave,0.19334928130234186
rusher::Javon Kinlaw,0.10279172888872735
rusher::Jay Tufele,0.43691762354961283
rusher::Jaylon Ferguson,-0.4785448393847472
rusher::Jaylon Smith,-0.24173543062983904
rusher::Jayon Brown,-0.1830696286981627
rusher::Jeffery Simmons,-0.0753033883294727
rusher::Jeremiah Attaochu,-0.15672529458822324
rusher::Jeremiah Owusu-Koramoah,0.6570103360932097
rusher::Jermaine Carter Jr.,0.5668716932278113
rusher::Jermaine Johnson II,0.04588911225043195
rusher::Jerome Baker,-0.20054712611537115
rusher::Jerry Hughes,0.2505639479522039
rusher::Jerry Tillery,-0.005327698446419804
rusher::Jessie Lemonier,-0.19276349555927588
rusher::Jihad Ward,0.07792765281514788
rusher::Joe Bachie,0.07670185074508587
rusher::Joe Gaziano,-0.058891233283642264
rusher::Joe Jackson,-0.1825666275345512
rusher::Joe Schobert,-0.08483222013141828
rusher::Joe Thomas,0.08542493674394896
rusher::Joe Tryon-Shoyinka,-0.07666556264525888
rusher::Joe Walker,-0.08892255392120214
rusher::Joey Bosa,0.149536277954808
rusher::John Cominsky,0.16626913773276156
rusher::John Franklin-Myers,0.027925546149528843
rusher::John Jenkins,0.0227826526198116
rusher::John Penisini,-0.0481139828689817
rusher::John Simon,-0.13816782588608809
rusher::Johnathan Hankins,0.12507560361273085
rusher::Jonas Griffith,-0.10536334732601586
rusher::Jonathan Allen,0.2476570511201343
rusher::Jonathan Bostic,0.28333427883269285
rusher::Jonathan Bullard,-0.025470812486686475
rusher::Jonathan Garvin,-0.28070687589313686
rusher::Jonathan Greenard,0.10558445865230906
rusher::Jonathan Harris,-0.14297336897038887
rusher::Jonathan Ledbetter,-0.029086766409203834
rusher::Jonathan Marshall,0.3085773194182212
rusher::Jonathon Cooper,-0.2177013479074694
rusher::Jordan Elliott,-0.004623735937115604
rusher::Jordan Evans,0.016538681458564235
rusher::Jordan Hicks,0.22279428055937325
rusher::Jordan Jenkins,0.17434732894687366
rusher::Jordan Phillips,-0.2014252895667128
rusher::Jordan Smith,-0.12833762222834164
rusher::Jordan Willis,-0.2224765121057311
rusher::Jordyn Brooks,0.2359526331993307
rusher::Joseph Jones,-0.17555281611174814
rusher::Josey Jewell,0.026105533727145726
rusher::Josh Allen,0.5118681498804171
rusher::Josh Bynes,0.28365003828758445
rusher::Josh Mauro,-0.09516008597617895
rusher::Josh Sweat,0.23768563145491842
rusher::Josh Tupou,-0.12197371227266822
rusher::Josh Uche,-0.2389456329183169
rusher::Josh Woods,0.2309625818141592
rusher::Joshua Kaindoh,0.24354293138233546
rusher::Josiah Bronson,-0.3836211101730971
rusher::Julian Okwara,-0.06975001828024756
rusher::Julian Stanford,0.09184858645139739
rusher::Justin Ellis,-0.3071607449943399
rusher::Justin Hamilton,0.0982261818681073
rusher::Justin Hollins,0.08763310859803071
rusher::Justin Houston,0.019635572199084336
rusher::Justin Jones,-0.10973920186327085
rusher::Justin Lawler,0.01249974123317567
rusher::Justin Madubuike,0.12124080374073624
rusher::Justin Strnad,-0.02035547102634747
rusher::Justin Zimmer,-0.0166224526337862
rusher::K.J. Wright,-0.06086267222629427
rusher::K'Lavon Chaisson,-0.1521948871044424
rusher::Kaden Elliss,-0.21050466527642803
rusher::Kahlil Mckenzie,-0.08696310482860678
rusher::Kamal Martin,-0.03690769044271306
rusher::Kamu Grugier-Hill,0.4392613199106429
rusher::Keandre Jones,-0.03125041942281201
rusher::Keanu Neal,-0.483736349833285
rusher::Kemoko Turay,-0.24608710085351865
rusher::Kendal Vickers,-0.057365524573081715
rusher::Kenneth Murray Jr.,0.1811470698475137
rusher::Kenny Clark,0.14261938324022644
rusher::Kenny Willekes,-0.5192622028735335
rusher::Kenny Young,-0.0027722860227156975
rusher::Kentavius Street,0.12030508003664259
rusher::Kerry Hyder Jr.,-0.26844187266176406
rusher::Kevin Givens,0.18664160106228447
rusher::Kevin Minter,0.032913264379601376
rusher::Kevin Pierre-Louis,-0.01972131813545275
rusher::Kevin Strong,-0.015125530840530211
rusher::Khaleke Hudson,0.06792707040139367
rusher::Khalen Saunders,-0.06678577040788813
rusher::Khalid Kareem,-0.4816768490934521
rusher::Khalil Davis,-0.023511820544755594
rusher::Khalil Mack,0.2677639516896266
rusher::Khyiris Tonga,0.15745847117915757
rusher::Kingsley Keke,-0.19951681574172442
rusher::Kristian Welch,0.003456147090282033
rusher::Krys Barnes,-0.1176725576649173
rusher::Kwity Paye,-0.05511169153723391
rusher::Kwon Alexander,0.09622728317044843
rusher::Kyle Peko,0.2437428601150459
rusher::Kyle Phillips,-0.1998983791004559
rusher::Kyle Van Noy,-0.060302870237101076
rusher::Kyler Fackrell,-0.10930060442553724
rusher::Kylie Fitts,-0.09796154981274385
rusher::Kyzir White,-0.14739440833240539
rusher::L.J. Collier,0.19808928866463862
rusher::La'Darius Hamilton,0.027228053037806
rusher::Ladarius Hamilton,-0.047070435614800836
rusher::Larrell Murchison,0.2227445051033994
rusher::Larry Ogunjobi,0.0689391035496457
rusher::Lavonte David,-0.06245459632040346
rusher::Lawrence Guy,0.17800386642157898
rusher::Ledarius Mack,-0.037292942682645554
rusher::Leighton Vander Esch,-0.3646610078001552
rusher::Leki Fotu,0.007697041292529756
rusher::Leonard Floyd,-0.16694079983329332
rusher::Leonard Williams,-0.11976284857931531
rusher::Lerentee Mccray,-0.1771662127383753
rusher::Levi Onwuzurike,-0.03157757661985955
rusher::Linval Joseph,0.10540585462567931
rusher::Logan Wilson,-0.03586252558637957
rusher::Lorenzo Carter,-0.40937416525882037
rusher::Luke Gifford,-0.02922920366303507
rusher::Mack Wilson Sr.,-0.03820219701063175
rusher::Malcolm Koonce,-0.3086052056452685
rusher::Malcolm Roach,0.2096901615332614
rusher::Malcolm Smith,0.07574179002588499
rusher::Malcom Brown,0.33259176374642957
rusher::Maliek Collins,0.2670253344406036
rusher::Malik Harrison,0.11187962543544695
rusher::Malik Jackson,-0.21860302863231457
rusher::Malik Mcdowell,0.21190385839732004
rusher::Malik Reed,-0.2966455005292225
rusher::Marcell Harris,-0.31419065725227785
rusher::Marcus Allen,0.014033405521911138
rusher::Marcus Davenport,0.12018244899706451
rusher::Margus Hunt,-0.04759957784417995
rusher::Mario Addison,0.16745939190181233
rusher::Mario Edwards Jr.,0.08768065103291785
rusher::Markus Bailey,-0.0891756947238457
rusher::Markus Golden,-0.09898194743375556
rusher::Marlon Davidson,-0.29418507953174683
rusher::Marlon Tuipulotu,-0.23638852387576492
rusher::Marquel Lee,-0.14848201706992958
rusher::Marquis Haynes Sr.,-0.13745531825033674
rusher::Marquise Copeland,-0.03491407008446367
rusher::Marquiss Spencer,-0.08163405181090876
rusher::Marvin Wilson,-0.005606678337854933
rusher::Matt Ioannidis,0.0650574184586864
rusher::Matt Milano,0.3724902503866008
rusher::Matthew Judon,-0.15006099804589473
rusher::Maurice Hurst,0.3938115102433376
rusher::Maxx Crosby,0.1676047222026688
rusher::Mctelvin Agim,-0.06069454159327606
rusher::Melvin Ingram,-0.22352139032031845
rusher::Micah Kiser,0.23101425411384735
rusher::Micah Parsons,0.33549213148303586
rusher::Michael Brockers,-0.16935326927108252
rusher::Michael Dogbe,0.020091211689975668
rusher::Michael Dwumfour,0.3458004947899946
rusher::Michael Hoecht,-0.1424158709475797
rusher::Michael Pierce,0.07193976451682717
rusher::Mike Daniels,0.18390168493138745
rusher::Mike Danna,-0.34579581703113316
rusher::Mike Pennel,0.14646674130851153
rusher::Mike Purcell,0.25293229909751525
rusher::Milton Williams,0.29984900275273774
rusher::Montez Sweat,-0.3466429855927234
rusher::Montravius Adams,0.20707031747720112
rusher::Monty Rice,0.13506120618912454
rusher::Morgan Fox,0.07558308544073385
rusher::Mykal Walker,-0.13553603625048213
rusher::Myles Adams,0.09434503298242007
rusher::Myles Garrett,0.43679780535663987
rusher::Myles Jack,0.0325865710633215
rusher::Naquan Jones,-0.17597704009072093
rusher::Nate Orchard,-0.018298710388263757
rusher::Nathan Landman,-0.04764074324410098
rusher::Nathan Shepherd,0.33982975251028313
rusher::Ndamukong Suh,0.21360665200322607
rusher::Neville Gallimore,0.026041145466907892
rusher::Neville Hewitt,0.005750994595231785
rusher::Nick Bolton,0.07851423932128232
rusher::Nick Bosa,0.03505724265792328
rusher::Nick Dzubnar,-0.11061058792989996
rusher::Nick Kwiatkoski,0.018109980773530546
rusher::Nick Niemann,-0.09195490381426707
rusher::Nick Thurman,-0.024318477094958255
rusher::Nick Vigil,0.004504876466265235
rusher::Nick Williams,-0.29981516041396533
rusher::Noah Dawkins,0.0468489134270512
rusher::Noah Spence,0.12314810105128979
rusher::Odafe Oweh,0.1254401047913119
rusher::Ogbonnia Okoronkwo,0.0075131301999347535
rusher::Ola Adeniyi,-0.31167274353427477
rusher::Oren Burks,-0.07408574467640729
rusher::Osa Odighizuwa,0.10792781811778954
rusher::Oshane Ximines,-0.40320512587611373
rusher::Otito Ogbonnia,-0.11343139663454585
rusher::P.J. Williams,0.02404972938329698
rusher::Patrick Johnson,0.01298785513596302
rusher::Patrick Jones II,-0.023300992072398694
rusher::Patrick O'Connor,0.09859036159229644
rusher::Patrick Queen,0.4870453916923475
rusher::Payton Turner,-0.18145689148593314
rusher::Pernell Mcphee,-0.2757366271394746
rusher::Pete Werner,0.19534540166626108
rusher::Phil Hoskins,0.09754429713427883
rusher::Pita Taumoepenu,-0.020811324552163828
rusher::Poona Ford,0.1964974763513807
rusher::Porter Gustin,-0.22514657682637876
rusher::Preston Smith,-0.13410783826694875
rusher::Quincy Roche,-0.2506593944878566
rusher::Quincy Williams,-0.0743532699082675
rusher::Quinnen Williams,0.38126518200281573
rusher::Quinton Bohanna,0.04766088748135988
rusher::Quinton Jefferson,0.028293962663196216
rusher::Raekwon Davis,-0.04516458359379641
rusher::Raequan Williams,0.04917952845881035
rusher::Rakeem Nunez-Roches,0.32994041775355526
rusher::Randy Gregory,-0.10449510212011183
rusher::Rashaan Evans,0.12026294787856434
rusher::Rashad Weaver,0.005281029323120426
rusher::Rashan Gary,-0.15951223984955368
rusher::Rashard Lawrence,0.03304822098451002
rusher::Rasheem Green,-0.11334971369939616
rusher::Rashod Berry,-0.1843850122694289
rusher::Raymond Johnson III,-0.08407390817492469
rusher::Reggie Ragland,0.1663451525230856
rusher::Reginald Mckenzie,0.1297171749667618
rusher::Renell Wren,-0.10460678395714533
rusher::Robert Nkemdiche,0.055921004789407515
rusher::Robert Quinn,0.37717217908725753
rusher::Robert Spillane,0.0020782444513856605
rusher::Romeo Okwara,-0.09045184955422919
rusher::Ron'Dell Carter,-0.10988301119790041
rusher::Ronald Blair,-0.056968502693131584
rusher::Roquan Smith,0.23148288237312437
rusher::Ross Blacklock,-7.905727377939852e-4
rusher::Roy Lopez,0.056894414703507624
rusher::Roy Robertson-Harris,0.394546427625796
rusher::Ryan Kerrigan,0.046148558886383834
rusher::Sam Eguavoen,0.07757104384623321
rusher::Sam Hubbard,-0.25460963604087034
rusher::Sam Kamara,0.0025689765828286488
rusher::Samson Ebukam,-0.15657070676854196
rusher::Samuel Eguavoen,-0.015937040427986434
rusher::Shaka Toney,0.025710212333831906
rusher::Shamar Stephen,-0.29797216074385413
rusher::Shaq Lawson,-0.1374548343835933
rusher::Shaq Thompson,0.12999207443368932
rusher::Shaquil Barrett,-0.21370032925022472
rusher::Shaquille Quarterman,-0.1248745305531243
rusher::Sharif Finch,0.15245310500829043
rusher::Shaun Bradley,-0.11819221751631644
rusher::Shelby Harris,-0.20369232510096405
rusher::Sheldon Day,0.04810726733411324
rusher::Sheldon Rankins,0.22947182307925343
rusher::Sheldon Richardson,-0.2843902219239793
rusher::Shy Tuttle,-0.16046527799094265
rusher::Sione Takitaki,0.1092026134480698
rusher::Solomon Thomas,0.04636220505100812
rusher::Star Lotulelei,0.1775711341530856
rusher::Stephen Weatherly,-0.20206129362035488
rusher::Steve Mclendon,0.03836563067808757
rusher::Steven Means,-0.23425164327724865
rusher::T.J. Edwards,0.09320197706088998
rusher::T.J. Slaton,0.10363477410482506
rusher::T.J. Watt,0.3384768544960211
rusher::T.Y. Mcgill,0.03122625281675198
rusher::Ta'Quon Graham,-0.04799943993192319
rusher::Taco Charlton,-0.2646762714127799
rusher::Tae Crowder,0.48632105586582947
rusher::Takkarist Mckinley,-0.05960069466223564
rusher::Tanner Vallejo,0.05761314093054569
rusher::Tanoh Kpassagnon,-0.2575878990688981
rusher::Tarell Basham,-0.06570507210000737
rusher::Tarron Jackson,0.14001484117043966
rusher::Tashawn Bower,-0.14185887780433012
rusher::Taven Bryan,0.47529032430461204
rusher::Taylor Stallworth,-0.11562250436603079
rusher::Teair Tart,0.022554752207206027
rusher::Terrell Lewis,-0.14723068336871498
rusher::Tershawn Wharton,0.2168811958738585
rusher::Tim Settle,0.342293727387572
rusher::Tim Ward,-0.02224771807004549
rusher::Tipa Galeai,-0.09952453037438097
rusher::Tommy Togiai,-0.11419784001663803
rusher::Travin Howard,0.004844292909204028
rusher::Tremaine Edmunds,0.2983458058532016
rusher::Trent Harris,-0.1686137152894366
rusher::Trevis Gipson,-0.012776591837117345
rusher::Trey Flowers,-0.2665405338767289
rusher::Trey Hendrickson,0.08829058046912963
rusher::Troy Dye,-0.1992150643151963
rusher::Troy Reeder,0.6100293374692893
rusher::Trysten Hill,-0.04011781612385959
rusher::Ty Summers,0.022851003344830725
rusher::Tyeler Davison,0.07646916856990602
rusher::Tyler Lancaster,0.07415535332346486
rusher::Tyler Matakevich,-0.08561997322180488
rusher::Tyler Shelvin,-0.11069724936764105
rusher::Tyquan Lewis,-0.03973927403602153
rusher::Tyrel Dodson,0.2605083293646634
rusher::Tyrell Adams,-0.019518922099290157
rusher::Tyson Alualu,-0.0667843495200111
rusher::Tyus Bowser,-0.12492228515277465
rusher::Uchenna Nwosu,-0.1806150712538554
rusher::Ulysees Gilbert III,-0.06396563402285199
rusher::Vernon Butler,0.14872901473044609
rusher::Victor Dimukeje,-0.08917940572370632
rusher::Vince Biegel,0.03331972286616705
rusher::Vincent Taylor,0.09656097163364882
rusher::Vita Vea,0.4625527094543524
rusher::Von Miller,-0.033963695228893094
rusher::Whitney Mercilus,-0.1555376411229696
rusher::Will Bradley-King,0.021148340516005833
rusher::William Gholston,0.03257208478248363
rusher::Willie Gay,0.09397633811980091
rusher::Woodrow Hamilton,0.042462589769167294
rusher::Wyatt Ray,-0.03965051481520391
rusher::Wyatt Raymond,-0.4032020258435175
rusher::Xavier Williams,0.04963483306086839
rusher::Yannick Ngakoue,-0.07101852773134253
rusher::Yetur Gross-Matos,0.0475796179930325
rusher::Za'Darius Smith,0.05428796328078653
rusher::Zach Allen,-0.19471912334978114
rusher::Zach Cunningham,0.2793559704646398
rusher::Zach Kerr,0.336446649184067
rusher::Zach Sieler,0.06692872615366437
rusher::Zack Baun,0.19941497563282978
rusher::Zaire Franklin,0.018102579354741587
rusher::Zaven Collins,0.122761702130536
blocker::A.J. Cann,-0.12971409658373254
blocker::Aaron Banks,0.04542774446472112
blocker::Aaron Brewer,-0.11914277227057991
blocker::Aaron Stinnie,0.0633102992580916
blocker::Adam Pankey,-0.05268227535042025
blocker::Aj Jackson,-0.06312499093106937
blocker::Alejandro Villanueva,0.23264711213329192
blocker::Alex Bars,-0.09578550863583261
blocker::Alex Barshaba,-0.21392762812003094
blocker::Alex Cappa,0.09088451789221323
blocker::Alex Leatherwood,-0.10228404310984822
blocker::Alex Mack,-0.1523274507139516
blocker::Ali Marpet,0.31162518323981503
blocker::Alijah Vera-Tucker,0.117689381490752
blocker::Andre Dillard,0.19358930767399887
blocker::Andre James,0.17386251991693033
blocker::Andre Smith,-0.02750127445987584
blocker::Andrew Norwell,0.2889308825552519
blocker::Andrew Thomas,7.655514717566615e-4
blocker::Andrew Whitworth,0.19487811740356403
blocker::Andrew Wylie,-0.044298910107431214
blocker::Andrus Peat,0.1116502402129612
blocker::Attauyo Nsekhe,-0.07748485696381502
blocker::Austin Blythe,-0.056090382015942485
blocker::Austin Corbett,0.009407570537333399
blocker::Austin Jackson,0.022873785708820725
blocker::Austin Reiter,-0.07824605739386177
blocker::Austin Schlottmann,0.04284853719247916
blocker::B.J. Finney,0.4187496068784793
blocker::Ben Bartch,0.010542480944763394
blocker::Ben Braden,-0.029026589240128315
blocker::Ben Bredeson,0.027479441236244965
blocker::Ben Cleveland,0.4467306235793876
blocker::Ben Jones,0.087922128651931
blocker::Ben Powers,0.3919381545321838
blocker::Billy Price,-0.005814096139242961
blocker::Billy Turner,0.04142261823673734
blocker::Blake Brandel,-0.33457870588616784
blocker::Blake Hance,-0.2935765500899038
blocker::Bobby Evans,0.10946320873212138
blocker::Bobby Hart,-0.44178354623965277
blocker::Bobby Massie,-0.25153007517915904
blocker::Braden Smith,-0.07651345752621636
blocker::Bradley Bozeman,0.09994788544788098
blocker::Brady Christensen,0.0015916771959919225
blocker::Brandon Brooks,0.17904898053658558
blocker::Brandon Knight,-0.09174557532510229
blocker::Brandon Linder,0.3675250384665464
blocker::Brandon Parker,-0.016337298583527806
blocker::Brandon Scherff,0.09414137515555211
blocker::Brandon Shell,-0.2616213926600634
blocker::Brett Toth,0.03974963182948144
blocker::Brian Allen,0.06175485212480829
blocker::Brian O'Neill,0.018326760305619822
blocker::Brian Winters,-0.10535272394626853
blocker::Bryan Bulaga,-0.1402556086044458
blocker::Caleb Benenoch,0.07736273442754293
blocker::Calvin Anderson,-0.2879141875046713
blocker::Calvin Throckmorton,0.6455169866381791
blocker::Cam Robinson,-0.14481918765220486
blocker::Cameron Erving,-0.3025858507560384
blocker::Cameron Fleming,-0.3942037784163846
blocker::Cameron Tom,0.020503142206758973
blocker::Casey Tucker,-0.14681717364142502
blocker::Cedric Ogbuehi,-0.10837141995830131
blocker::Cesar Ruiz,0.2802234472683565
blocker::Charles Leno Jr.,0.03963294215071541
blocker::Charlie Heck,-0.24304022743302883
blocker::Chase Roullier,0.5389687651159438
blocker::Chris Hubbard,-0.11879042292624187
blocker::Chris Lindstrom,0.008030322843929344
blocker::Chris Reed,-0.14032090519445867
blocker::Christian Darrisaw,-0.2870650301552509
blocker::Chukwuma Okorafor,-0.05949728153940232
blocker::Chuma Edoga,0.06375607076169217
blocker::Cody Ford,0.07343959731770817
blocker::Cody Whitehair,0.0554981067924753
blocker::Colby Gossett,-0.14377569581347224
blocker::Cole Toner,0.3740853219659378
blocker::Coleman Shelton,0.024664809702142694
blocker::Colton Mckivitz,-0.3167443805997741
blocker::Connor Mcgovern,-0.052455680018199974
blocker::Conor Mcdermott,-0.3857803803923375
blocker::Corey Levin,-0.16206306275107818
blocker::Corey Linsley,0.2724556286118381
blocker::Cornelius Lucas,-0.060123804721360814
blocker::Creed Humphrey,0.14001395306021724
blocker::D.J. Humphries,-0.2611417792814418
blocker::D'Ante Smith,-0.09232042444567516
blocker::Dalton Risner,0.2987548417989821
blocker::Damien Lewis,0.11383419920681012
blocker::Dan Moore Jr.,-0.013329460882878973
blocker::Daniel Brunskill,-0.03801822537691794
blocker::Danny Isidora,0.09358525079097398
blocker::Danny Pinter,5.390461386153714e-4
blocker::Daryl Williams,-0.0684244617946677
blocker::David Andrews,0.11151416962884343
blocker::David Bakhtiari,-0.06732425866784073
blocker::David Edwards,0.17688975882724794
blocker::David Quessenberry,-0.10059934134916423
blocker::David Sharpe,0.17037060916509014
blocker::David Steinmetz,0.020898891931777255
blocker::Dennis Daley,-0.18478928520736812
blocker::Dennis Kelly,-0.022438071157140454
blocker::Denzelle Good,-0.014784123175014945
blocker::Deonte Brown,0.03367086947857684
blocker::Derrick Kelly,0.04555349254133258
blocker::Dillon Radunz,-0.2369203359590827
blocker::Dion Dawkins,-0.2894111797678846
blocker::Donovan Smith,0.2360360601994023
blocker::Drew Dalman,0.07472533370661964
blocker::Duane Brown,-0.20093084142315754
blocker::Elgton Jenkins,-0.11368028622137508
blocker::Elijah Wilkinson,0.25041512086729456
blocker::Ereck Flowers Sr.,0.31262835376853493
blocker::Eric Fisher,-0.30221484081353156
blocker::Erik McCoy,0.7004981609229533
blocker::Ethan Pocic,0.06810875403914708
blocker::Evan Brown,0.21141261604335732
blocker::Ezra Cleveland,0.06537053245246245
blocker::Frank Ragnow,0.27865925704039574
blocker::Fred Johnson,-0.2028362277197005
blocker::Gabe Jackson,0.3566448548179318
blocker::Garett Bolles,-0.023244617713769868
blocker::Garrett Bradbury,0.10625977974124073
blocker::George Fant,-0.24904130465250043
blocker::Germain Ifedi,-0.017748092561455445
blocker::Geron Christian Sr.,-0.10707057453857373
blocker::Graham Glasgow,0.09533214646640495
blocker::Greg Mancz,0.14447757009572418
blocker::Greg Van Roten,0.19143579819955522
blocker::Hakeem Adeniji,-0.17569251979428901
blocker::Halapoulivaati Vaitai,0.108619792338489
blocker::Ike Boettger,0.03749152662106219
blocker::Iosua Opeta,-0.11034529502065105
blocker::Isaac Seumalo,0.12227466395649422
blocker::Isaiah Prince,-0.22863197333373067
blocker::Isaiah Williams,-0.12906553415261332
blocker::Isaiah Wynn,-0.36178916253039667
blocker::J.C. Hassenauer,0.24642607622922796
blocker::J.C. Tretter,0.3211151027863657
blocker::Jack Anderson,-0.19777871117418036
blocker::Jack Conklin,0.020166445930354632
blocker::Jack Driscoll,0.12707509494640212
blocker::Jackson Barton,-0.2634101512676942
blocker::Jackson Carman,-0.030885794624042645
blocker::Jake Brendel,0.017858420465917374
blocker::Jake Curhan,-0.25236909204196506
blocker::Jake Hanson,0.051587156923599393
blocker::Jake Matthews,-0.15504577352478885
blocker::Jalen Mayfield,-0.02872918398781601
blocker::Jamarco Jones,-0.07266138856634635
blocker::James Carpenter,0.2632709465936744
blocker::James Daniels,0.18973427715933963
blocker::James Ferentz,-0.17995324271089694
blocker::James Hudson III,-0.11916149436746905
blocker::Jamil Douglas,0.04351835087795246
blocker::Jaryd Jones-Smith,0.027506635619350957
blocker::Jason Kelce,0.03949704452945561
blocker::Jason Peters,-0.002115807530437059
blocker::Jason Spriggs,0.026795472015166553
blocker::Jawaan Taylor,-0.18452604174625445
blocker::Jaylon Moore,-0.11993213764999787
blocker::Jc Tretter,0.014192524951937659
blocker::Jedrick Wills Jr.,-0.10208647397448471
blocker::Jermaine Eluemunor,-7.786359502657725e-4
blocker::Jesse Davis,-0.09108234477532995
blocker::Jimmy Morrissey,0.03513489577857322
blocker::Joe Haeg,-0.17031548079846168
blocker::Joe Noteboom,-0.33069347173232694
blocker::Joe Thuney,0.41736251291582244
blocker::Joel Bitonio,0.3209131409001622
blocker::John Leglue,-0.06756183166031109
blocker::John Miller,-0.03421780321528476
blocker::John Simpson,0.0848588045349761
blocker::Jon Feliciano,0.14262022096076182
blocker::Jon Runyan,-0.05808764121786377
blocker::Jon Toth,-0.059728339202911214
blocker::Jonah Jackson,0.0873229904201466
blocker::Jonah Williams,-0.16642035459026344
blocker::Jordan Mailata,-0.110003499296769
blocker::Jordan Mills,0.8554832662887389
blocker::Jordan Simmons,-0.08867816863067465
blocker::Joseph Noteboom,-0.024834867134398104
blocker::Josh Jones,-0.0112413158569272
blocker::Josh Myers,0.02390344818033386
blocker::Josh Wells,0.08238344456746681
blocker::Joshua Miles,-0.04308520501881249
blocker::Julie'N Davenport,-0.1461481829762106
blocker::Justin Britt,-0.09445956813296401
blocker::Justin Herron,-0.21525261477852622
blocker::Justin Mccray,-0.006571926711029089
blocker::Justin Murray,-0.0031663623741628347
blocker::Justin Pugh,0.17302195381021437
blocker::Kaleb McGary,-0.3510850623105896
blocker::Kayode Awosika,0.08602111682884117
blocker::Kc Mcdermott,0.12563424635020848
blocker::Keaton Sutherland,-0.00311875834625421
blocker::Keith Ismael,0.2646669174171298
blocker::Kelvin Beachum,-0.017770707464512113
blocker::Kendall Lamm,0.012836472900990083
blocker::Kendrick Green,0.1324989516783612
blocker::Kevin Dotson,0.2754652523084794
blocker::Kevin Zeitler,0.39531371508278673
blocker::Kolton Miller,-0.08748268060977146
blocker::Korey Cunningham,-0.38929114875756354
blocker::Kyle Fuller,-0.03347904945884168
blocker::Kyle Long,-0.03868858497050717
blocker::Kyle Murphy,0.04967328390198576
blocker::La'El Collins,-0.30428775993309337
blocker::Lachavious Simmons,-0.049064147114246316
blocker::Laken Tomlinson,-0.11595561951863892
blocker::Landon Dickerson,0.15824644793613263
blocker::Landon Young,-0.07306898616804264
blocker::Lane Johnson,-0.03831632937130973
blocker::Lane Taylor,0.13273239214690838
blocker::Laremy Tunsil,-0.0612119361433099
blocker::Larry Borom,0.21784440533567817
blocker::Laurent Duvernay-Tardif,0.04933893340033645
blocker::Le'Raven Clark,-0.5710439351334464
blocker::Lester Cotton Sr.,0.02466687363257047
blocker::Liam Eichenberg,-0.28226028008600224
blocker::Lloyd Cushenberry III,0.23804713414110298
blocker::Logan Stenberg,-0.019056950490538915
blocker::Lucas Niang,-0.07155852822546828
blocker::Lucas Patrick,0.1574659929217834
blocker::Marcus Cannon,-0.3382587248680423
blocker::Marcus Henry,-0.0525921685838317
blocker::Mark Glowinski,-0.28536383048826774
blocker::Mason Cole,0.41982806697262637
blocker::Matt Farniok,-0.04183934428114293
blocker::Matt Feiler,0.05929360226838639
blocker::Matt Hennessy,0.2793063482480136
blocker::Matt Nelson,-0.20047124554125761
blocker::Matt Paradis,0.24163346386308582
blocker::Matt Peart,-0.329718734908185
blocker::Matt Pryor,-0.1817490646926255
blocker::Matt Skura,-0.0785925861346472
blocker::Max Garcia,-0.045204204375309566
blocker::Max Scharping,0.02397283267052096
blocker::Mekhi Becton,0.05732275032719463
blocker::Michael Deiter,-0.1312372919378742
blocker::Michael Dunn,-0.055202780915962806
blocker::Michael Jordan,-0.12801018230702044
blocker::Michael Schofield III,0.3660425495293827
blocker::Mike Mcglinchey,-0.12560896035869554
blocker::Mike Onwenu,-0.059231889140136794
blocker::Mike Remmers,0.12388819639695367
blocker::Mitch Morse,0.3475630084412734
blocker::Morgan Moses,-0.33494794579342885
blocker::Myron Cunningham,-0.08188363863050988
blocker::Nate Davis,0.03548460154974188
blocker::Nate Herbig,-0.02466250900297356
blocker::Nate Solder,-0.20002946384676373
blocker::Netane Muti,-0.10012419388839626
blocker::Nick Allegretti,-0.03478815725383944
blocker::Nick Gates,0.13151462518544355
blocker::Nick Harris,0.2967491174393771
blocker::Nick Leverett,-0.08504022173015008
blocker::Nick Martin,-0.14700957271167744
blocker::Oday Aboushi,0.1591022908162527
blocker::Olisaemeka Udoh,0.04241327892157151
blocker::Orlando Brown,-0.04901415087951783
blocker::Parker Ehinger,-0.1238980123992326
blocker::Pat Elflein,-0.029602023087221173
blocker::Patrick Mekari,0.1500106331594882
blocker::Penei Sewell,-0.222868492028684
blocker::Phil Haynes,-0.0854317418775761
blocker::Prince Tega Wanogho,-0.06972816227614159
blocker::Quenton Nelson,-0.03554450099764706
blocker::Quinn Bailey,0.0035451917562554476
blocker::Quinn Meinerz,-0.1092514965507965
blocker::Quinton Spain,0.10504403301242556
blocker::Rashaad Coward,0.03346299496033052
blocker::Rashawn Slater,-0.12162375377491821
blocker::Rashod Hill,-0.1703818348906163
blocker::Riley Reiff,-0.12185903592892723
blocker::Rob Havenstein,0.0584794524826752
blocker::Robert Hainsey,-0.1812394683542934
blocker::Robert Hunt,0.14306253955800793
blocker::Robert Jones,-0.27168711579151816
blocker::Rodger Saffold,-0.11792437466994249
blocker::Rodney Hudson,0.20869891147889466
blocker::Ronnie Stanley,-0.08393156424882464
blocker::Royce Newman,0.008462309960939824
blocker::Ryan Bates,0.013537946049231414
blocker::Ryan Jensen,-0.6306291999910486
blocker::Ryan Kelly,-0.03850809131909902
blocker::Ryan Mccollum,-0.15128497940580127
blocker::Ryan Ramczyk,0.24124573263951618
blocker::Saahdiq Charles,0.33992668191562403
blocker::Sam Cosmi,-0.18176569101789886
blocker::Sam Mustipher,0.18335002601096012
blocker::Sam Tecklenburg,0.17032872352068842
blocker::Scott Daly,0.025542422133581582
blocker::Scott Quessenberry,0.14208638375682206
blocker::Sean Harlow,0.02591333730946469
blocker::Senio Kelemete,0.004730539234583492
blocker::Shane Lemieux,-0.03179458234051368
blocker::Shaq Mason,0.08052254484139147
blocker::Solomon Kindley,-0.1576675285930755
blocker::Spencer Brown,-0.29848521805615585
blocker::Stone Forsythe,-0.07587531574489297
blocker::Storm Norton,-0.19621145421810304
blocker::Taylor Decker,-0.13064093548147176
blocker::Taylor Lewan,-0.41947584976342117
blocker::Taylor Moton,-0.10847491274571493
blocker::Ted Karras,0.022300709171655605
blocker::Terence Steele,-0.08223595456963843
blocker::Terron Armstead,-0.055887032906063325
blocker::Teven Jenkins,-0.10686828426866186
blocker::Tom Compton,-0.2534209345860086
blocker::Tommy Doyle,-0.3526347884924529
blocker::Tommy Kraemer,0.21510506381717917
blocker::Trai Turner,0.10174708595525413
blocker::Tre'Vour Wallace-Simms,0.07819028622531586
blocker::Trent Brown,-0.08494472672672013
blocker::Trent Scott,0.014358953539388068
blocker::Trent Williams,-0.15088779348193437
blocker::Trey Hill,0.03071614687779568
blocker::Trey Hopkins,0.578806555905907
blocker::Trey Pipkins III,-0.34924838166373834
blocker::Trey Smith,0.082414808688247
blocker::Tristan Wirfs,0.1905688623584884
blocker::Trystan Colon,-0.1230053452189025
blocker::Ty Nsekhe,0.06735231349326468
blocker::Ty Sambrailo,-0.19093373601577604
blocker::Tyler Biadasz,0.4026833818683064
blocker::Tyler Larsen,0.33153716374203757
blocker::Tyler Shatley,0.18015026734260117
blocker::Tyre Phillips,-0.14372051339544795
blocker::Tyron Smith,-0.16652668119649455
blocker::Tytus Howard,0.07609408608705745
blocker::Walker Little,-0.08126498441769624
blocker::Wes Martin,0.136499379832625
blocker::Wes Schweitzer,0.14213182503640365
blocker::Will Clapp,0.564350016221572
blocker::Will Fries,-0.046270132657927655
blocker::Will Hernandez,0.27923435659637563
blocker::Will Holden,-0.1984614027101717
blocker::Will Richardson Jr.,-0.016043533602593578
blocker::Wyatt Teller,0.1752342121069198
blocker::Xavier Su'A-Filo,0.23691974094877719
blocker::Yasir Durant,0.07547536177927815
blocker::Yodny Cajuste,-0.4401895934424814
blocker::Yosh Nijman,-0.00868376714512196
blocker::Zach Banner,-0.011113801885599111
blocker::Zack Martin,0.4288890564084618
double_team,0.04668394843068163
