player_name,role,bt_logit_score,coefficient_source
Jordan Mills,Blocker,0.8172258713024168,lambda.min
Erik McCoy,Blocker,0.6830906579105447,lambda.min
Jeremiah Owusu-Koramoah,Rusher,0.6403550645535263,lambda.min
Calvin Throckmorton,Blocker,0.6345868737258592,lambda.min
Trey Hopkins,Blocker,0.5979722860063454,lambda.min
Troy Reeder,Rusher,0.5852974048308763,lambda.min
Jermaine Carter Jr.,Rusher,0.5524418466717124,lambda.min
Will Clapp,Blocker,0.5446992989204116,lambda.min
Chase Roullier,Blocker,0.5270580381374349,lambda.min
Adam Gotsis,Rusher,0.509792355140149,lambda.min
Josh Allen,Rusher,0.5094025938034916,lambda.min
Patrick Queen,Rusher,0.4773101327645706,lambda.min
Taven Bryan,Rusher,0.47530040888608943,lambda.min
Tae Crowder,Rusher,0.47463760991051923,lambda.min
Aaron Donald,Rusher,0.46909983657754306,lambda.min
Ben Cleveland,Blocker,0.4395486867281549,lambda.min
Darius Philon,Rusher,0.43700819447950906,lambda.min
Kamu Grugier-Hill,Rusher,0.4358937305680595,lambda.min
Myles Garrett,Rusher,0.4288447258659992,lambda.min
Zack Martin,Blocker,0.4244605863768595,lambda.min
Jay Tufele,Rusher,0.4220427167753794,lambda.min
Davon Hamilton,Rusher,0.42015418138462157,lambda.min
Joe Thuney,Blocker,0.41406953045221806,lambda.min
B.J. Finney,Blocker,0.41154903978813584,lambda.min
Mason Cole,Blocker,0.4090805386127262,lambda.min
Vita Vea,Rusher,0.40376774042758423,lambda.min
Christian Kirksey,Rusher,0.3978735488226279,lambda.min
Folorunso Fatukasi,Rusher,0.3976394618610139,lambda.min
Roy Robertson-Harris,Rusher,0.39543067343120053,lambda.min
Kevin Zeitler,Blocker,0.3941141647292595,lambda.min
Ben Powers,Blocker,0.38968744625434226,lambda.min
Quinnen Williams,Rusher,0.37875028943658773,lambda.min
Maurice Hurst,Rusher,0.37755615838146506,lambda.min
Daquan Jones,Rusher,0.3718201340736445,lambda.min
Tyler Biadasz,Blocker,0.3714366107512872,lambda.min
Derick Roberson,Rusher,0.37121996216046693,lambda.min
Robert Quinn,Rusher,0.37007554134613857,lambda.min
D.J. Jones,Rusher,0.3669103166666892,lambda.min
Michael Schofield III,Blocker,0.36341489693963086,lambda.min
Brandon Linder,Blocker,0.36259640560176526,lambda.min
Matt Milano,Rusher,0.35740586469971486,lambda.min
Cole Toner,Blocker,0.35541350132736105,lambda.min
Mitch Morse,Blocker,0.3526296104435969,lambda.min
Gabe Jackson,Blocker,0.35228346395074,lambda.min
Michael Dwumfour,Rusher,0.343967966018095,lambda.min
Nathan Shepherd,Rusher,0.3377286774856888,lambda.min
Malcom Brown,Rusher,0.334993100753039,lambda.min
Tim Settle,Rusher,0.33464203685891314,lambda.min
Ali Marpet,Blocker,0.33386206146970177,lambda.min
Alex Singleton,Rusher,0.33109115748514795,lambda.min
Cody Barton,Rusher,0.3298362139551708,lambda.min
Saahdiq Charles,Blocker,0.3276900813652108,lambda.min
J.C. Tretter,Blocker,0.32078969336950314,lambda.min
Zach Kerr,Rusher,0.32074964737787304,lambda.min
"David Long, Jr.",Rusher,0.32053957254317694,lambda.min
Joel Bitonio,Blocker,0.31841024324266576,lambda.min
T.J. Watt,Rusher,0.3101627301726755,lambda.min
Ereck Flowers Sr.,Blocker,0.304419298844103,lambda.min
Tyler Larsen,Blocker,0.3036506307306273,lambda.min
Jonathan Marshall,Rusher,0.3024824406078191,lambda.min
Jadeveon Clowney,Rusher,0.3012267628670964,lambda.min
J.J. Watt,Rusher,0.29618397270351676,lambda.min
Jacob Martin,Rusher,0.29618245344670324,lambda.min
Milton Williams,Rusher,0.2950369122312691,lambda.min
Dalton Risner,Blocker,0.2935586921320841,lambda.min
Andrew Norwell,Blocker,0.28794345250611003,lambda.min
Bryan Mone,Rusher,0.286148452567931,lambda.min
Grady Jarrett,Rusher,0.28117741577110894,lambda.min
Nick Harris,Blocker,0.27787108226420754,lambda.min
Kevin Dotson,Blocker,0.27676867361485413,lambda.min
Josh Bynes,Rusher,0.2746501487851237,lambda.min
Tremaine Edmunds,Rusher,0.27438830758519367,lambda.min
Garret Wallow,Rusher,0.2728962136572445,lambda.min
Micah Parsons,Rusher,0.27223891063341477,lambda.min
Cesar Ruiz,Blocker,0.2718056581870408,lambda.min
Jonathan Bostic,Rusher,0.27121408017614757,lambda.min
Matt Hennessy,Blocker,0.2709668175539915,lambda.min
Will Hernandez,Blocker,0.2702592323646635,lambda.min
Frank Ragnow,Blocker,0.2699654164100717,lambda.min
Donovan Smith,Blocker,0.2695515681063839,lambda.min
Corey Linsley,Blocker,0.26927347744920527,lambda.min
Maliek Collins,Rusher,0.2668522183376993,lambda.min
David Moa,Rusher,0.266746417676708,lambda.min
Jerry Hughes,Rusher,0.26387478637253947,lambda.min
Eli Ankou,Rusher,0.26386315951036204,lambda.min
Khalil Mack,Rusher,0.26297375093420716,lambda.min
Dre'Mont Jones,Rusher,0.259766023380383,lambda.min
Breiden Fehoko,Rusher,0.25777987870332125,lambda.min
Keith Ismael,Blocker,0.2566869744396476,lambda.min
Jabari Zuniga,Rusher,0.2537819893967828,lambda.min
Mike Purcell,Rusher,0.2509956414250298,lambda.min
Aaron James Klein,Rusher,0.2503459144436846,lambda.min
Tyrel Dodson,Rusher,0.24930288555262664,lambda.min
James Carpenter,Blocker,0.24820485563983463,lambda.min
Zach Cunningham,Rusher,0.2425297249450736,lambda.min
Jonathan Allen,Rusher,0.2422961988353011,lambda.min
Rodney Hudson,Blocker,0.24166253831426046,lambda.min
Elijah Wilkinson,Blocker,0.24081254840621474,lambda.min
Ryan Ramczyk,Blocker,0.23978119821613758,lambda.min
Alejandro Villanueva,Blocker,0.23515374783928727,lambda.min
Matt Paradis,Blocker,0.23449542577257265,lambda.min
Josh Sweat,Rusher,0.23401814344650645,lambda.min
Lloyd Cushenberry III,Blocker,0.2339129943042856,lambda.min
Jordyn Brooks,Rusher,0.23370175105503824,lambda.min
Xavier Su'A-Filo,Blocker,0.23232900715676216,lambda.min
Joshua Kaindoh,Rusher,0.2319792459005025,lambda.min
Genard Avery,Rusher,0.23086633731534853,lambda.min
Ndamukong Suh,Rusher,0.23052124179922134,lambda.min
Sheldon Rankins,Rusher,0.23010411745343626,lambda.min
Roquan Smith,Rusher,0.22974122455728108,lambda.min
Derrick Brown,Rusher,0.2226680612431902,lambda.min
Larrell Murchison,Rusher,0.22100884132752543,lambda.min
Mario Addison,Rusher,0.22097463271396786,lambda.min
Tershawn Wharton,Rusher,0.2205124620027985,lambda.min
Josh Woods,Rusher,0.21823788308530415,lambda.min
Micah Kiser,Rusher,0.21696199801073723,lambda.min
Larry Borom,Blocker,0.2107255817423037,lambda.min
Malik Mcdowell,Rusher,0.21031067863045744,lambda.min
Evan Brown,Blocker,0.2093717639521085,lambda.min
Kyle Peko,Rusher,0.20647913512896107,lambda.min
Malcolm Roach,Rusher,0.2056950889361307,lambda.min
Chris Jones,Rusher,0.20538988859171092,lambda.min
Justin Pugh,Blocker,0.20488899301803287,lambda.min
Tommy Kraemer,Blocker,0.20382547185397018,lambda.min
Javon Hargrave,Rusher,0.20234814040099197,lambda.min
Bobby Wagner,Rusher,0.20231842952412796,lambda.min
Poona Ford,Rusher,0.2020831368063004,lambda.min
Darrell Taylor,Rusher,0.20198840636245377,lambda.min
L.J. Collier,Rusher,0.20063478390170048,lambda.min
Rakeem Nunez-Roches,Rusher,0.1995553149860544,lambda.min
Azeez Al-Shaair,Rusher,0.19653444055892028,lambda.min
Lucas Patrick,Blocker,0.19480457635876644,lambda.min
Bryce Huff,Rusher,0.1947336874044121,lambda.min
Lawrence Guy,Rusher,0.19422158626403918,lambda.min
Jordan Hicks,Rusher,0.19411438039236692,lambda.min
Kevin Givens,Rusher,0.19391999802976195,lambda.min
Jalen Reeves-Maybin,Rusher,0.19390159413993016,lambda.min
Duke Riley,Rusher,0.1937780396230464,lambda.min
Zack Baun,Rusher,0.19124942601579895,lambda.min
Greg Van Roten,Blocker,0.1902604426003647,lambda.min
Cole Holcomb,Rusher,0.18952689766905792,lambda.min
Al Woods,Rusher,0.1879235519773114,lambda.min
Alex Highsmith,Rusher,0.18706739034572292,lambda.min
James Daniels,Blocker,0.186325820644105,lambda.min
Pete Werner,Rusher,0.18565969653767414,lambda.min
Elandon Roberts,Rusher,0.18464221489223032,lambda.min
Andre Dillard,Blocker,0.183172375026565,lambda.min
Eddie Goldman,Rusher,0.18035020142809655,lambda.min
Tristan Wirfs,Blocker,0.17934915572065505,lambda.min
Sam Mustipher,Blocker,0.17933688036772993,lambda.min
Jordan Jenkins,Rusher,0.17544343890933384,lambda.min
Tyler Shatley,Blocker,0.17477888756500276,lambda.min
Davon Godchaux,Rusher,0.17473799551444946,lambda.min
Dawuane Smoot,Rusher,0.17451899666357337,lambda.min
Wyatt Teller,Blocker,0.1742952163017204,lambda.min
Danielle Hunter,Rusher,0.17406050369848697,lambda.min
David Edwards,Blocker,0.17317873593076333,lambda.min
Star Lotulelei,Rusher,0.17260766748955433,lambda.min
Kenneth Murray Jr.,Rusher,0.1725630625347604,lambda.min
Maxx Crosby,Rusher,0.17235735782886563,lambda.min
Brandon Brooks,Blocker,0.17174733137142306,lambda.min
Mike Daniels,Rusher,0.1666749746090802,lambda.min
Andrew Whitworth,Blocker,0.16648134111255433,lambda.min
Andre James,Blocker,0.16394353215509952,lambda.min
Brian Allen,Blocker,0.16186950632151414,lambda.min
David Sharpe,Blocker,0.161002855067563,lambda.min
Khyiris Tonga,Rusher,0.15845791704503712,lambda.min
Dre Greenlaw,Rusher,0.1579940546600421,lambda.min
Sam Tecklenburg,Blocker,0.15725883957564937,lambda.min
Reggie Ragland,Rusher,0.15699986265614882,lambda.min
Drue Tranquill,Rusher,0.1565922331105423,lambda.min
John Cominsky,Rusher,0.15657613279935867,lambda.min
Christian Wilkins,Rusher,0.15632824969454714,lambda.min
Landon Dickerson,Blocker,0.154079369369357,lambda.min
Montravius Adams,Rusher,0.15276409164345703,lambda.min
Patrick Mekari,Blocker,0.15015279764044034,lambda.min
Deion Jones,Rusher,0.1497491517468354,lambda.min
Alim Mcneill,Rusher,0.14734394968866046,lambda.min
Oday Aboushi,Blocker,0.14724573965719612,lambda.min
Ed Oliver,Rusher,0.14717783587719746,lambda.min
Joey Bosa,Rusher,0.1457574738907597,lambda.min
Darius Leonard,Rusher,0.14572981969926552,lambda.min
J.C. Hassenauer,Blocker,0.14418090310032183,lambda.min
Sharif Finch,Rusher,0.1437417287945289,lambda.min
Mike Pennel,Rusher,0.14359858114906277,lambda.min
Alex Cappa,Blocker,0.14345861192331874,lambda.min
Fletcher Cox,Rusher,0.14242177012236884,lambda.min
Brennan Scarlett,Rusher,0.14177338691996533,lambda.min
Robert Hunt,Blocker,0.14053298622201016,lambda.min
Tarron Jackson,Rusher,0.1403039817280339,lambda.min
Anthony Walker Jr.,Rusher,0.13990825417829983,lambda.min
Brent Urban,Rusher,0.1398140308447094,lambda.min
Trey Smith,Blocker,0.13922514112737688,lambda.min
Scott Quessenberry,Blocker,0.13645068010908284,lambda.min
Johnathan Hankins,Rusher,0.13595656553319518,lambda.min
Greg Mancz,Blocker,0.13592012589218624,lambda.min
Kendrick Green,Blocker,0.1357078903982376,lambda.min
Hassan Ridgeway,Rusher,0.13566073784750216,lambda.min
Jon Feliciano,Blocker,0.13536303987600085,lambda.min
Wes Schweitzer,Blocker,0.13493260881083313,lambda.min
Nick Bolton,Rusher,0.13331882554297983,lambda.min
Greg Rousseau,Rusher,0.13213223993951503,lambda.min
Trai Turner,Blocker,0.1302268547338149,lambda.min
Lane Taylor,Blocker,0.12942505071488106,lambda.min
Clelin Ferrell,Rusher,0.12905125374655743,lambda.min
Monty Rice,Rusher,0.12813350460147205,lambda.min
Wes Martin,Blocker,0.12787667742189335,lambda.min
Vernon Butler,Rusher,0.12683112390653517,lambda.min
Haason Reddick,Rusher,0.1267561306821792,lambda.min
Damion Square,Rusher,0.1257831581804216,lambda.min
Angelo Blackson,Rusher,0.12561866669314187,lambda.min
Jack Driscoll,Blocker,0.1252839468624233,lambda.min
Reginald Mckenzie,Rusher,0.12485913754217927,lambda.min
Nick Gates,Blocker,0.12476014699205928,lambda.min
Daviyon Nixon,Rusher,0.12439079555788704,lambda.min
Shaq Thompson,Rusher,0.12435278581215505,lambda.min
Justin Madubuike,Rusher,0.12391739411745607,lambda.min
Damien Wilson,Rusher,0.12332506977324487,lambda.min
Derrick Barnes,Rusher,0.12284441603984624,lambda.min
Mike Remmers,Blocker,0.12238009596017402,lambda.min
Denzel Perryman,Rusher,0.12228754783859297,lambda.min
Odafe Oweh,Rusher,0.1221331496234417,lambda.min
Kenny Clark,Rusher,0.12162136363152838,lambda.min
Rashaan Evans,Rusher,0.11953430687697575,lambda.min
T.J. Slaton,Rusher,0.11907627388102365,lambda.min
Chapelle Russell,Rusher,0.11894440424088086,lambda.min
Zaven Collins,Rusher,0.11864308182232133,lambda.min
Isaiah Simmons,Rusher,0.11812889370584335,lambda.min
Marcus Davenport,Rusher,0.1181185519029701,lambda.min
Creed Humphrey,Blocker,0.11773919532920728,lambda.min
David Andrews,Blocker,0.11711195457837553,lambda.min
Noah Spence,Rusher,0.11690685280182361,lambda.min
Calais Campbell,Rusher,0.11679443974596221,lambda.min
Alijah Vera-Tucker,Blocker,0.11635549391363963,lambda.min
Kc Mcdermott,Blocker,0.11608849142226105,lambda.min
Efe Obada,Rusher,0.11346555800732695,lambda.min
Isaac Seumalo,Blocker,0.11298758561287738,lambda.min
Carl Davis Jr.,Rusher,0.11193362089420818,lambda.min
Quinton Spain,Blocker,0.11109185294237447,lambda.min
Damien Lewis,Blocker,0.10819054296370822,lambda.min
Jonathan Greenard,Rusher,0.10815993461611295,lambda.min
Kentavius Street,Rusher,0.10714324651149902,lambda.min
Halapoulivaati Vaitai,Blocker,0.10689775605841038,lambda.min
Trey Hendrickson,Rusher,0.10684150341615174,lambda.min
Andrus Peat,Blocker,0.10593281729100427,lambda.min
Bobby Evans,Blocker,0.10561035497055656,lambda.min
Sione Takitaki,Rusher,0.10550919037915828,lambda.min
Malik Harrison,Rusher,0.10529817643220024,lambda.min
Javon Kinlaw,Rusher,0.10411897436584973,lambda.min
Alton Robinson,Rusher,0.10400334689950178,lambda.min
Charles Omenihu,Rusher,0.10359603524268839,lambda.min
Linval Joseph,Rusher,0.10147362720121127,lambda.min
Garrett Bradbury,Blocker,0.10044167082155629,lambda.min
Demarcus Walker,Rusher,0.0992420993894868,lambda.min
Ernest Jones,Rusher,0.09885361245287845,lambda.min
Anthony Barr,Rusher,0.09817815676326395,lambda.min
Fred Warner,Rusher,0.0978401947654134,lambda.min
Frankie Luvu,Rusher,0.09781624420016068,lambda.min
Bradley Bozeman,Blocker,0.09707389214057659,lambda.min
Myles Adams,Rusher,0.09680640602474858,lambda.min
D.J. Reader,Rusher,0.09425835834261345,lambda.min
Austin Johnson,Rusher,0.09310001800762426,lambda.min
Justin Hamilton,Rusher,0.09295728555090514,lambda.min
Phil Hoskins,Rusher,0.09275686773890876,lambda.min
James Lynch,Rusher,0.09273007831906949,lambda.min
Kwon Alexander,Rusher,0.09235899443376594,lambda.min
Patrick O'Connor,Rusher,0.0921732534522267,lambda.min
Vincent Taylor,Rusher,0.09125102244688126,lambda.min
T.J. Edwards,Rusher,0.08869399031690654,lambda.min
Amen Ogbongbemiga,Rusher,0.0886748147897293,lambda.min
Mario Edwards Jr.,Rusher,0.0883709555261339,lambda.min
Graham Glasgow,Blocker,0.08794628591396203,lambda.min
Danny Isidora,Blocker,0.08743643225217776,lambda.min
Andrew Dowell,Rusher,0.08743244341272496,lambda.min
Dylan Cole,Rusher,0.08724072282852777,lambda.min
Deforest Buckner,Rusher,0.0867942887521877,lambda.min
Alec Ogletree,Rusher,0.08666322426573374,lambda.min
Jonah Jackson,Blocker,0.08644735083964768,lambda.min
Julian Stanford,Rusher,0.08629898276400468,lambda.min
Brandon Scherff,Blocker,0.08612971265574068,lambda.min
Chris Williams,Rusher,0.08503802289155078,lambda.min
Justin Hollins,Rusher,0.0847071702085934,lambda.min
Amani Bledsoe,Rusher,0.08144200637661397,lambda.min
Jihad Ward,Rusher,0.08104261286717136,lambda.min
Joe Thomas,Rusher,0.08079335048680145,lambda.min
Brandon Graham,Rusher,0.07870267645380377,lambda.min
E.J. Speed,Rusher,0.07845098209441848,lambda.min
Ben Jones,Blocker,0.07844106770202744,lambda.min
Michael Pierce,Rusher,0.07805667069883346,lambda.min
Gerald McCoy,Rusher,0.07761482087289659,lambda.min
Za'Darius Smith,Rusher,0.07642864947124081,lambda.min
Joe Bachie,Rusher,0.07606692361290553,lambda.min
Tytus Howard,Blocker,0.074526481395209,lambda.min
Sam Eguavoen,Rusher,0.07423326307479296,lambda.min
Yasir Durant,Blocker,0.07402613846473592,lambda.min
Daniel Archibong,Rusher,0.07354709268400544,lambda.min
Caleb Benenoch,Blocker,0.07350716399211402,lambda.min
Tyeler Davison,Rusher,0.07329066685719175,lambda.min
Morgan Fox,Rusher,0.07323872454539868,lambda.min
Benning Potoa'E,Rusher,0.07243115865639266,lambda.min
Wyatt Ray,Rusher,0.07189815510061943,lambda.min
Kayode Awosika,Blocker,0.07171179471408878,lambda.min
Malcolm Smith,Rusher,0.07133466199805982,lambda.min
Tre'Vour Wallace-Simms,Blocker,0.0705161494118679,lambda.min
Cody Ford,Blocker,0.07038980446623805,lambda.min
Anthony Hitchens,Rusher,0.06867135261129148,lambda.min
Chuma Edoga,Blocker,0.06736832950978616,lambda.min
Drew Dalman,Blocker,0.06619651591929215,lambda.min
Isaiah Buggs,Rusher,0.06609593282465923,lambda.min
Rob Havenstein,Blocker,0.06593669147546485,lambda.min
Tyler Lancaster,Rusher,0.06591880558313751,lambda.min
Demario Davis,Rusher,0.06514154803518839,lambda.min
Ty Nsekhe,Blocker,0.06495269984515951,lambda.min
Zach Sieler,Rusher,0.06489035966163574,lambda.min
Larry Ogunjobi,Rusher,0.06418412152606123,lambda.min
Matt Ioannidis,Rusher,0.06395662599372277,lambda.min
Shaq Mason,Blocker,0.06346668513074265,lambda.min
Khaleke Hudson,Rusher,0.06289215631192371,lambda.min
Robert Nkemdiche,Rusher,0.06109491344166711,lambda.min
Ezra Cleveland,Blocker,0.06087368318169826,lambda.min
William Gholston,Rusher,0.06013357921480042,lambda.min
Aaron Stinnie,Blocker,0.05963376067410163,lambda.min
Roy Lopez,Rusher,0.059571520442350284,lambda.min
Willie Gay,Rusher,0.05909765791234765,lambda.min
Jamir Jones,Rusher,0.058921632476146915,lambda.min
Bruce Hector,Rusher,0.058785589313695895,lambda.min
Ethan Pocic,Blocker,0.058779342748209715,lambda.min
Matt Feiler,Blocker,0.0580539963765603,lambda.min
Cody Whitehair,Blocker,0.05606792335068536,lambda.min
Ryan Kerrigan,Rusher,0.055693721349366156,lambda.min
Solomon Thomas,Rusher,0.05517169505955091,lambda.min
Billy Turner,Blocker,0.05511048950211105,lambda.min
John Simpson,Blocker,0.055008247535773644,lambda.min
Mekhi Becton,Blocker,0.05408740219563849,lambda.min
Quinton Jefferson,Rusher,0.05276720204722695,lambda.min
Sheldon Day,Rusher,0.0483267463362635,lambda.min
Jake Hanson,Blocker,0.047736677091927894,lambda.min
Jacoby Stevens,Rusher,0.04742568887228691,lambda.min
Jason Kelce,Blocker,0.04728719830566842,lambda.min
Xavier Williams,Rusher,0.046885903478584616,lambda.min
Jackson Carman,Blocker,0.046827398099869806,lambda.min
Nate Davis,Blocker,0.04664270434407231,lambda.min
Yetur Gross-Matos,Rusher,0.04641944440341387,lambda.min
Kyle Murphy,Blocker,0.04635427764824018,lambda.min
Laurent Duvernay-Tardif,Blocker,0.044941397131798635,lambda.min
Darryl Johnson,Rusher,0.04490876735219628,lambda.min
Quinton Bohanna,Rusher,0.04428867595108883,lambda.min
Benardrick Mckinney,Rusher,0.04425193864589602,lambda.min
Carlos Basham Jr.,Rusher,0.04407059230139576,lambda.min
Carter Coughlin,Rusher,0.043574722602678875,lambda.min
Noah Dawkins,Rusher,0.043494646774336045,lambda.min
Derrick Kelly,Blocker,0.0430594899612287,lambda.min
Hardy Nickerson,Rusher,0.042820406480902705,lambda.min
Jermaine Johnson II,Rusher,0.0427541122952501,lambda.min
Raequan Williams,Rusher,0.042602306926986896,lambda.min
Aaron Banks,Blocker,0.042418418680548374,lambda.min
Logan Wilson,Rusher,0.04147486164479987,lambda.min
Calvin Munson,Rusher,0.04102732567676847,lambda.min
Jamil Douglas,Blocker,0.0405769632241019,lambda.min
Woodrow Hamilton,Rusher,0.040378965023240454,lambda.min
Charles Leno Jr.,Blocker,0.040374508203315604,lambda.min
Olisaemeka Udoh,Blocker,0.03978907143554625,lambda.min
Austin Schlottmann,Blocker,0.03969925868532663,lambda.min
Dorian O'Daniel,Rusher,0.03887886096099803,lambda.min
Del'Shawn Phillips,Rusher,0.0387199533927475,lambda.min
Tyler Shelvin,Rusher,0.03777329202479471,lambda.min
Daniel Ekuale,Rusher,0.03761181317817928,lambda.min
Albert Huggins,Rusher,0.03688370552551067,lambda.min
Curtis Robinson,Rusher,0.03671433233633419,lambda.min
Austin Calitro,Rusher,0.03614631805142111,lambda.min
Azur Kamara,Rusher,0.03558267872061646,lambda.min
Jamin Davis,Rusher,0.03531028765153587,lambda.min
Braxton Hoyett,Rusher,0.03515702333586471,lambda.min
Austin Corbett,Blocker,0.03471215966644379,lambda.min
Myles Jack,Rusher,0.03416518952257253,lambda.min
Jimmy Morrissey,Blocker,0.03407051211281532,lambda.min
Ike Boettger,Blocker,0.033954445658174674,lambda.min
Henry Anderson,Rusher,0.03324226925042088,lambda.min
Eric Banks,Rusher,0.032783111841034725,lambda.min
T.Y. Mcgill,Rusher,0.031850936742753085,lambda.min
Josh Wells,Blocker,0.03183354494456801,lambda.min
Nick Bosa,Rusher,0.031428089135177945,lambda.min
Derek Barnett,Rusher,0.03133965453858539,lambda.min
Rashaad Coward,Blocker,0.03131837276703223,lambda.min
John Franklin-Myers,Rusher,0.031101395846889576,lambda.min
Vince Biegel,Rusher,0.030870963573112233,lambda.min
Teair Tart,Rusher,0.03083499804827631,lambda.min
Kevin Minter,Rusher,0.030357356583974884,lambda.min
Freedom Akinmoladun,Rusher,0.029962357194994904,lambda.min
Brett Toth,Blocker,0.02985389587096415,lambda.min
Sean Harlow,Blocker,0.029820509467292495,lambda.min
Danny Shelton,Rusher,0.02858693513027425,lambda.min
Trey Hill,Blocker,0.028089431059307914,lambda.min
Daron Payne,Rusher,0.027038392927100162,lambda.min
Jaryd Jones-Smith,Blocker,0.026470398059033593,lambda.min
Dennis Kelly,Blocker,0.026285755875716584,lambda.min
Ben Bredeson,Blocker,0.025532837357898755,lambda.min
La'Darius Hamilton,Rusher,0.02550508089518342,lambda.min
Ben Niemann,Rusher,0.024448341087813297,lambda.min
Deonte Brown,Blocker,0.02398931989825818,lambda.min
Josey Jewell,Rusher,0.023897243796498213,lambda.min
Max Scharping,Blocker,0.023470341806082373,lambda.min
Scott Daly,Blocker,0.02346046943024592,lambda.min
Jason Spriggs,Blocker,0.02345718773573146,lambda.min
Austin Jackson,Blocker,0.02317856238023263,lambda.min
Lester Cotton Sr.,Blocker,0.02294464098228085,lambda.min
Bobby Brown III,Rusher,0.02289604994412379,lambda.min
Ty Summers,Rusher,0.02255121873327016,lambda.min
P.J. Williams,Rusher,0.021937734513764108,lambda.min
Chris Rumph II,Rusher,0.021337209976496706,lambda.min
Christian Elliss,Rusher,0.021324150131703735,lambda.min
Brian Burns,Rusher,0.02104790056749277,lambda.min
John Jenkins,Rusher,0.021007109735315273,lambda.min
Bradlee Anae,Rusher,0.02010450542624329,lambda.min
Shaka Toney,Rusher,0.019717599598207805,lambda.min
David Steinmetz,Blocker,0.0194259653399505,lambda.min
Carlos Dunlap,Rusher,0.019314877250020027,lambda.min
Jack Conklin,Blocker,0.019283399367243378,lambda.min
Cameron Tom,Blocker,0.019023545740911273,lambda.min
Josh Myers,Blocker,0.01898911812385221,lambda.min
Daniel Brunskill,Blocker,0.018724341811293708,lambda.min
Justin Houston,Rusher,0.018723652330271807,lambda.min
Akeem Davis-Gaither,Rusher,0.018293385236248728,lambda.min
Will Bradley-King,Rusher,0.018082972345209978,lambda.min
Zaire Franklin,Rusher,0.01802017285515258,lambda.min
Brian O'Neill,Blocker,0.0178016327377454,lambda.min
Nick Kwiatkoski,Rusher,0.016924645872081413,lambda.min
Jake Brendel,Blocker,0.016710969715148162,lambda.min
Jordan Evans,Rusher,0.015568091863262395,lambda.min
Andrew Billings,Rusher,0.015283408270413685,lambda.min
Jarran Reed,Rusher,0.014703437821604628,lambda.min
Kendall Lamm,Blocker,0.014603595382624443,lambda.min
Harvey Langi,Rusher,0.014132946828764988,lambda.min
Charles Harris,Rusher,0.013793646050636248,lambda.min
Jacob Phillips,Rusher,0.012844081525945709,lambda.min
Jc Tretter,Blocker,0.01251572644751401,lambda.min
Tanner Vallejo,Rusher,0.012504119062896099,lambda.min
Justin Lawler,Rusher,0.011743777692465335,lambda.min
Ben Bartch,Blocker,0.01101011440013749,lambda.min
Patrick Johnson,Rusher,0.010933770322610429,lambda.min
A.J. Epenesa,Rusher,0.010739426551687054,lambda.min
De'Vondre Campbell,Rusher,0.009063575397046351,lambda.min
Ted Karras,Blocker,0.00891477041261577,lambda.min
Travin Howard,Rusher,0.008461548139711294,lambda.min
Royce Newman,Blocker,0.00743552509303818,lambda.min
Trent Scott,Blocker,0.006752982317653931,lambda.min
Nick Vigil,Rusher,0.006364953854106888,lambda.min
Germaine Pratt,Rusher,0.006048342738167146,lambda.min
Neville Hewitt,Rusher,0.005171565077438149,lambda.min
Rashad Weaver,Rusher,0.0049143164346091405,lambda.min
Osa Odighizuwa,Rusher,0.0047106257652631475,lambda.min
Sam Kamara,Rusher,0.004076396021393961,lambda.min
Kristian Welch,Rusher,0.0038944939234019597,lambda.min
Senio Kelemete,Blocker,0.003686889523492829,lambda.min
Ross Blacklock,Rusher,0.0036305789160086784,lambda.min
Chris Lindstrom,Blocker,0.0034507884543077145,lambda.min
Quinn Bailey,Blocker,0.0020928671963322053,lambda.min
Brady Christensen,Blocker,0.0020149083912106426,lambda.min
Jason Peters,Blocker,0.0017884068781885611,lambda.min
Forrest Merrill,Rusher,0.0015495387761478715,lambda.min
Andrew Thomas,Blocker,1.7470858701124222e-4,lambda.min
Justin Murray,Blocker,-0.0015811210885198859,lambda.min
Coleman Shelton,Blocker,-0.0025609986222762406,lambda.min
Eric Wilson,Rusher,-0.0026876579374518514,lambda.min
Keaton Sutherland,Blocker,-0.0030757484697673887,lambda.min
Greg Gaines,Rusher,-0.0034315575582123245,lambda.min
Anthony Levine Sr.,Rusher,-0.003948867038275082,lambda.min
Kenny Young,Rusher,-0.003990078353115824,lambda.min
Blake Martinez,Rusher,-0.004881209226008334,lambda.min
Jermaine Eluemunor,Blocker,-0.005396463211583748,lambda.min
Andrew Brown,Rusher,-0.0058760604156443816,lambda.min
Clay Johnston,Rusher,-0.007387402608319221,lambda.min
Germain Ifedi,Blocker,-0.0076587064920634156,lambda.min
Marvin Wilson,Rusher,-0.007781188258381176,lambda.min
Curtis Weaver,Rusher,-0.007794057760028163,lambda.min
Yosh Nijman,Blocker,-0.008010930382929453,lambda.min
Justin Mccray,Blocker,-0.008280212081948596,lambda.min
Daelin Hayes,Rusher,-0.008298040035532833,lambda.min
Ogbonnia Okoronkwo,Rusher,-0.008346259697040777,lambda.min
Leki Fotu,Rusher,-0.008373947944882438,lambda.min
Jordan Elliott,Rusher,-0.008434284311995806,lambda.min
Jerry Tillery,Rusher,-0.009430823355389351,lambda.min
Zach Banner,Blocker,-0.010109631217597493,lambda.min
Danny Pinter,Blocker,-0.010342609516290987,lambda.min
Ulysees Gilbert III,Rusher,-0.01128188376508988,lambda.min
Akiem Hicks,Rusher,-0.011560148191079223,lambda.min
Steve Mclendon,Rusher,-0.011571940827716436,lambda.min
Trevis Gipson,Rusher,-0.011951610558476213,lambda.min
Michael Dogbe,Rusher,-0.012123317040869965,lambda.min
Justin Zimmer,Rusher,-0.012141252392889037,lambda.min
Armon Watts,Rusher,-0.012930525821669321,lambda.min
Denico Autry,Rusher,-0.013612222436452753,lambda.min
DeAngelo Malone,Rusher,-0.013750048831583588,lambda.min
Denzelle Good,Blocker,-0.014149816118040963,lambda.min
Jabril Cox,Rusher,-0.01430399234413166,lambda.min
Billy Price,Blocker,-0.014305017548782925,lambda.min
Samuel Eguavoen,Rusher,-0.014905264731483374,lambda.min
Grant Stuard,Rusher,-0.015725314705611056,lambda.min
Bravvion Roy,Rusher,-0.01581079603055284,lambda.min
Antwaun Woods,Rusher,-0.015930483464182497,lambda.min
Nate Orchard,Rusher,-0.01717364883230757,lambda.min
Logan Stenberg,Blocker,-0.01724756597468546,lambda.min
Josh Jones,Blocker,-0.017292198411516163,lambda.min
Devon Kennard,Rusher,-0.017820829370224285,lambda.min
Will Richardson Jr.,Blocker,-0.018120784276870718,lambda.min
Tyrell Adams,Rusher,-0.018175840450912827,lambda.min
Patrick Jones II,Rusher,-0.018462231422519303,lambda.min
Kevin Pierre-Louis,Rusher,-0.018953126517331324,lambda.min
Cassius Marsh Sr.,Rusher,-0.019038343697938647,lambda.min
Pita Taumoepenu,Rusher,-0.01939214726709486,lambda.min
Ryan Bates,Blocker,-0.019938374341765264,lambda.min
Tim Ward,Rusher,-0.019989600916077942,lambda.min
Justin Strnad,Rusher,-0.020579327132170203,lambda.min
Isaiah Mack,Rusher,-0.021066041003750174,lambda.min
Garett Bolles,Blocker,-0.02115168511806124,lambda.min
Khalil Davis,Rusher,-0.021760418249040268,lambda.min
Nick Thurman,Rusher,-0.022944647138753483,lambda.min
Jashon Cornell,Rusher,-0.023178767482277093,lambda.min
Trysten Hill,Rusher,-0.023453886981866335,lambda.min
Elerson Smith,Rusher,-0.023647736210345913,lambda.min
Nick Allegretti,Blocker,-0.024458361588762783,lambda.min
Christian Barmore,Rusher,-0.0244799063524059,lambda.min
Delontae Scott,Rusher,-0.02448149246118742,lambda.min
Mike Onwenu,Blocker,-0.024641003576727095,lambda.min
Foyesade Oluokun,Rusher,-0.02508392793520036,lambda.min
Jonathan Bullard,Rusher,-0.025615437777015075,lambda.min
Joseph Noteboom,Blocker,-0.02567027058217446,lambda.min
Andre Smith,Blocker,-0.026465165040769352,lambda.min
Nate Herbig,Blocker,-0.027105567453500522,lambda.min
Ben Braden,Blocker,-0.027113644158384194,lambda.min
Jonathan Ledbetter,Rusher,-0.027331921481325776,lambda.min
Eric Kendricks,Rusher,-0.027710718034501626,lambda.min
Levi Onwuzurike,Rusher,-0.028210254221694923,lambda.min
A.J. Johnson,Rusher,-0.02836437483401969,lambda.min
Keandre Jones,Rusher,-0.029131519366168507,lambda.min
Frank Herron,Rusher,-0.029191239224907024,lambda.min
Emmanuel Ellerbee,Rusher,-0.02952002866383876,lambda.min
Dennis Gardeck,Rusher,-0.02982397358721918,lambda.min
Austin Faoliu,Rusher,-0.030101087155474413,lambda.min
Shane Lemieux,Blocker,-0.030474534792134925,lambda.min
Darius Hodges,Rusher,-0.03261155680931703,lambda.min
Caleb Johnson,Rusher,-0.03284537943434661,lambda.min
Danny Trevathan,Rusher,-0.03310229358372594,lambda.min
Alexander Johnson,Rusher,-0.033127797557082644,lambda.min
Jalen Mayfield,Blocker,-0.03318807171644837,lambda.min
K.J. Wright,Rusher,-0.033198292894370623,lambda.min
Tyquan Lewis,Rusher,-0.034383467246484646,lambda.min
Kamal Martin,Rusher,-0.034479578936086906,lambda.min
Devin White,Rusher,-0.03475540912803727,lambda.min
Quenton Nelson,Blocker,-0.035025123563021246,lambda.min
Ledarius Mack,Rusher,-0.035056968739471055,lambda.min
Kyle Fuller,Blocker,-0.03509696070987007,lambda.min
Brandon Parker,Blocker,-0.035253075344247126,lambda.min
Dexter Lawrence,Rusher,-0.035709941149780114,lambda.min
Kyle Long,Blocker,-0.035988744318597214,lambda.min
Mack Wilson Sr.,Rusher,-0.03617056267762313,lambda.min
Broderick Washington,Rusher,-0.036531854213582585,lambda.min
Yannick Ngakoue,Rusher,-0.03658779603501065,lambda.min
Chukwuma Okorafor,Blocker,-0.03668594138085792,lambda.min
Luke Gifford,Rusher,-0.03759998602536223,lambda.min
Joshua Miles,Blocker,-0.03832624377941038,lambda.min
John Miller,Blocker,-0.03853618673426349,lambda.min
Grover Stewart,Rusher,-0.038849774133029105,lambda.min
Cory Littleton,Rusher,-0.03947117950648278,lambda.min
Matt Farniok,Blocker,-0.0394910422063051,lambda.min
Pat Elflein,Blocker,-0.039666357540616703,lambda.min
Ryan Kelly,Blocker,-0.04120293940465392,lambda.min
Trent Brown,Blocker,-0.04142831774970304,lambda.min
Kelvin Beachum,Blocker,-0.04163511014696285,lambda.min
Joe Tryon-Shoyinka,Rusher,-0.041817582586562214,lambda.min
Eddie Yarbrough,Rusher,-0.042520760832857996,lambda.min
Von Miller,Rusher,-0.04279059080617574,lambda.min
Ta'Quon Graham,Rusher,-0.04292712907144072,lambda.min
John Penisini,Rusher,-0.04311337408768222,lambda.min
Jon Runyan,Blocker,-0.04322900075503838,lambda.min
Lachavious Simmons,Blocker,-0.04333308235733395,lambda.min
Dan Moore Jr.,Blocker,-0.043605257942714915,lambda.min
Will Fries,Blocker,-0.044354743594337394,lambda.min
Kevin Strong,Rusher,-0.0445154286446255,lambda.min
Nathan Landman,Rusher,-0.04464274620966122,lambda.min
Cam Brown,Rusher,-0.04496024175375706,lambda.min
Charles Snowden,Rusher,-0.04498214113408299,lambda.min
Isaac Rochell,Rusher,-0.04499232603563878,lambda.min
Lavonte David,Rusher,-0.045667949697731164,lambda.min
Margus Hunt,Rusher,-0.04598994236467531,lambda.min
Emeke Egbule,Rusher,-0.04605316677728029,lambda.min
Jamien Sherwood,Rusher,-0.04633429845679143,lambda.min
Marcus Allen,Rusher,-0.046374667106343616,lambda.min
Max Garcia,Blocker,-0.04695832496384447,lambda.min
Raekwon Davis,Rusher,-0.04757127688011765,lambda.min
Ladarius Hamilton,Rusher,-0.04860350505620795,lambda.min
Adam Pankey,Blocker,-0.0490556415233396,lambda.min
Anthony Pittman,Rusher,-0.04906660493913941,lambda.min
Marcus Henry,Blocker,-0.049370604336860385,lambda.min
Dalvin Tomlinson,Rusher,-0.05002365970416964,lambda.min
Austin Bryant,Rusher,-0.050439145919746776,lambda.min
Blake Cashman,Rusher,-0.0512529239402411,lambda.min
Brandon Copeland,Rusher,-0.051400259781514225,lambda.min
Ethan Westbrooks,Rusher,-0.051536481786085955,lambda.min
Austin Blythe,Blocker,-0.05165359883377179,lambda.min
Connor Mcgovern,Blocker,-0.051731230234406976,lambda.min
Lane Johnson,Blocker,-0.05236374664770676,lambda.min
Terron Armstead,Blocker,-0.0525008517914791,lambda.min
Cortez Broughton,Rusher,-0.053031303813365085,lambda.min
Ronald Blair,Rusher,-0.053510500887414734,lambda.min
Chauncey Rivers,Rusher,-0.053997626775897735,lambda.min
Kendal Vickers,Rusher,-0.05471368213183385,lambda.min
John Leglue,Blocker,-0.05473856353123162,lambda.min
Chandler Jones,Rusher,-0.0548614296829393,lambda.min
Kwity Paye,Rusher,-0.05551055733791029,lambda.min
Jon Toth,Blocker,-0.05582677979163954,lambda.min
Michael Dunn,Blocker,-0.05594351462535386,lambda.min
Neville Gallimore,Rusher,-0.05809912571777358,lambda.min
Aj Jackson,Blocker,-0.05817532872536479,lambda.min
Hamilcar Rashed Jr.,Rusher,-0.05832810096403504,lambda.min
Mctelvin Agim,Rusher,-0.05895123360481112,lambda.min
Laremy Tunsil,Blocker,-0.06010763267645384,lambda.min
D'Ante Smith,Blocker,-0.06068375026888579,lambda.min
Abdullah Anderson,Rusher,-0.0607673033497996,lambda.min
Takkarist Mckinley,Rusher,-0.06199617925217685,lambda.min
Devin Bush,Rusher,-0.06287885203319116,lambda.min
Chauncey Golston,Rusher,-0.0632668267000168,lambda.min
David Bakhtiari,Blocker,-0.06379934074870472,lambda.min
Tyson Alualu,Rusher,-0.06436367502308456,lambda.min
Joe Gaziano,Rusher,-0.06470959162698073,lambda.min
Julian Okwara,Rusher,-0.06559746974991419,lambda.min
Robert Spillane,Rusher,-0.06561166076128191,lambda.min
Prince Tega Wanogho,Blocker,-0.06567391137048029,lambda.min
Khalen Saunders,Rusher,-0.06574527540223393,lambda.min
Kyle Van Noy,Rusher,-0.06597941746414862,lambda.min
Christian Jones,Rusher,-0.06600240660880051,lambda.min
A'Shawn Robinson,Rusher,-0.06703552078793401,lambda.min
Tarell Basham,Rusher,-0.06714066114088363,lambda.min
David Mayo,Rusher,-0.06789792875331202,lambda.min
Cornelius Lucas,Blocker,-0.06792921665646183,lambda.min
Tyler Matakevich,Rusher,-0.0680935561822581,lambda.min
Landon Young,Blocker,-0.06851153777496756,lambda.min
Jeffery Simmons,Rusher,-0.06962759233067768,lambda.min
Oren Burks,Rusher,-0.07039514857063203,lambda.min
Carlos Watkins,Rusher,-0.07044350861206253,lambda.min
Lucas Niang,Blocker,-0.07160682572368825,lambda.min
Daryl Williams,Blocker,-0.07162009064194404,lambda.min
Ja'Whaun Bentley,Rusher,-0.07192281538646143,lambda.min
Orlando Brown,Blocker,-0.07205631062737147,lambda.min
Ronnie Stanley,Blocker,-0.07221478783598362,lambda.min
Stone Forsythe,Blocker,-0.07353086648575444,lambda.min
Akeem Spence,Rusher,-0.07356212544040959,lambda.min
Attauyo Nsekhe,Blocker,-0.07359879370696519,lambda.min
Laken Tomlinson,Blocker,-0.07409139965829868,lambda.min
Walker Little,Blocker,-0.0745042191190429,lambda.min
Quincy Williams,Rusher,-0.07463089207723206,lambda.min
C.J. Mosley,Rusher,-0.07465200487961025,lambda.min
Braden Smith,Blocker,-0.07478403799212376,lambda.min
Jamarco Jones,Blocker,-0.07512727441048718,lambda.min
Rashard Lawrence,Rusher,-0.07575351992746143,lambda.min
Marquiss Spencer,Rusher,-0.07632966620626655,lambda.min
Myron Cunningham,Blocker,-0.07692329080892635,lambda.min
Nick Dzubnar,Rusher,-0.07796121307702644,lambda.min
Chase Young,Rusher,-0.07937893463364484,lambda.min
Austin Reiter,Blocker,-0.08002190942068878,lambda.min
Jordan Simmons,Blocker,-0.08054567404973109,lambda.min
Matt Skura,Blocker,-0.08090032701471556,lambda.min
Kahlil Mckenzie,Rusher,-0.08149238692367111,lambda.min
Al-Quadin Muhammad,Rusher,-0.08378273351903219,lambda.min
Terence Steele,Blocker,-0.08391732423908635,lambda.min
Joe Walker,Rusher,-0.08401270264020037,lambda.min
Raymond Johnson III,Rusher,-0.08442915144069724,lambda.min
Romeo Okwara,Rusher,-0.08468781733302233,lambda.min
DeMarcus Lawrence,Rusher,-0.08481661561683296,lambda.min
Brandon Knight,Blocker,-0.08560128348238498,lambda.min
Jamie Collins Sr.,Rusher,-0.08719769815989611,lambda.min
Nick Niemann,Rusher,-0.08747177594761832,lambda.min
Jesse Davis,Blocker,-0.08747981773411655,lambda.min
Joe Schobert,Rusher,-0.08748919909889996,lambda.min
Everson Griffen,Rusher,-0.0878134785986091,lambda.min
Markus Bailey,Rusher,-0.0881228316751801,lambda.min
Victor Dimukeje,Rusher,-0.08818275637361708,lambda.min
Josh Mauro,Rusher,-0.08878987413511993,lambda.min
Alex Bars,Blocker,-0.0920230215755513,lambda.min
Kylie Fitts,Rusher,-0.09212558945828676,lambda.min
Nick Leverett,Blocker,-0.09230409811104402,lambda.min
Tipa Galeai,Rusher,-0.0953540973613861,lambda.min
Cameron Malveaux,Rusher,-0.09585354682890393,lambda.min
Frank Clark,Rusher,-0.09611659591067687,lambda.min
James Vaughters,Rusher,-0.09732154658411052,lambda.min
Phil Haynes,Blocker,-0.09793387575501425,lambda.min
Emmanuel Ogbah,Rusher,-0.09837200419398262,lambda.min
Brian Winters,Blocker,-0.09851756267903373,lambda.min
Chris Wormley,Rusher,-0.09875347807223012,lambda.min
Andrew Wylie,Blocker,-0.09883395273250502,lambda.min
Justin Britt,Blocker,-0.09897038456706193,lambda.min
Renell Wren,Rusher,-0.09942805865623532,lambda.min
Jedrick Wills Jr.,Blocker,-0.09971202505050732,lambda.min
Jaleel Johnson,Rusher,-0.09974926117784974,lambda.min
David Quessenberry,Blocker,-0.10139390571282789,lambda.min
Jonas Griffith,Rusher,-0.1017829014284873,lambda.min
Netane Muti,Blocker,-0.10185596590578631,lambda.min
Geron Christian Sr.,Blocker,-0.10236780869155555,lambda.min
Cedric Ogbuehi,Blocker,-0.10239234765736543,lambda.min
Daniel Wise,Rusher,-0.10250233472562204,lambda.min
Teven Jenkins,Blocker,-0.10281647595146931,lambda.min
Ron'Dell Carter,Rusher,-0.10298371786556718,lambda.min
Chris Smith,Rusher,-0.10363728118774182,lambda.min
Alex Leatherwood,Blocker,-0.10464249386466354,lambda.min
Markus Golden,Rusher,-0.10517348128708362,lambda.min
Davion Taylor,Rusher,-0.10557187642206807,lambda.min
Matthew Judon,Rusher,-0.10644464372430344,lambda.min
Brandin Bryant,Rusher,-0.10667825312962782,lambda.min
Otito Ogbonnia,Rusher,-0.10673632401220988,lambda.min
Anthony Rush,Rusher,-0.10820240954502824,lambda.min
Taylor Moton,Blocker,-0.1087030167608723,lambda.min
Justin Jones,Rusher,-0.10892727229091476,lambda.min
Quinn Meinerz,Blocker,-0.10910180682250126,lambda.min
Christian Ringo,Rusher,-0.1092577955733008,lambda.min
Rasheem Green,Rusher,-0.10953171543877324,lambda.min
Taylor Stallworth,Rusher,-0.11011247413893706,lambda.min
Tommy Togiai,Rusher,-0.11173893260983286,lambda.min
Shaun Bradley,Rusher,-0.1124847009710581,lambda.min
Trystan Colon,Blocker,-0.11277157758311497,lambda.min
Elgton Jenkins,Blocker,-0.1135367444426984,lambda.min
Samson Ebukam,Rusher,-0.1138126127541212,lambda.min
Jaylon Moore,Blocker,-0.114774969855247,lambda.min
Chris Hubbard,Blocker,-0.11510083291021568,lambda.min
Parker Ehinger,Blocker,-0.11586148457876744,lambda.min
James Hudson III,Blocker,-0.11618061009783347,lambda.min
Shaquille Quarterman,Rusher,-0.11629838227117097,lambda.min
Randy Gregory,Rusher,-0.11651128552317003,lambda.min
Rashawn Slater,Blocker,-0.11803100994833801,lambda.min
Jordan Mailata,Blocker,-0.11885993273063451,lambda.min
Corey Peters,Rusher,-0.11966519859975427,lambda.min
Riley Reiff,Blocker,-0.11967791057910551,lambda.min
Jordan Smith,Rusher,-0.11990652893228931,lambda.min
Isaiah Williams,Blocker,-0.12072137478308342,lambda.min
Kyler Fackrell,Rusher,-0.12099732261220723,lambda.min
Aaron Brewer,Blocker,-0.12281672954569939,lambda.min
Leonard Williams,Rusher,-0.12292654964345714,lambda.min
Marquise Copeland,Rusher,-0.12311131435744435,lambda.min
Jack Heflin,Rusher,-0.12356160186019291,lambda.min
Caraun Reid,Rusher,-0.1243817614852744,lambda.min
Michael Hoecht,Rusher,-0.12493823223697337,lambda.min
Kolton Miller,Blocker,-0.12596072988176193,lambda.min
Trent Williams,Blocker,-0.12654755553516206,lambda.min
Elijah Lee,Rusher,-0.1269316722249834,lambda.min
Jahlani Tavai,Rusher,-0.12723468498866292,lambda.min
Mike Mcglinchey,Blocker,-0.1283325294350653,lambda.min
B.J. Hill,Rusher,-0.12954064156575507,lambda.min
Tyus Bowser,Rusher,-0.12995990804030047,lambda.min
Josh Tupou,Rusher,-0.1299929655986016,lambda.min
Mykal Walker,Rusher,-0.1300639193490704,lambda.min
Tashawn Bower,Rusher,-0.13089536832638093,lambda.min
Taylor Decker,Blocker,-0.13192752430636212,lambda.min
A.J. Cann,Blocker,-0.13273911314074702,lambda.min
John Simon,Rusher,-0.13284118716426538,lambda.min
Michael Deiter,Blocker,-0.13296446074725587,lambda.min
Bryan Bulaga,Blocker,-0.13368705891377083,lambda.min
Leonard Floyd,Rusher,-0.13388779509333618,lambda.min
Michael Jordan,Blocker,-0.13403240471158845,lambda.min
Shaq Lawson,Rusher,-0.1354543274532924,lambda.min
Rodger Saffold,Blocker,-0.1355193645201554,lambda.min
Marquis Haynes Sr.,Rusher,-0.1359425407130914,lambda.min
Tyre Phillips,Blocker,-0.1377550750336015,lambda.min
Cam Robinson,Blocker,-0.13785526117494018,lambda.min
Jonathan Harris,Rusher,-0.13800037997373601,lambda.min
Nick Martin,Blocker,-0.13815554894830634,lambda.min
Shaquil Barrett,Rusher,-0.13846254907095346,lambda.min
Julie'N Davenport,Blocker,-0.13964620043318168,lambda.min
Marquel Lee,Rusher,-0.13992355192150133,lambda.min
Colby Gossett,Blocker,-0.14086505502352625,lambda.min
Terrell Lewis,Rusher,-0.14157729451542397,lambda.min
Alex Mack,Blocker,-0.14233932886258127,lambda.min
Adam Butler,Rusher,-0.14286911185254542,lambda.min
K'Lavon Chaisson,Rusher,-0.14456650526024167,lambda.min
Jayon Brown,Rusher,-0.1445701722963504,lambda.min
Chris Reed,Blocker,-0.14464413929905742,lambda.min
Iosua Opeta,Blocker,-0.14495843663802807,lambda.min
Casey Tucker,Blocker,-0.14536040918304566,lambda.min
Kyzir White,Rusher,-0.14691778360257043,lambda.min
Andrew Van Ginkel,Rusher,-0.14853598190279677,lambda.min
Brandon Williams,Rusher,-0.1492412131904771,lambda.min
Ryan Mccollum,Blocker,-0.14969218785383445,lambda.min
Preston Smith,Rusher,-0.14977961561151798,lambda.min
Naquan Jones,Rusher,-0.15285482826170488,lambda.min
Jake Matthews,Blocker,-0.15292591534198785,lambda.min
Derrek Tuszka,Rusher,-0.15343463451087327,lambda.min
Demetrius Flannigan-Fowles,Rusher,-0.15431027458970936,lambda.min
Corey Levin,Blocker,-0.15450601321834617,lambda.min
Blake Lynch,Rusher,-0.15455498492753236,lambda.min
Jeremiah Attaochu,Rusher,-0.15462600508446012,lambda.min
Krys Barnes,Rusher,-0.15617293140355382,lambda.min
Solomon Kindley,Blocker,-0.1566265417700863,lambda.min
Hamsah Nasirildeen,Rusher,-0.15818639054927944,lambda.min
Harold Landry III,Rusher,-0.15909780130845672,lambda.min
David Onyemata,Rusher,-0.16055573337860166,lambda.min
Deatrich Wise Jr.,Rusher,-0.16074769866650787,lambda.min
Shy Tuttle,Rusher,-0.16084113301492123,lambda.min
Trent Harris,Rusher,-0.1618318435012008,lambda.min
Joseph Jones,Rusher,-0.16455427448422733,lambda.min
Michael Brockers,Rusher,-0.1649206212960722,lambda.min
Doug Costin,Rusher,-0.16602830628305215,lambda.min
Lerentee Mccray,Rusher,-0.16678816231504984,lambda.min
Rashod Hill,Blocker,-0.16698595508266834,lambda.min
Bilal Nichols,Rusher,-0.1682219118209625,lambda.min
Robert Hainsey,Blocker,-0.17063301860764624,lambda.min
Jake Zimmer,Rusher,-0.17294050281858178,lambda.min
Payton Turner,Rusher,-0.17580662482222653,lambda.min
Tyron Smith,Blocker,-0.17603791525200485,lambda.min
Derrick Nnadi,Rusher,-0.17610473948678235,lambda.min
Carl Nassib,Rusher,-0.17637274656865454,lambda.min
Joe Haeg,Blocker,-0.17649130610128264,lambda.min
Dee Ford,Rusher,-0.17677159101429418,lambda.min
Rashod Berry,Rusher,-0.17750537024729848,lambda.min
Rashan Gary,Rusher,-0.17771335342993475,lambda.min
Whitney Mercilus,Rusher,-0.1782094882700684,lambda.min
Joe Jackson,Rusher,-0.17852285381261887,lambda.min
James Ferentz,Blocker,-0.17872701886540662,lambda.min
James Smith-Williams,Rusher,-0.1789188880365359,lambda.min
Sam Cosmi,Blocker,-0.17967339874930163,lambda.min
Jawaan Taylor,Blocker,-0.17981423194263949,lambda.min
Joe Noteboom,Blocker,-0.18112217758435237,lambda.min
Tom Compton,Blocker,-0.1822599158715096,lambda.min
Ty Sambrailo,Blocker,-0.18402580437264512,lambda.min
Matt Pryor,Blocker,-0.1841997279929772,lambda.min
Bunmi Rotimi,Rusher,-0.18448407880316797,lambda.min
Carl Granderson,Rusher,-0.18518635051993354,lambda.min
Uchenna Nwosu,Rusher,-0.1869175714709211,lambda.min
Jessie Lemonier,Rusher,-0.18722474444150913,lambda.min
Jordan Willis,Rusher,-0.1876321109808809,lambda.min
Troy Dye,Rusher,-0.18802667980990603,lambda.min
Jonah Williams,Blocker,-0.1880927042989279,lambda.min
Dayo Odeyingbo,Rusher,-0.18915973667788494,lambda.min
Dennis Daley,Blocker,-0.1894648997000183,lambda.min
Carlos Davis,Rusher,-0.1903038845929135,lambda.min
Jacob Tuioti-Mariner,Rusher,-0.1918727350099793,lambda.min
Will Holden,Blocker,-0.19218927789033655,lambda.min
Kingsley Keke,Rusher,-0.19264824608508652,lambda.min
Kyle Phillips,Rusher,-0.1930461159007865,lambda.min
Jordan Phillips,Rusher,-0.19424887721070205,lambda.min
Dakota Allen,Rusher,-0.1943515024424886,lambda.min
Storm Norton,Blocker,-0.1945798773051818,lambda.min
Fred Johnson,Blocker,-0.19621159696587728,lambda.min
Da'Shawn Hand,Rusher,-0.19635480049651732,lambda.min
Matt Nelson,Blocker,-0.19709249649588415,lambda.min
Dante Fowler Jr.,Rusher,-0.19786401053968877,lambda.min
Jerome Baker,Rusher,-0.198683621346719,lambda.min
Duane Brown,Blocker,-0.19881221889146308,lambda.min
Alex Barshaba,Blocker,-0.19931788233450262,lambda.min
Kaden Elliss,Rusher,-0.19945217832036813,lambda.min
Aaron Patrick,Rusher,-0.1996834858311289,lambda.min
Nate Solder,Blocker,-0.20029633031236493,lambda.min
Bradley Chubb,Rusher,-0.20062432206029474,lambda.min
Shelby Harris,Rusher,-0.20494414999076305,lambda.min
Stephen Weatherly,Rusher,-0.208031838617889,lambda.min
Josh Uche,Rusher,-0.21303280033861588,lambda.min
Christian Covington,Rusher,-0.21371118216990306,lambda.min
Jack Anderson,Blocker,-0.21416868312288312,lambda.min
Sam Hubbard,Rusher,-0.21501954503726242,lambda.min
Arden Key,Rusher,-0.21622467708882162,lambda.min
Dont'A Hightower,Rusher,-0.21629793147157772,lambda.min
Malik Jackson,Rusher,-0.21687485774154985,lambda.min
Jonathon Cooper,Rusher,-0.21748454783477938,lambda.min
Porter Gustin,Rusher,-0.2186961483665445,lambda.min
Penei Sewell,Blocker,-0.2217682889619106,lambda.min
Justin Herron,Blocker,-0.22465688974286657,lambda.min
Benson Mayowa,Rusher,-0.22620096140313756,lambda.min
Dillon Radunz,Blocker,-0.2275236687883116,lambda.min
Marlon Tuipulotu,Rusher,-0.2285680862629776,lambda.min
Steven Means,Rusher,-0.229195949224671,lambda.min
Hakeem Adeniji,Blocker,-0.22923829395141035,lambda.min
Jaylon Smith,Rusher,-0.2344618519050759,lambda.min
Charlie Heck,Blocker,-0.23893486094065508,lambda.min
Ben Banogu,Rusher,-0.23979869919114977,lambda.min
Kemoko Turay,Rusher,-0.24014877722273095,lambda.min
Demone Harris,Rusher,-0.24016344815500487,lambda.min
Cameron Jordan,Rusher,-0.24039649593544177,lambda.min
Henry Mondeaux,Rusher,-0.24220958024308784,lambda.min
George Fant,Blocker,-0.243443067329843,lambda.min
Derek Rivers,Rusher,-0.24351162500646462,lambda.min
Bobby Okereke,Rusher,-0.24526216824782635,lambda.min
Bobby Massie,Blocker,-0.2460320229722475,lambda.min
Zach Allen,Rusher,-0.24645281264511704,lambda.min
Melvin Ingram,Rusher,-0.24686612570192382,lambda.min
Jackson Barton,Blocker,-0.24725773116751398,lambda.min
Jake Curhan,Blocker,-0.24788454654996592,lambda.min
Tanoh Kpassagnon,Rusher,-0.24999787434497198,lambda.min
Quincy Roche,Rusher,-0.2505714898708594,lambda.min
Jarrad Davis,Rusher,-0.25190991581177785,lambda.min
Arik Armstead,Rusher,-0.2534291897628632,lambda.min
Taco Charlton,Rusher,-0.2578944459977035,lambda.min
Boogie Basham,Rusher,-0.25804449678303176,lambda.min
Trey Flowers,Rusher,-0.2582285932865433,lambda.min
Dion Dawkins,Blocker,-0.2587227870194369,lambda.min
Brandon Shell,Blocker,-0.2600949242821538,lambda.min
Robert Jones,Blocker,-0.26060410641422405,lambda.min
Kerry Hyder Jr.,Rusher,-0.26078718755330516,lambda.min
Azeez Ojulari,Rusher,-0.2619658770409052,lambda.min
Jaelan Phillips,Rusher,-0.2634282456414791,lambda.min
Deshawn Williams,Rusher,-0.264936976089769,lambda.min
Baron Browning,Rusher,-0.2680231366676834,lambda.min
D.J. Humphries,Blocker,-0.26819716515119507,lambda.min
Pernell Mcphee,Rusher,-0.2703917903211012,lambda.min
Anthony Nelson,Rusher,-0.2709307989472974,lambda.min
Tommy Doyle,Blocker,-0.27520766078376996,lambda.min
Ola Adeniyi,Rusher,-0.2755506491646305,lambda.min
Sheldon Richardson,Rusher,-0.2768516982535339,lambda.min
Jonathan Garvin,Rusher,-0.27789752195156403,lambda.min
Liam Eichenberg,Blocker,-0.28010714012762683,lambda.min
Leighton Vander Esch,Rusher,-0.28036377919753697,lambda.min
Cam Sample,Rusher,-0.2814788707029291,lambda.min
Alex Anzalone,Rusher,-0.2815767323058029,lambda.min
Mark Glowinski,Blocker,-0.28315554573600155,lambda.min
Calvin Anderson,Blocker,-0.2853739179663104,lambda.min
Christian Darrisaw,Blocker,-0.2876394048228965,lambda.min
Chris Board,Rusher,-0.2886534723264513,lambda.min
Spencer Brown,Blocker,-0.2892159890140336,lambda.min
Colton Mckivitz,Blocker,-0.2905338769473589,lambda.min
Marlon Davidson,Rusher,-0.2914071360028234,lambda.min
Nick Williams,Rusher,-0.29165356385814695,lambda.min
Blake Hance,Blocker,-0.29237124929200126,lambda.min
Chase Winovich,Rusher,-0.29409605999179733,lambda.min
Shamar Stephen,Rusher,-0.2942779843950248,lambda.min
Malcolm Koonce,Rusher,-0.29535408864757484,lambda.min
Cameron Erving,Blocker,-0.29753372917235055,lambda.min
Eric Fisher,Blocker,-0.299139099224723,lambda.min
Isaiahh Loudermilk,Rusher,-0.2992331107841313,lambda.min
Marcell Harris,Rusher,-0.3007610860002225,lambda.min
Malik Reed,Rusher,-0.30234414832973394,lambda.min
Justin Ellis,Rusher,-0.30445161992469094,lambda.min
Ifeadi Odenigbo,Rusher,-0.30579658013538313,lambda.min
Bruce Irvin,Rusher,-0.3061412775461501,lambda.min
Jalyn Holmes,Rusher,-0.30662260431997646,lambda.min
Andre Mintze,Rusher,-0.3074971111420038,lambda.min
Isaiah Prince,Blocker,-0.3105539677384247,lambda.min
Dean Lowry,Rusher,-0.3178076388887333,lambda.min
Jason Pierre-Paul,Rusher,-0.3188780201030569,lambda.min
Cameron Heyward,Rusher,-0.32054154227569087,lambda.min
Khalid Kareem,Rusher,-0.32092517585731833,lambda.min
Blake Brandel,Blocker,-0.3221639511855468,lambda.min
La'El Collins,Blocker,-0.3258668210135439,lambda.min
Morgan Moses,Blocker,-0.3281360623758915,lambda.min
Divine Deablo,Rusher,-0.3299260385862176,lambda.min
Matt Peart,Blocker,-0.3302027666905945,lambda.min
Marcus Cannon,Blocker,-0.3339149840665074,lambda.min
Montez Sweat,Rusher,-0.34049785476691075,lambda.min
Trey Pipkins III,Blocker,-0.3432685083498477,lambda.min
Kaleb McGary,Blocker,-0.34952910279340466,lambda.min
Mike Danna,Rusher,-0.3528291003614178,lambda.min
Isaiah Wynn,Blocker,-0.35678750056372455,lambda.min
Conor Mcdermott,Blocker,-0.3728166361650486,lambda.min
Josiah Bronson,Rusher,-0.37481951236923045,lambda.min
Korey Cunningham,Blocker,-0.3807053990331459,lambda.min
Bud Dupree,Rusher,-0.3836857387075455,lambda.min
Oshane Ximines,Rusher,-0.3894826690755106,lambda.min
Wyatt Raymond,Rusher,-0.3911013892110454,lambda.min
Cameron Fleming,Blocker,-0.3946238446548706,lambda.min
Lorenzo Carter,Rusher,-0.4058070849839112,lambda.min
Casey Toohill,Rusher,-0.4067203878520378,lambda.min
Taylor Lewan,Blocker,-0.42111422326297154,lambda.min
Bobby Hart,Blocker,-0.4240419240977082,lambda.min
Yodny Cajuste,Blocker,-0.4274611272004678,lambda.min
Alex Okafor,Rusher,-0.43696764439533836,lambda.min
Jaylon Ferguson,Rusher,-0.4659177615728065,lambda.min
Dorance Armstrong,Rusher,-0.46675969601976236,lambda.min
Keanu Neal,Rusher,-0.46877107885045827,lambda.min
Kenny Willekes,Rusher,-0.4994281197361936,lambda.min
D.J. Wonnum,Rusher,-0.5055894184607658,lambda.min
Adetokunbo Ogundeji,Rusher,-0.5130476794952639,lambda.min
Le'Raven Clark,Blocker,-0.6059912350467215,lambda.min
Ryan Jensen,Blocker,-0.6533080110174754,lambda.min
