player_name,role,bt_logit_score,elo_like_score,coefficient_source
Aaron Donald,Rusher,0.0014460728252120765,1000.2512086909492,lambda.min
Trey Hopkins,Blocker,0.001113822620454843,1000.1934909187343,lambda.min
Joe Thuney,Blocker,0.001025501627832536,1000.1781479908414,lambda.min
Calvin Throckmorton,Blocker,9.619913508409859e-4,1000.1671151257048,lambda.min
Josh Allen,Rusher,9.244458000864374e-4,1000.1605927954997,lambda.min
Kevin Zeitler,Blocker,8.987074882871887e-4,1000.1561215927845,lambda.min
Tyler Biadasz,Blocker,8.575216047449391e-4,1000.1489668720026,lambda.min
Zack Martin,Blocker,8.489994933622646e-4,1000.1474864296235,lambda.min
Adam Gotsis,Rusher,7.679831126847665e-4,1000.1334124427948,lambda.min
Erik McCoy,Blocker,7.543216396455262e-4,1000.1310392018526,lambda.min
Joel Bitonio,Blocker,7.50011763271001e-4,1000.1302904996417,lambda.min
Myles Garrett,Rusher,7.421452711693462e-4,1000.128923949997,lambda.min
Roy Robertson-Harris,Rusher,7.067630345943483e-4,1000.1227774259562,lambda.min
Quinnen Williams,Rusher,7.03232113111439e-4,1000.1221640420698,lambda.min
Malcom Brown,Rusher,6.943865163076846e-4,1000.1206274045173,lambda.min
Ben Powers,Blocker,6.626835173043396e-4,1000.1151200295066,lambda.min
Mitch Morse,Blocker,6.554393254690755e-4,1000.1138615844907,lambda.min
Folorunso Fatukasi,Rusher,6.391894878605244e-4,1000.1110386985686,lambda.min
J.C. Tretter,Blocker,6.056890038060823e-4,1000.1052190684222,lambda.min
Jacob Martin,Rusher,6.050775132556121e-4,1000.1051128416335,lambda.min
Ereck Flowers Sr.,Blocker,5.987289500964374e-4,1000.1040099832543,lambda.min
Gabe Jackson,Blocker,5.943606826453799e-4,1000.1032511374744,lambda.min
Michael Schofield III,Blocker,5.931272860607639e-4,1000.1030368745422,lambda.min
D.J. Jones,Rusher,5.886550553503118e-4,1000.1022599684944,lambda.min
Daquan Jones,Rusher,5.846363244123693e-4,1000.1015618434262,lambda.min
Maliek Collins,Rusher,5.667924664583529e-4,1000.0984620478081,lambda.min
Andrew Norwell,Blocker,5.625410294180582e-4,1000.0977234975494,lambda.min
Alejandro Villanueva,Blocker,5.479904779629568e-4,1000.0951958078672,lambda.min
Chase Roullier,Blocker,5.339387640646514e-4,1000.0927547751442,lambda.min
Taven Bryan,Rusher,5.324280069629101e-4,1000.0924923297551,lambda.min
Davon Hamilton,Rusher,5.265217347707407e-4,1000.0914663051864,lambda.min
Robert Quinn,Rusher,5.234576671621289e-4,1000.0909340221245,lambda.min
Grady Jarrett,Rusher,5.223033998475565e-4,1000.0907335053545,lambda.min
Corey Linsley,Blocker,4.742005499651621e-4,1000.0823771844473,lambda.min
Dalton Risner,Blocker,4.5936395336935727e-4,1000.0797998036346,lambda.min
Andrew Whitworth,Blocker,4.5846524371864967e-4,1000.0796436817777,lambda.min
Nathan Shepherd,Rusher,4.580246073365504e-4,1000.0795671353981,lambda.min
Andre James,Blocker,4.567229489998219e-4,1000.0793410141849,lambda.min
Cesar Ruiz,Blocker,4.5129527139906825e-4,1000.0783981300123,lambda.min
T.J. Watt,Rusher,4.489336491839867e-4,1000.0779878742137,lambda.min
James Daniels,Blocker,4.2104039430306803e-4,1000.0731423195429,lambda.min
Lloyd Cushenberry III,Blocker,4.1293292397808694e-4,1000.0717339076931,lambda.min
Wyatt Teller,Blocker,4.103076278009988e-4,1000.071277847036,lambda.min
Mason Cole,Blocker,4.1028030810655926e-4,1000.0712731011189,lambda.min
Jadeveon Clowney,Rusher,4.01587978968955e-4,1000.0697630888872,lambda.min
Chris Jones,Rusher,3.9773854470100177e-4,1000.0690943736628,lambda.min
Maxx Crosby,Rusher,3.9713434118711897e-4,1000.068989412762,lambda.min
Will Hernandez,Blocker,3.9595043954373843e-4,1000.0687837479816,lambda.min
Jonathan Allen,Rusher,3.941803295624699e-4,1000.0684762483827,lambda.min
Brandon Linder,Blocker,3.917846077380535e-4,1000.0680600688753,lambda.min
David Edwards,Blocker,3.8087292246630694e-4,1000.0661645149946,lambda.min
Darius Philon,Rusher,3.804393955092279e-4,1000.0660892036485,lambda.min
J.J. Watt,Rusher,3.7831345357049726e-4,1000.0657198897073,lambda.min
Josh Sweat,Rusher,3.7786666837312446e-4,1000.065642275169,lambda.min
Ben Cleveland,Blocker,3.7690503207653926e-4,1000.0654752218342,lambda.min
Jordan Mills,Blocker,3.6909609823665483e-4,1000.0641186710836,lambda.min
Sam Mustipher,Blocker,3.684996204081358e-4,1000.0640150522719,lambda.min
Milton Williams,Rusher,3.6046419097737347e-4,1000.0626191552072,lambda.min
Sheldon Rankins,Rusher,3.550238977420674e-4,1000.0616740794744,lambda.min
Micah Parsons,Rusher,3.536908846897518e-4,1000.0614425113893,lambda.min
Poona Ford,Rusher,3.5171637812604845e-4,1000.0610995044673,lambda.min
Larry Borom,Blocker,3.4565139068814594e-4,1000.0600459082365,lambda.min
Jerry Hughes,Rusher,3.4543843249380736e-4,1000.060008913609,lambda.min
Troy Reeder,Rusher,3.4543539216549474e-4,1000.0600083854498,lambda.min
Ryan Ramczyk,Blocker,3.406951136302838e-4,1000.0591849147256,lambda.min
Matt Hennessy,Blocker,3.3843060441727553e-4,1000.0587915291834,lambda.min
Creed Humphrey,Blocker,3.206680437124415e-4,1000.055705856344,lambda.min
Lawrence Guy,Rusher,3.1680494378266157e-4,1000.055034767151,lambda.min
Evan Brown,Blocker,3.16658484028261e-4,1000.0550093244857,lambda.min
Dawuane Smoot,Rusher,3.136757469451658e-4,1000.0544911699833,lambda.min
Kamu Grugier-Hill,Rusher,3.1001222154955873e-4,1000.0538547504378,lambda.min
Dre'Mont Jones,Rusher,3.000929153408381e-4,1000.0521315904575,lambda.min
Christian Wilkins,Rusher,2.9795920366877275e-4,1000.0517609267755,lambda.min
Jermaine Carter Jr.,Rusher,2.941234952131085e-4,1000.0510945959688,lambda.min
Derrick Brown,Rusher,2.913238745134021e-4,1000.0506082520403,lambda.min
Patrick Queen,Rusher,2.890695935308964e-4,1000.0502166433238,lambda.min
Alex Highsmith,Rusher,2.8752117807258023e-4,1000.0499476560082,lambda.min
Kevin Dotson,Blocker,2.7609464889905987e-4,1000.0479626645812,lambda.min
Christian Kirksey,Rusher,2.707744318714516e-4,1000.0470384482221,lambda.min
Jeremiah Owusu-Koramoah,Rusher,2.7072985117500373e-4,1000.047030703762,lambda.min
Vita Vea,Rusher,2.587746393726544e-4,1000.0449538707556,lambda.min
Lucas Patrick,Blocker,2.542712675959039e-4,1000.0441715549506,lambda.min
Trey Smith,Blocker,2.500176305923511e-4,1000.0434326225192,lambda.min
Trai Turner,Blocker,2.4780778847097217e-4,1000.0430487336234,lambda.min
Bryan Mone,Rusher,2.4751115140670733e-4,1000.0429972024874,lambda.min
Patrick Mekari,Blocker,2.458028439264637e-4,1000.0427004390825,lambda.min
Bradley Bozeman,Blocker,2.4533094981608156e-4,1000.0426184626793,lambda.min
Tae Crowder,Rusher,2.445837010778224e-4,1000.0424886522778,lambda.min
Kendrick Green,Blocker,2.4215499663715373e-4,1000.0420667431031,lambda.min
Tershawn Wharton,Rusher,2.413458160988682e-4,1000.0419261740461,lambda.min
John Simpson,Blocker,2.3969214439868464e-4,1000.0416389018484,lambda.min
Landon Dickerson,Blocker,2.3823976303924863e-4,1000.0413865973644,lambda.min
Matt Milano,Rusher,2.3765097370447323e-4,1000.0412843141808,lambda.min
Ed Oliver,Rusher,2.362335718632801e-4,1000.0410380862614,lambda.min
Charles Leno Jr.,Blocker,2.336431151088444e-4,1000.0405880778318,lambda.min
Matt Paradis,Blocker,2.2844553986554663e-4,1000.0396851665328,lambda.min
Joey Bosa,Rusher,2.2728901679433766e-4,1000.0394842578976,lambda.min
Bryce Huff,Rusher,2.256496758103255e-4,1000.0391994752002,lambda.min
Davon Godchaux,Rusher,2.2471607107545482e-4,1000.0390372914464,lambda.min
Justin Pugh,Blocker,2.2443703192777042e-4,1000.0389888173816,lambda.min
Mario Addison,Rusher,2.187952409308188e-4,1000.0380087379024,lambda.min
Greg Van Roten,Blocker,2.1796668110670624e-4,1000.0378648023186,lambda.min
Halapoulivaati Vaitai,Blocker,2.145355756440403e-4,1000.0372687582509,lambda.min
Javon Hargrave,Rusher,2.1362599049823853e-4,1000.037110747127,lambda.min
Al Woods,Rusher,2.1128996173082798e-4,1000.0367049373657,lambda.min
Haason Reddick,Rusher,2.090879245550959e-4,1000.036322404328,lambda.min
Rodney Hudson,Blocker,2.085573420335156e-4,1000.0362302327035,lambda.min
Will Clapp,Blocker,2.08294502504696e-4,1000.0361845728006,lambda.min
Malik Mcdowell,Rusher,2.0790597161179206e-4,1000.0361170780715,lambda.min
Rob Havenstein,Blocker,2.0431595259603975e-4,1000.0354934278921,lambda.min
J.C. Hassenauer,Blocker,1.9453186577571288e-4,1000.0337937579255,lambda.min
Darrell Taylor,Rusher,1.9413065417560142e-4,1000.0337240603319,lambda.min
Alijah Vera-Tucker,Blocker,1.9382292160974052e-4,1000.0336706017098,lambda.min
Quinton Spain,Blocker,1.9279383854392827e-4,1000.0334918316711,lambda.min
Demarcus Walker,Rusher,1.9238353284820113e-4,1000.0334205542712,lambda.min
Zach Kerr,Rusher,1.8807003396969417e-4,1000.0326712227669,lambda.min
Odafe Oweh,Rusher,1.8803797645808247e-4,1000.0326656538068,lambda.min
Jonah Jackson,Blocker,1.8388445697534753e-4,1000.03194411357,lambda.min
Tyler Shatley,Blocker,1.7554664399476718e-4,1000.0304956871026,lambda.min
Fletcher Cox,Rusher,1.733905234545872e-4,1000.0301211306015,lambda.min
Jordan Jenkins,Rusher,1.732726809743448e-4,1000.0301006592659,lambda.min
Jonathan Greenard,Rusher,1.7255322462954458e-4,1000.0299756768977,lambda.min
Greg Rousseau,Rusher,1.7051192921531917e-4,1000.029621067564,lambda.min
Danielle Hunter,Rusher,1.6979640987185203e-4,1000.0294967691229,lambda.min
Tim Settle,Rusher,1.6749363268633556e-4,1000.029096735753,lambda.min
Rakeem Nunez-Roches,Rusher,1.6290812234585428e-4,1000.028300151018,lambda.min
Tremaine Edmunds,Rusher,1.6115733183810698e-4,1000.0279960075554,lambda.min
"David Long, Jr.",Rusher,1.6032748433190643e-4,1000.0278518482783,lambda.min
Jon Feliciano,Blocker,1.5913471759429614e-4,1000.0276446434734,lambda.min
Saahdiq Charles,Blocker,1.5855014354551345e-4,1000.0275430925599,lambda.min
Jordan Hicks,Rusher,1.573382681732885e-4,1000.0273325682451,lambda.min
Andre Dillard,Blocker,1.5692150541582063e-4,1000.0272601691388,lambda.min
Nick Bosa,Rusher,1.5327976384330093e-4,1000.0266275338311,lambda.min
Mike Purcell,Rusher,1.5247512559119161e-4,1000.0264877538499,lambda.min
Marcus Davenport,Rusher,1.5194974132934846e-4,1000.0263964852556,lambda.min
Deforest Buckner,Rusher,1.489807254266282e-4,1000.0258807143663,lambda.min
Frank Ragnow,Blocker,1.4735258292004072e-4,1000.0255978770438,lambda.min
Ali Marpet,Blocker,1.4715771836189384e-4,1000.0255640256029,lambda.min
Calais Campbell,Rusher,1.4474257269542453e-4,1000.0251444718284,lambda.min
B.J. Finney,Blocker,1.4375677086647987e-4,1000.0249732205107,lambda.min
Jay Tufele,Rusher,1.4322230471531324e-4,1000.0248803742305,lambda.min
Eddie Goldman,Rusher,1.4154432756135997e-4,1000.0245888797431,lambda.min
Khalil Mack,Rusher,1.3856382693701173e-4,1000.0240711137533,lambda.min
Cody Whitehair,Blocker,1.3829532874062926e-4,1000.0240244708392,lambda.min
Star Lotulelei,Rusher,1.3737420040551312e-4,1000.023864454458,lambda.min
Vernon Butler,Rusher,1.3671247465864387e-4,1000.0237495009219,lambda.min
Jack Driscoll,Blocker,1.3575695303139112e-4,1000.0235835098138,lambda.min
Keith Ismael,Blocker,1.3365987140096598e-4,1000.0232192094218,lambda.min
Michael Dwumfour,Rusher,1.3197978282655158e-4,1000.022927348143,lambda.min
L.J. Collier,Rusher,1.2965320554217475e-4,1000.0225231802724,lambda.min
Zach Cunningham,Rusher,1.2959065683166212e-4,1000.0225123144485,lambda.min
Kevin Givens,Rusher,1.264845509666154e-4,1000.0219727285935,lambda.min
Derick Roberson,Rusher,1.2502047664630635e-4,1000.0217183928341,lambda.min
Kyle Peko,Rusher,1.2487456149595794e-4,1000.0216930447763,lambda.min
Ezra Cleveland,Blocker,1.235730260596762e-4,1000.0214669449131,lambda.min
Jonathan Marshall,Rusher,1.234284101652782e-4,1000.0214418225592,lambda.min
John Franklin-Myers,Rusher,1.227873794099257e-4,1000.0213304641112,lambda.min
Billy Turner,Blocker,1.2238514651532638e-4,1000.0212605891006,lambda.min
Roquan Smith,Rusher,1.1971695992707539e-4,1000.0207970776158,lambda.min
Larrell Murchison,Rusher,1.1876537027302436e-4,1000.0206317695615,lambda.min
Ndamukong Suh,Rusher,1.1854675392350857e-4,1000.0205937920118,lambda.min
Brian O'Neill,Blocker,1.1823747548179876e-4,1000.0205400648435,lambda.min
Robert Hunt,Blocker,1.1772565750531827e-4,1000.0204511529544,lambda.min
Jordyn Brooks,Rusher,1.1531425025894321e-4,1000.0200322486102,lambda.min
Eli Ankou,Rusher,1.1354466338364184e-4,1000.019724839884,lambda.min
Tommy Kraemer,Blocker,1.1291249998387195e-4,1000.0196150218536,lambda.min
Tyler Larsen,Blocker,1.1198955995175813e-4,1000.0194546907484,lambda.min
Maurice Hurst,Rusher,1.1164697616713701e-4,1000.0193951778494,lambda.min
Genard Avery,Rusher,1.1118338882572696e-4,1000.0193146444798,lambda.min
Wes Schweitzer,Blocker,1.1077904394288563e-4,1000.0192444025791,lambda.min
Malcolm Roach,Rusher,1.1057928767671395e-4,1000.0192097013615,lambda.min
Alex Singleton,Rusher,1.0639493302195783e-4,1000.0184828045068,lambda.min
Tarron Jackson,Rusher,1.0627274401871125e-4,1000.0184615781028,lambda.min
Damien Lewis,Blocker,1.0578695665368636e-4,1000.018377188194,lambda.min
Xavier Su'A-Filo,Blocker,1.0471439891478619e-4,1000.018190865831,lambda.min
Osa Odighizuwa,Rusher,1.0441986409011531e-4,1000.0181396998913,lambda.min
Jihad Ward,Rusher,1.0249649825225613e-4,1000.0178055770233,lambda.min
Breiden Fehoko,Rusher,1.0194561825813668e-4,1000.0177098793667,lambda.min
Fred Warner,Rusher,1.0192501927752729e-4,1000.0177063009572,lambda.min
Justin Madubuike,Rusher,1.0160813377613604e-4,1000.0176512523074,lambda.min
Kentavius Street,Rusher,1.000039587922975e-4,1000.01737257857,lambda.min
Josh Bynes,Rusher,9.93681370726798e-5,1000.0172621250242,lambda.min
Garrett Bradbury,Blocker,9.751537348692512e-5,1000.0169402670236,lambda.min
Azeez Al-Shaair,Rusher,9.734127965750698e-5,1000.0169100238279,lambda.min
Cole Toner,Blocker,9.635611370245867e-5,1000.0167388829726,lambda.min
Elijah Wilkinson,Blocker,9.593379799248754e-5,1000.0166655192197,lambda.min
Bobby Wagner,Rusher,9.358974409910071e-5,1000.0162583153513,lambda.min
Damien Wilson,Rusher,9.307300965600453e-5,1000.0161685493842,lambda.min
Alim Mcneill,Rusher,9.306458820866686e-5,1000.016167086429,lambda.min
Clelin Ferrell,Rusher,9.266615169573141e-5,1000.0160978709175,lambda.min
Aaron James Klein,Rusher,9.080001410161675e-5,1000.0157736896136,lambda.min
Tristan Wirfs,Blocker,9.02305377592601e-5,1000.0156747614404,lambda.min
Kenny Clark,Rusher,9.022969562531639e-5,1000.0156746151467,lambda.min
Zach Sieler,Rusher,9.016379822087966e-5,1000.0156631675951,lambda.min
Trey Hendrickson,Rusher,8.923280960390165e-5,1000.0155014383075,lambda.min
Jason Peters,Blocker,8.767947749969068e-5,1000.0152315968829,lambda.min
Mike Remmers,Blocker,8.692710017213581e-5,1000.0151008955543,lambda.min
Donovan Smith,Blocker,8.452367764360192e-5,1000.0146833782975,lambda.min
Cody Barton,Rusher,8.380603665068355e-5,1000.0145587112883,lambda.min
Hassan Ridgeway,Rusher,8.329325893331515e-5,1000.014469632675,lambda.min
Andrew Thomas,Blocker,8.116133793427422e-5,1000.0140992800647,lambda.min
Nick Harris,Blocker,8.056813636678873e-5,1000.0139962303978,lambda.min
Brian Burns,Rusher,7.994172168236705e-5,1000.0138874110214,lambda.min
Jalen Reeves-Maybin,Rusher,7.980861153409401e-5,1000.0138642874202,lambda.min
Ryan Kerrigan,Rusher,7.922585393579647e-5,1000.0137630520566,lambda.min
Oday Aboushi,Blocker,7.851471152174911e-5,1000.013639513966,lambda.min
Brennan Scarlett,Rusher,7.846389550692364e-5,1000.0136306863201,lambda.min
Matt Feiler,Blocker,7.835069804646325e-5,1000.0136110219072,lambda.min
Brandon Parker,Blocker,7.791672312652695e-5,1000.013535632742,lambda.min
Montravius Adams,Rusher,7.640133442487502e-5,1000.0132723827616,lambda.min
Cole Holcomb,Rusher,7.542694619974214e-5,1000.0131031141898,lambda.min
Jabari Zuniga,Rusher,7.523337818052103e-5,1000.0130694879807,lambda.min
Dennis Kelly,Blocker,7.376058684515522e-5,1000.0128136379208,lambda.min
Elandon Roberts,Rusher,7.366345327040686e-5,1000.0127967640905,lambda.min
Graham Glasgow,Blocker,7.328814589905028e-5,1000.0127315665223,lambda.min
Derek Barnett,Rusher,7.233617437133995e-5,1000.0125661921298,lambda.min
Jonathan Bostic,Rusher,7.15165749007373e-5,1000.0124238131189,lambda.min
Brent Urban,Rusher,6.919097057181451e-5,1000.012019814268,lambda.min
Olisaemeka Udoh,Blocker,6.871535878687247e-5,1000.0119371920384,lambda.min
David Moa,Rusher,6.822295626014019e-5,1000.0118516529584,lambda.min
Lane Johnson,Blocker,6.796361448075114e-5,1000.0118066006769,lambda.min
Alton Robinson,Rusher,6.746718697778815e-5,1000.0117203623868,lambda.min
Garret Wallow,Rusher,6.6259550588901e-5,1000.0115105744588,lambda.min
Isaiah Simmons,Rusher,6.507542390653033e-5,1000.0113048705853,lambda.min
Angelo Blackson,Rusher,6.477326219056787e-5,1000.0112523797189,lambda.min
Zack Baun,Rusher,6.293612718505235e-5,1000.0109332366808,lambda.min
David Sharpe,Blocker,6.101094136313362e-5,1000.0105987976491,lambda.min
Tyrel Dodson,Rusher,5.9893725613711346e-5,1000.0104047173951,lambda.min
Duke Riley,Rusher,5.964907361190602e-5,1000.0103622169893,lambda.min
Joshua Kaindoh,Rusher,5.856541219107586e-5,1000.0101739657192,lambda.min
Dan Moore Jr.,Blocker,5.8260909345520305e-5,1000.010121068157,lambda.min
Justin Houston,Rusher,5.808186345591116e-5,1000.0100899647002,lambda.min
Denzel Perryman,Rusher,5.789094033754476e-5,1000.0100567979575,lambda.min
Drue Tranquill,Rusher,5.504851013822242e-5,1000.0095630172572,lambda.min
Lane Taylor,Blocker,5.487627905273973e-5,1000.0095330976532,lambda.min
James Carpenter,Blocker,5.421095360375211e-5,1000.0094175187847,lambda.min
David Andrews,Blocker,5.4209464523150816e-5,1000.0094172601049,lambda.min
Pete Werner,Rusher,5.307474221635774e-5,1000.0092201386504,lambda.min
Ogbonnia Okoronkwo,Rusher,5.2939717636389254e-5,1000.0091966824784,lambda.min
Deion Jones,Rusher,5.282088816886569e-5,1000.0091760396856,lambda.min
Justin Hollins,Rusher,5.2569696342435046e-5,1000.009132403196,lambda.min
Brandon Brooks,Blocker,5.209601348937916e-5,1000.0090501160562,lambda.min
Ernest Jones,Rusher,5.193759481396424e-5,1000.0090225959136,lambda.min
Darius Leonard,Rusher,5.172704881552744e-5,1000.0089860203275,lambda.min
Charles Omenihu,Rusher,5.108026746722114e-5,1000.0088736628993,lambda.min
Carl Davis Jr.,Rusher,5.087729354801103e-5,1000.0088384027181,lambda.min
Khyiris Tonga,Rusher,5.0116774672376566e-5,1000.0087062870576,lambda.min
Andrus Peat,Blocker,4.999227391188756e-5,1000.0086846590603,lambda.min
Rashaan Evans,Rusher,4.80012216939824e-5,1000.0083387778637,lambda.min
Micah Kiser,Rusher,4.6080873291088816e-5,1000.0080051791779,lambda.min
Scott Quessenberry,Blocker,4.484358854087495e-5,1000.007790240802,lambda.min
Ty Nsekhe,Blocker,4.454517671582239e-5,1000.0077384013584,lambda.min
Roy Lopez,Rusher,4.37237229572595e-5,1000.0075957002247,lambda.min
Javon Kinlaw,Rusher,4.370669516917744e-5,1000.0075927421949,lambda.min
Anthony Walker Jr.,Rusher,4.364140361905344e-5,1000.0075813998909,lambda.min
Derrick Barnes,Rusher,4.339236011141635e-5,1000.0075381366024,lambda.min
Kwon Alexander,Rusher,4.337456483882403e-5,1000.007535045247,lambda.min
Josh Woods,Rusher,4.323073416248157e-5,1000.0075100592993,lambda.min
Kenneth Murray Jr.,Rusher,4.190561732952966e-5,1000.007279862928,lambda.min
Brandon Graham,Rusher,4.1408596404405145e-5,1000.0071935215499,lambda.min
Zaven Collins,Rusher,4.120716552140989e-5,1000.0071585294215,lambda.min
Sam Tecklenburg,Blocker,4.0871545961024886e-5,1000.0071002263323,lambda.min
Tytus Howard,Blocker,4.082357287247565e-5,1000.0070918925533,lambda.min
Brian Allen,Blocker,4.078210216906915e-5,1000.0070846883542,lambda.min
Ben Jones,Blocker,3.9778632970430184e-5,1000.0069103678999,lambda.min
Wes Martin,Blocker,3.9594640752740506e-5,1000.006878405178,lambda.min
DeMarcus Lawrence,Rusher,3.9327314604852184e-5,1000.0068319658695,lambda.min
Efe Obada,Rusher,3.713852612736947e-5,1000.0064517343665,lambda.min
Alex Cappa,Blocker,3.701961135250573e-5,1000.0064310767542,lambda.min
Demario Davis,Rusher,3.6703334849271585e-5,1000.0063761338982,lambda.min
Mike Daniels,Rusher,3.6619340546742474e-5,1000.0063615425934,lambda.min
Anthony Hitchens,Rusher,3.661560532273666e-5,1000.0063608937185,lambda.min
Daviyon Nixon,Rusher,3.658125788873446e-5,1000.006354926958,lambda.min
A.J. Epenesa,Rusher,3.622126700470735e-5,1000.0062923901363,lambda.min
Willie Gay,Rusher,3.615120168606309e-5,1000.0062802185438,lambda.min
Isaac Seumalo,Blocker,3.589844363278505e-5,1000.0062363099727,lambda.min
Sam Eguavoen,Rusher,3.568375292868135e-5,1000.0061990143774,lambda.min
Cody Ford,Blocker,3.567972045404854e-5,1000.0061983138648,lambda.min
Nick Gates,Blocker,3.515895870925315e-5,1000.0061078482839,lambda.min
Shaq Thompson,Rusher,3.5038073209475814e-5,1000.0060868483217,lambda.min
Sharif Finch,Rusher,3.399647847436853e-5,1000.0059059047834,lambda.min
Mike Pennel,Rusher,3.34430665108481e-5,1000.0058097672786,lambda.min
John Cominsky,Rusher,3.159066808360284e-5,1000.0054879727126,lambda.min
Jamir Jones,Rusher,3.155759855495338e-5,1000.005482227947,lambda.min
Daniel Ekuale,Rusher,3.1486093881292276e-5,1000.0054698063129,lambda.min
Carlos Dunlap,Rusher,3.0891190181358366e-5,1000.0053664609553,lambda.min
Reggie Ragland,Rusher,3.0507992242116783e-5,1000.0052998926551,lambda.min
Mario Edwards Jr.,Rusher,3.0344430704950905e-5,1000.0052714791059,lambda.min
Trey Hill,Blocker,3.0158177287729478e-5,1000.0052391235733,lambda.min
Vincent Taylor,Rusher,3.002471813698705e-5,1000.0052159393442,lambda.min
Kc Mcdermott,Blocker,2.966366197004117e-5,1000.0051532174639,lambda.min
Malik Harrison,Rusher,2.8513125674614873e-5,1000.0049533488382,lambda.min
Monty Rice,Rusher,2.807184505017414e-5,1000.004876690542,lambda.min
Amani Bledsoe,Rusher,2.7367083640941782e-5,1000.0047542609457,lambda.min
Sione Takitaki,Rusher,2.719531045516861e-5,1000.004724420887,lambda.min
Brandon Scherff,Blocker,2.6603158394280052e-5,1000.004621553538,lambda.min
Germain Ifedi,Blocker,2.6443081289436798e-5,1000.0045937452966,lambda.min
Morgan Fox,Rusher,2.6415922282575967e-5,1000.0045890272938,lambda.min
Kayode Awosika,Blocker,2.591516865400042e-5,1000.0045020374788,lambda.min
Chapelle Russell,Rusher,2.5447012335241348e-5,1000.0044207103964,lambda.min
Von Miller,Rusher,2.5296901932989178e-5,1000.0043946335487,lambda.min
Kwity Paye,Rusher,2.477486413537934e-5,1000.0043039462947,lambda.min
E.J. Speed,Rusher,2.41113455210544e-5,1000.0041886813057,lambda.min
Anthony Barr,Rusher,2.4103369435095857e-5,1000.0041872957175,lambda.min
Josh Myers,Blocker,2.2986310125944964e-5,1000.00399324264,lambda.min
Damion Square,Rusher,2.2462757066421654e-5,1000.0039022921582,lambda.min
Phil Hoskins,Rusher,2.125682181372702e-5,1000.0036927997478,lambda.min
Jermaine Eluemunor,Blocker,2.0732089579168875e-5,1000.0036016444222,lambda.min
Carlos Basham Jr.,Rusher,2.0130011319926986e-5,1000.0034970527159,lambda.min
Reginald Mckenzie,Rusher,1.9951697744351323e-5,1000.0034660764752,lambda.min
Tim Ward,Rusher,1.9630219734407956e-5,1000.0034102300249,lambda.min
Chuma Edoga,Blocker,1.95510920511514e-5,1000.0033964841384,lambda.min
Bobby Evans,Blocker,1.9370922278333015e-5,1000.0033651854432,lambda.min
Jason Spriggs,Blocker,1.9344108549037204e-5,1000.0033605274213,lambda.min
Greg Mancz,Blocker,1.927800715107397e-5,1000.0033490444323,lambda.min
Chris Rumph II,Rusher,1.9273346271930024e-5,1000.0033482347546,lambda.min
Kelvin Beachum,Blocker,1.9094373867571888e-5,1000.0033171440637,lambda.min
Noah Spence,Rusher,1.8877792722475237e-5,1000.0032795200651,lambda.min
Nick Bolton,Rusher,1.8832543385460433e-5,1000.0032716594502,lambda.min
Charles Harris,Rusher,1.8790667061116557e-5,1000.0032643847876,lambda.min
Dre Greenlaw,Rusher,1.8649614943338625e-5,1000.003239881525,lambda.min
Frankie Luvu,Rusher,1.840708242635014e-5,1000.0031977493115,lambda.min
Caleb Benenoch,Blocker,1.8245865002298575e-5,1000.0031697429764,lambda.min
Chris Williams,Rusher,1.79345325636606e-5,1000.0031156589923,lambda.min
Laurent Duvernay-Tardif,Blocker,1.7787259096078896e-5,1000.0030900749706,lambda.min
Matt Ioannidis,Rusher,1.7562030419528047e-5,1000.003050948742,lambda.min
Patrick O'Connor,Rusher,1.733056999208081e-5,1000.0030107399475,lambda.min
Joe Thomas,Rusher,1.7329428656936677e-5,1000.0030105416773,lambda.min
Teven Jenkins,Blocker,1.7310786922179466e-5,1000.0030073032763,lambda.min
Neville Gallimore,Rusher,1.7134350760214187e-5,1000.0029766531757,lambda.min
Julian Stanford,Rusher,1.6891441339313597e-5,1000.0029344554872,lambda.min
Dylan Cole,Rusher,1.688501010487215e-5,1000.0029333382673,lambda.min
Robert Nkemdiche,Rusher,1.6717918397039217e-5,1000.0029043114647,lambda.min
Joe Bachie,Rusher,1.6444933031296667e-5,1000.0028568890496,lambda.min
Brett Toth,Blocker,1.6263843670694514e-5,1000.0028254306055,lambda.min
Andrew Dowell,Rusher,1.5797767162029362e-5,1000.0027444648232,lambda.min
Brady Christensen,Blocker,1.5766324601086198e-5,1000.0027390026909,lambda.min
Tre'Vour Wallace-Simms,Blocker,1.5592836165388807e-5,1000.0027088646627,lambda.min
Aaron Stinnie,Blocker,1.55800966446488e-5,1000.0027066515813,lambda.min
Del'Shawn Phillips,Rusher,1.5555500488168547e-5,1000.0027023787914,lambda.min
Alec Ogletree,Rusher,1.533294015457315e-5,1000.0026637161014,lambda.min
Danny Isidora,Blocker,1.4712719068451703e-5,1000.0025559726633,lambda.min
Tanner Vallejo,Rusher,1.4682386884901053e-5,1000.0025507034234,lambda.min
Myles Jack,Rusher,1.434791672603146e-5,1000.0024926000056,lambda.min
Chandler Jones,Rusher,1.4314149941449365e-5,1000.0024867341143,lambda.min
T.J. Edwards,Rusher,1.4226916775872013e-5,1000.0024715801613,lambda.min
Amen Ogbongbemiga,Rusher,1.4046825433743549e-5,1000.0024402950909,lambda.min
Will Bradley-King,Rusher,1.379508964400576e-5,1000.0023965641051,lambda.min
Senio Kelemete,Blocker,1.2985731846711688e-5,1000.002255964255,lambda.min
Benning Potoa'E,Rusher,1.294199350939923e-5,1000.0022483661276,lambda.min
Yasir Durant,Blocker,1.278495712082107e-5,1000.0022210861127,lambda.min
Myles Adams,Rusher,1.2276601442165684e-5,1000.0021327756864,lambda.min
Gerald McCoy,Rusher,1.206564531464809e-5,1000.0020961288535,lambda.min
Daniel Archibong,Rusher,1.206362093034726e-5,1000.0020957771819,lambda.min
Josh Wells,Blocker,1.1660061208249584e-5,1000.0020256716778,lambda.min
Shaka Toney,Rusher,1.1599200204840106e-5,1000.0020150990385,lambda.min
Bruce Hector,Rusher,1.1387182252308375e-5,1000.0019782677479,lambda.min
Azur Kamara,Rusher,1.1176643907212527e-5,1000.0019416934913,lambda.min
Bradlee Anae,Rusher,1.0732657080214515e-5,1000.0018645650797,lambda.min
Woodrow Hamilton,Rusher,1.0728604323402438e-5,1000.0018638610437,lambda.min
Khaleke Hudson,Rusher,1.0533939987458082e-5,1000.0018300443849,lambda.min
Malcolm Smith,Rusher,1.050381781563244e-5,1000.0018248116277,lambda.min
Za'Darius Smith,Rusher,1.0291294524799965e-5,1000.0017878925507,lambda.min
Darryl Johnson,Rusher,9.648319261512733e-6,1000.0016761963071,lambda.min
Yosh Nijman,Blocker,9.222455136078676e-6,1000.0016022161312,lambda.min
Braxton Hoyett,Rusher,9.200969059142231e-6,1000.0015984836174,lambda.min
Devon Kennard,Rusher,9.119658829666748e-6,1000.0015843585838,lambda.min
Kyle Murphy,Blocker,8.560899182937882e-6,1000.0014872920913,lambda.min
Jake Hanson,Blocker,8.560601277196087e-6,1000.0014872403398,lambda.min
Jamil Douglas,Blocker,8.55887048882876e-6,1000.001486939671,lambda.min
Hardy Nickerson,Rusher,8.119465655853273e-6,1000.0014106072333,lambda.min
Noah Dawkins,Rusher,8.11927009984149e-6,1000.0014105732618,lambda.min
Jermaine Johnson II,Rusher,8.118315104768535e-6,1000.0014104073622,lambda.min
Calvin Munson,Rusher,7.681252824062553e-6,1000.0013344818674,lambda.min
Dorian O'Daniel,Rusher,7.679062244493509e-6,1000.0013341013248,lambda.min
Benardrick Mckinney,Rusher,7.456346391655686e-6,1000.0012954116185,lambda.min
Mekhi Becton,Blocker,7.2694234900200295e-6,1000.0012629397845,lambda.min
James Lynch,Rusher,7.2537271987159795e-6,1000.0012602130595,lambda.min
Jacoby Stevens,Rusher,7.244776951602342e-6,1000.0012586582423,lambda.min
Derrick Kelly,Blocker,7.0304045025277025e-6,1000.0012214179336,lambda.min
P.J. Williams,Rusher,6.7938695935547655e-6,1000.0011803276113,lambda.min
Lester Cotton Sr.,Blocker,6.145962866900867e-6,1000.0010677746849,lambda.min
Aaron Banks,Blocker,5.7087183917872294e-6,1000.0009918175397,lambda.min
Rashaad Coward,Blocker,5.706364979316114e-6,1000.0009914087101,lambda.min
Jaryd Jones-Smith,Blocker,5.704909386874056e-6,1000.0009911558478,lambda.min
Aj Jackson,Blocker,5.692572571965681e-6,1000.0009890127235,lambda.min
Carter Coughlin,Rusher,5.473841232043127e-6,1000.000951015198,lambda.min
Vince Biegel,Rusher,5.266558917739331e-6,1000.0009150065719,lambda.min
La'Darius Hamilton,Rusher,5.266208502828683e-6,1000.0009149456986,lambda.min
Kyle Van Noy,Rusher,5.2489646124875174e-06,1000.0009119501279,lambda.min
Kendall Lamm,Blocker,5.0799922204520935e-6,1000.000882596617,lambda.min
Austin Calitro,Rusher,4.829763231153219e-6,1000.0008391273893,lambda.min
Kevin Minter,Rusher,4.826750872473785e-6,1000.0008386040889,lambda.min
Ty Summers,Rusher,4.823651417693977e-6,1000.0008380656585,lambda.min
Curtis Robinson,Rusher,4.605022792625948e-6,1000.0008000859764,lambda.min
Henry Anderson,Rusher,4.5855099880494004e-6,1000.0007966962551,lambda.min
Trent Scott,Blocker,4.354195666495683e-6,1000.0007565128417,lambda.min
Quinn Bailey,Blocker,3.959488303961218e-6,1000.0006879451498,lambda.min
Patrick Johnson,Rusher,3.946828613254076e-6,1000.0006857459363,lambda.min
Zaire Franklin,Rusher,3.7107234206295692e-6,1000.0006447302634,lambda.min
Justin Hamilton,Rusher,3.363867446804606e-6,1000.0005844752092,lambda.min
Sam Kamara,Rusher,3.2719678372728156e-6,1000.0005685106119,lambda.min
Tyler Lancaster,Rusher,3.267369932475136e-6,1000.000567711874,lambda.min
Jack Conklin,Blocker,3.2652791270836857e-6,1000.0005673486639,lambda.min
Andre Smith,Blocker,3.0724437038664387e-6,1000.0005338497198,lambda.min
Dennis Gardeck,Rusher,2.981421762648417e-6,1000.0005180375891,lambda.min
Cameron Tom,Blocker,2.8546967478549994e-6,1000.0004960231993,lambda.min
David Steinmetz,Blocker,2.8540112359799476e-6,1000.0004959041137,lambda.min
Scott Daly,Blocker,2.853979913189842e-6,1000.0004958986723,lambda.min
Christian Elliss,Rusher,2.4162530107646197e-6,1000.000419857721,lambda.min
Harvey Langi,Rusher,2.4130775469414834e-6,1000.0004193060864,lambda.min
Nick Kwiatkoski,Rusher,2.4124572481474127e-6,1000.0004191983295,lambda.min
Rashad Weaver,Rusher,2.410544665858107e-6,1000.0004188660799,lambda.min
Jacob Phillips,Rusher,2.18282916870576e-6,1000.0003793078464,lambda.min
Jordan Evans,Rusher,1.9727584402175507e-6,1000.0003428148231,lambda.min
Justin Lawler,Rusher,1.9715838711087297e-6,1000.0003426107795,lambda.min
Josey Jewell,Rusher,1.533518843186698e-6,1000.0002665110898,lambda.min
Deonte Brown,Blocker,1.3274639152291877e-6,1000.0002307156825,lambda.min
Xavier Williams,Rusher,1.295588360702066e-6,1000.0002251783316,lambda.min
Akeem Davis-Gaither,Rusher,6.551729268326133e-7,1000.000113926776,lambda.min
Jake Brendel,Blocker,4.449221974549561e-7,1000.0000774024833,lambda.min
T.Y. Mcgill,Rusher,4.160290647852642e-7,1000.000072383232,lambda.min
Travin Howard,Rusher,2.0457823996027854e-7,1000.0000356504615,lambda.min
Freedom Akinmoladun,Rusher,-2.3132408372683307e-7,999.999959926472,lambda.min
Curtis Weaver,Rusher,-4.4091687745518434e-7,999.9999235164745,lambda.min
Daelin Hayes,Rusher,-4.433018273595636e-7,999.9999231021662,lambda.min
Royce Newman,Blocker,-4.4869915892005513e-7,999.9999221645537,lambda.min
Shane Lemieux,Blocker,-6.565183267710497e-7,999.9998860626665,lambda.min
Isaac Rochell,Rusher,-7.696990860894998e-7,999.9998664011549,lambda.min
Ronald Blair,Rusher,-7.72636411372371e-7,999.9998658908892,lambda.min
William Gholston,Rusher,-9.353744753966815e-7,999.999837620392,lambda.min
Keaton Sutherland,Blocker,-1.0830022976489355e-6,999.9998119748125,lambda.min
Marcus Allen,Rusher,-1.3140366280438428e-6,999.9997718400385,lambda.min
Eric Banks,Rusher,-1.543833525801619e-6,999.9997319202287,lambda.min
Albert Huggins,Rusher,-1.681217656413165e-6,999.9997080541608,lambda.min
Michael Dogbe,Rusher,-2.025586554699712e-6,999.9996482311559,lambda.min
Zach Banner,Blocker,-2.412150336010886e-6,999.999581078149,lambda.min
Logan Stenberg,Blocker,-2.4133350682212844e-6,999.99958087234,lambda.min
Jamin Davis,Rusher,-2.450490057553655e-6,999.9995744178573,lambda.min
DeAngelo Malone,Rusher,-2.8530769247012416e-6,999.9995044813553,lambda.min
Jabril Cox,Rusher,-2.8531731261867125e-6,999.9995044646433,lambda.min
Samuel Eguavoen,Rusher,-2.8532115242265258e-6,999.999504457973,lambda.min
Andre Smith,Rusher,-2.8532727006827356e-6,999.9995044473455,lambda.min
Nate Orchard,Rusher,-2.853328522565375e-6,999.9995044376483,lambda.min
Tyrell Adams,Rusher,-2.853938593871616e-6,999.999504331668,lambda.min
Pita Taumoepenu,Rusher,-2.8539766043159475e-6,999.9995043250649,lambda.min
Darious Williams,Rusher,-2.8551917692871394e-6,999.9995041139691,lambda.min
Anthony Levine Sr.,Rusher,-3.2905005068487215e-6,999.999428493096,lambda.min
Delontae Scott,Rusher,-3.2954479168632214e-6,999.9994276336429,lambda.min
Ross Blacklock,Rusher,-3.3394859230272396e-6,999.9994199834576,lambda.min
Kristian Welch,Rusher,-3.72721117871323e-6,999.9993526286821,lambda.min
Luke Gifford,Rusher,-3.7370915025451212e-6,999.9993509122941,lambda.min
Khalil Davis,Rusher,-3.740501549805471e-6,999.9993503199081,lambda.min
Ethan Pocic,Blocker,-3.7777768809880877e-6,999.9993438445199,lambda.min
Andrew Brown,Rusher,-4.174711406786184e-6,999.9992748899302,lambda.min
Kevin Pierre-Louis,Rusher,-4.176926928840853e-6,999.9992745050546,lambda.min
Nick Allegretti,Blocker,-4.3635150726576815e-6,999.9992420913741,lambda.min
Clay Johnston,Rusher,-4.607665357055274e-6,999.9991996781256,lambda.min
Nick Thurman,Rusher,-4.6226387287053805e-6,999.9991970769845,lambda.min
Austin Faoliu,Rusher,-4.625398090536106e-6,999.9991965976343,lambda.min
Patrick Jones II,Rusher,-4.632855546190155e-6,999.9991953021415,lambda.min
Jamarco Jones,Blocker,-4.7871700265237975e-6,999.9991684949706,lambda.min
Steve Mclendon,Rusher,-4.8567020515046524e-6,999.9991564160207,lambda.min
Antwaun Woods,Rusher,-4.928699147442886e-6,999.9991439088441,lambda.min
Ben Bredeson,Blocker,-5.068680658003481e-6,999.9991195915651,lambda.min
Austin Schlottmann,Blocker,-5.215122398994387e-6,999.9990941520291,lambda.min
Yetur Gross-Matos,Rusher,-5.224942576887946e-6,999.9990924460894,lambda.min
Ben Braden,Blocker,-5.2658930937204795e-6,999.9990853322561,lambda.min
Kyle Long,Blocker,-5.266640572564824e-6,999.9990852024057,lambda.min
Germaine Pratt,Rusher,-5.320262379924297e-6,999.9990758873437,lambda.min
Keandre Jones,Rusher,-5.7054628426595705e-6,999.9990089711695,lambda.min
Christian Rozeboom,Rusher,-5.70568763711338e-6,999.9990089321187,lambda.min
Grant Stuard,Rusher,-5.706324949906746e-6,999.9990088214062,lambda.min
Frank Herron,Rusher,-5.706393708380781e-6,999.9990088094615,lambda.min
Emmanuel Ellerbee,Rusher,-5.706480488085862e-6,999.9990087943863,lambda.min
Caleb Johnson,Rusher,-5.706873706861866e-6,999.9990087260772,lambda.min
Kamal Martin,Rusher,-5.707455148126919e-6,999.9990086250706,lambda.min
Jimmy Morrissey,Blocker,-5.7080745210344105e-6,999.9990085174745,lambda.min
Denzelle Good,Blocker,-5.907758424136673e-6,999.9989738288276,lambda.min
Darius Hodges,Rusher,-6.1458401059229514e-6,999.9989324698033,lambda.min
Jashon Cornell,Rusher,-6.147416391369768e-6,999.9989321959745,lambda.min
Trevis Gipson,Rusher,-6.259007097546202e-6,999.9989128106834,lambda.min
Blake Martinez,Rusher,-6.3720677993258105e-6,999.9988931700278,lambda.min
Danny Trevathan,Rusher,-6.5884769519821885e-6,999.9988555759074,lambda.min
Cameron Malveaux,Rusher,-6.619029078525612e-6,999.9988502684595,lambda.min
Joshua Miles,Blocker,-6.798187176158839e-6,999.9988191455102,lambda.min
Emeke Egbule,Rusher,-7.031772403090866e-6,999.9987785676001,lambda.min
Hamilcar Rashed Jr.,Rusher,-7.04113479888765e-6,999.9987769411854,lambda.min
Austin Blythe,Blocker,-7.23917960137461e-6,999.9987425372794,lambda.min
Matt Farniok,Blocker,-7.239373188025868e-6,999.99874250365,lambda.min
Drew Dalman,Blocker,-7.608118415608493e-6,999.998678446043,lambda.min
John Jenkins,Rusher,-7.623061359789156e-6,999.9986758501877,lambda.min
Lachavious Simmons,Blocker,-7.679549199714113e-6,999.9986660372448,lambda.min
Eric Wilson,Rusher,-7.68468533283202e-6,999.9986651450071,lambda.min
Adam Pankey,Blocker,-8.120150119992678e-6,999.9985894970255,lambda.min
Jamien Sherwood,Rusher,-8.358560945638113e-6,999.9985480808231,lambda.min
Eddie Yarbrough,Rusher,-8.558531046311944e-6,999.9985133424585,lambda.min
Charles Snowden,Rusher,-8.559196691648216e-6,999.9985132268241,lambda.min
Nathan Landman,Rusher,-8.559461539485616e-6,999.9985131808154,lambda.min
Cortez Broughton,Rusher,-8.56159377790498e-6,999.9985128104075,lambda.min
Ethan Westbrooks,Rusher,-8.561835710607794e-6,999.9985127683796,lambda.min
Kevin Strong,Rusher,-8.66396271562142e-6,999.9984950271016,lambda.min
Victor Dimukeje,Rusher,-8.803058963335318e-6,999.9984708636085,lambda.min
Cam Brown,Rusher,-9.00052004015855e-6,999.9984365611061,lambda.min
Blake Cashman,Rusher,-9.004256291282734e-6,999.9984359120529,lambda.min
Ledarius Mack,Rusher,-9.43562734223167e-6,999.998360975226,lambda.min
Will Fries,Blocker,-9.650000712452569e-6,999.9983237347573,lambda.min
Mack Wilson Sr.,Rusher,-9.670356835234045e-6,999.9983201985366,lambda.min
Bobby Brown III,Rusher,-9.684672235465594e-6,999.9983177116968,lambda.min
Justin Murray,Blocker,-1.0255256848702123e-5,999.9982185909972,lambda.min
Marcus Henry,Blocker,-1.0528443132840851e-5,999.998171133679,lambda.min
Prince Tega Wanogho,Blocker,-1.0533764946318931e-5,999.9981702091852,lambda.min
Cassius Marsh Sr.,Rusher,-1.0542585254145414e-5,999.9981686769408,lambda.min
Marvin Wilson,Rusher,-1.0744866866932375e-5,999.9981335370255,lambda.min
Chauncey Rivers,Rusher,-1.1202672396529494e-5,999.9980540080594,lambda.min
Jc Tretter,Blocker,-1.1991267014403163e-5,999.997917015143,lambda.min
Isaiah Mack,Rusher,-1.2081053071856141e-5,999.9979014177073,lambda.min
Denico Autry,Rusher,-1.2132178093092553e-5,999.9978925363815,lambda.min
Jonathan Ledbetter,Rusher,-1.2283943870163881e-5,999.9978661719657,lambda.min
Marquiss Spencer,Rusher,-1.2295197673563167e-5,999.9978642169798,lambda.min
Stone Forsythe,Blocker,-1.2507587474011304e-5,999.9978273210925,lambda.min
Jon Toth,Blocker,-1.2939229006504495e-5,999.9977523372781,lambda.min
Forrest Merrill,Rusher,-1.2951587675529017e-5,999.9977501903575,lambda.min
Anthony Pittman,Rusher,-1.3173668612610689e-5,999.9977116109472,lambda.min
Justin Mccray,Blocker,-1.3259401051246496e-5,999.9976967176973,lambda.min
David Bakhtiari,Blocker,-1.359720705959168e-5,999.9976380347831,lambda.min
Shaq Mason,Blocker,-1.3635210158154335e-5,999.9976314329687,lambda.min
Elerson Smith,Rusher,-1.3842232346625e-5,999.997595469531,lambda.min
Neville Hewitt,Rusher,-1.3851452139320094e-5,999.997593867889,lambda.min
Akeem Spence,Rusher,-1.4266650621666306e-5,999.9975217405251,lambda.min
Marquise Copeland,Rusher,-1.4832324110007185e-5,999.9974234729752,lambda.min
Myron Cunningham,Blocker,-1.4914895386629845e-5,999.9974091288753,lambda.min
Attauyo Nsekhe,Blocker,-1.4916213444592866e-5,999.9974088999053,lambda.min
Nick Leverett,Blocker,-1.4918624369781465e-5,999.9974084810847,lambda.min
Joe Walker,Rusher,-1.5591709898829998e-5,999.9972915541522,lambda.min
Tyler Matakevich,Rusher,-1.559250174612863e-5,999.9972914165943,lambda.min
Justin Zimmer,Rusher,-1.59450121882282e-5,999.9972301792583,lambda.min
Michael Dunn,Blocker,-1.596963316212025e-5,999.9972259021571,lambda.min
Brandon Knight,Blocker,-1.6237652240157084e-5,999.9971793424744,lambda.min
A.J. Johnson,Rusher,-1.6898842620759178e-5,999.9970644819409,lambda.min
Ben Niemann,Rusher,-1.6914015542011388e-5,999.9970618461346,lambda.min
Kahlil Mckenzie,Rusher,-1.712053020888811e-5,999.9970259708624,lambda.min
Josh Mauro,Rusher,-1.716295100198765e-5,999.9970186016159,lambda.min
Lavonte David,Rusher,-1.755364658926935e-5,999.9969507308408,lambda.min
Nick Niemann,Rusher,-1.7560721220755533e-5,999.9969495018514,lambda.min
Ron'Dell Carter,Rusher,-1.756381106039772e-5,999.9969489650913,lambda.min
Austin Johnson,Rusher,-1.7903783243267452e-5,999.9968899058741,lambda.min
Ulysees Gilbert III,Rusher,-1.7987822757322554e-5,999.9968753067152,lambda.min
Otito Ogbonnia,Rusher,-1.80064684198721e-5,999.9968720676319,lambda.min
Larry Ogunjobi,Rusher,-1.837510834998703e-5,999.9968080283169,lambda.min
Jordan Simmons,Blocker,-1.841823579310221e-5,999.9968005363127,lambda.min
Alex Bars,Blocker,-1.8421597015837634e-5,999.9967999524084,lambda.min
Christian Jones,Rusher,-1.8437455292236797e-5,999.9967971975437,lambda.min
James Vaughters,Rusher,-1.8511639345499116e-5,999.9967843104537,lambda.min
Raequan Williams,Rusher,-1.8624805362343834e-5,999.9967646515031,lambda.min
Joe Tryon-Shoyinka,Rusher,-1.8677295198240626e-5,999.9967555330846,lambda.min
Wyatt Ray,Rusher,-1.8887923124780346e-5,999.9967189432662,lambda.min
Joseph Noteboom,Blocker,-1.9224529493199494e-5,999.9966604687507,lambda.min
Andrew Wylie,Blocker,-1.9633295738381924e-5,999.9965894587809,lambda.min
David Mayo,Rusher,-1.9750038773268378e-5,999.9965691784386,lambda.min
Devin White,Rusher,-1.9764632608766914e-5,999.9965666432297,lambda.min
Brian Winters,Blocker,-2.018056026399526e-5,999.9964943891955,lambda.min
Ladarius Hamilton,Rusher,-2.018826779236452e-5,999.9964930502606,lambda.min
Oren Burks,Rusher,-2.0198084776904303e-5,999.9964913448757,lambda.min
Robert Spillane,Rusher,-2.062126021830509e-5,999.9964178317721,lambda.min
Jamie Collins Sr.,Rusher,-2.0934840612341806e-5,999.9963633572783,lambda.min
T.J. Slaton,Rusher,-2.1157384190431446e-5,999.9963246974991,lambda.min
Kylie Fitts,Rusher,-2.1297594640396645e-5,999.9963003404491,lambda.min
Jordan Smith,Rusher,-2.1303144417874184e-5,999.996299376354,lambda.min
Will Richardson Jr.,Blocker,-2.15944492597302e-5,999.99624877152,lambda.min
Kendal Vickers,Rusher,-2.2173646327040756e-5,999.9961481546839,lambda.min
Rashard Lawrence,Rusher,-2.2344238809264032e-5,999.9961185197343,lambda.min
Sheldon Day,Rusher,-2.250376241613406e-5,999.9960908076455,lambda.min
Casey Tucker,Blocker,-2.3478543710861976e-5,999.9959214707904,lambda.min
Chris Hubbard,Blocker,-2.3686935238025458e-5,999.9958852694743,lambda.min
Nick Dzubnar,Rusher,-2.3706181484682943e-5,999.9958819260589,lambda.min
Teair Tart,Rusher,-2.384509452907516e-5,999.9958577943914,lambda.min
Ronnie Stanley,Blocker,-2.387861380308803e-5,999.9958519714971,lambda.min
Parker Ehinger,Blocker,-2.391173932902368e-5,999.9958462170039,lambda.min
Kolton Miller,Blocker,-2.4092586322938645e-5,999.9958148006633,lambda.min
Christian Barmore,Rusher,-2.4217619754694062e-5,999.9957930801315,lambda.min
Shaq Lawson,Rusher,-2.513408399085175e-5,999.9956338739872,lambda.min
Chukwuma Okorafor,Blocker,-2.51622456552878e-5,999.995628981805,lambda.min
John Simon,Rusher,-2.5485211417715217e-5,999.9955728769056,lambda.min
Cedric Ogbuehi,Blocker,-2.5661153669860887e-5,999.995542312606,lambda.min
Chris Smith,Rusher,-2.571380249454045e-5,999.9955331665684,lambda.min
Brandon Copeland,Rusher,-2.5761811421837374e-5,999.9955248265635,lambda.min
Shaun Bradley,Rusher,-2.6110651962648726e-5,999.9954642267547,lambda.min
Jahlani Tavai,Rusher,-2.6119421032942043e-5,999.9954627034111,lambda.min
Jack Heflin,Rusher,-2.6120657181573148e-5,999.9954624886701,lambda.min
Elijah Lee,Rusher,-2.65605465954993e-5,999.9953860720522,lambda.min
Terron Armstead,Blocker,-2.6566065539946418e-5,999.9953851133132,lambda.min
Leki Fotu,Rusher,-2.6623226642412942e-5,999.9953751834126,lambda.min
Isaiah Williams,Blocker,-2.676368892455335e-5,999.9953507826151,lambda.min
Kenny Young,Rusher,-2.699855625586747e-5,999.9953099819807,lambda.min
Ben Bartch,Blocker,-2.703845513541009e-5,999.9953030508354,lambda.min
Tyquan Lewis,Rusher,-2.745017693482824e-5,999.9952315274331,lambda.min
Tarell Basham,Rusher,-2.7682466441981594e-5,999.9951911746127,lambda.min
Bryan Bulaga,Blocker,-2.8070564506315347e-5,999.9951237550736,lambda.min
Andrew Billings,Rusher,-2.812013991269894e-5,999.9951151429434,lambda.min
Austin Corbett,Blocker,-2.819555303462772e-5,999.9951020423423,lambda.min
Nick Vigil,Rusher,-2.8312694608682515e-5,999.9950816927667,lambda.min
Shaquille Quarterman,Rusher,-2.832544032814353e-5,999.9950794786084,lambda.min
Quinton Bohanna,Rusher,-2.8419595076361665e-5,999.9950631222533,lambda.min
Terrell Lewis,Rusher,-2.845792695570779e-5,999.9950564633239,lambda.min
Daniel Wise,Rusher,-2.8582044486592787e-5,999.9950349019003,lambda.min
Marquel Lee,Rusher,-2.8971509376767455e-5,999.9949672449193,lambda.min
Danny Pinter,Blocker,-2.8997883981222728e-5,999.9949626631812,lambda.min
Nick Martin,Blocker,-2.917818822395713e-5,999.9949313411262,lambda.min
Tashawn Bower,Rusher,-2.922221013933634e-5,999.9949236937362,lambda.min
Landon Young,Blocker,-3.111321517158665e-5,999.9945951925159,lambda.min
Coleman Shelton,Blocker,-3.138188063932398e-5,999.9945485205438,lambda.min
Hamsah Nasirildeen,Rusher,-3.138704310243966e-5,999.9945476237322,lambda.min
Alexander Johnson,Rusher,-3.180891725159168e-5,999.9944743366862,lambda.min
Lerentee Mccray,Rusher,-3.18351394405325e-5,999.9944697814253,lambda.min
Abdullah Anderson,Rusher,-3.184704343380533e-5,999.9944677134899,lambda.min
Justin Strnad,Rusher,-3.223624238648367e-5,999.9944001027069,lambda.min
Caraun Reid,Rusher,-3.226657821251977e-5,999.9943948328341,lambda.min
Al-Quadin Muhammad,Rusher,-3.3336623986972065e-5,999.9942089468441,lambda.min
Robert Hainsey,Blocker,-3.401271165362626e-5,999.9940914983869,lambda.min
Doug Costin,Rusher,-3.468635075638028e-5,999.9939744752888,lambda.min
Davion Taylor,Rusher,-3.489556230195381e-5,999.993938131521,lambda.min
Trent Harris,Rusher,-3.5117968555845975e-5,999.9938994955975,lambda.min
Renell Wren,Rusher,-3.533509524113958e-5,999.9938617768289,lambda.min
Orlando Brown,Blocker,-3.557639551479238e-5,999.993819858678,lambda.min
Takkarist Mckinley,Rusher,-3.563273925896429e-5,999.9938100707672,lambda.min
Tipa Galeai,Rusher,-3.599413118586284e-5,999.9937472905592,lambda.min
Colby Gossett,Blocker,-3.6383601880036e-5,999.9936796325699,lambda.min
Dakota Allen,Rusher,-3.710090650881623e-5,999.993555023993,lambda.min
Jonathan Bullard,Rusher,-3.7216984746376305e-5,999.9935348591379,lambda.min
D'Ante Smith,Blocker,-3.724330311060446e-5,999.9935302871697,lambda.min
K.J. Wright,Rusher,-3.7516472227804635e-5,999.9934828328336,lambda.min
K'Lavon Chaisson,Rusher,-3.762313978185638e-5,999.9934643027816,lambda.min
Phil Haynes,Blocker,-3.807626374281299e-5,999.9933855870872,lambda.min
Demetrius Flannigan-Fowles,Rusher,-3.8846668943820096e-5,999.9932517539961,lambda.min
Margus Hunt,Rusher,-3.913453360529153e-5,999.9932017467826,lambda.min
Broderick Washington,Rusher,-3.925999119234007e-5,999.9931799525674,lambda.min
Rashod Berry,Rusher,-3.929901894891954e-5,999.9931731727518,lambda.min
Walker Little,Blocker,-3.9362768771498867e-5,999.9931620982733,lambda.min
Isaiah Buggs,Rusher,-4.021387202003513e-5,999.9930142464955,lambda.min
Joseph Jones,Rusher,-4.082472732645589e-5,999.99290813006,lambda.min
Tyson Alualu,Rusher,-4.083956817655691e-5,999.9929055519402,lambda.min
Ryan Bates,Blocker,-4.087586491634599e-5,999.9928992465507,lambda.min
Trysten Hill,Rusher,-4.118944443809595e-5,999.9928447722084,lambda.min
Kyle Fuller,Blocker,-4.136465579647585e-5,999.992814334878,lambda.min
Garett Bolles,Blocker,-4.1806146406315964e-5,999.9927376401037,lambda.min
Jordan Mailata,Blocker,-4.200757533577914e-5,999.9927026483147,lambda.min
Jacob Tuioti-Mariner,Rusher,-4.215468518106898e-5,999.992677092717,lambda.min
Alex Barshaba,Blocker,-4.256246247032875e-5,999.9926062545463,lambda.min
Aaron Patrick,Rusher,-4.303504167798459e-5,999.9925241591295,lambda.min
Troy Dye,Rusher,-4.323278566860004e-5,999.99248980748,lambda.min
Brandin Bryant,Rusher,-4.4097606091174876e-5,999.992339572785,lambda.min
Matthew Judon,Rusher,-4.4922565759968165e-5,999.9921962626122,lambda.min
Will Holden,Blocker,-4.496008590294823e-5,999.9921897446958,lambda.min
Logan Wilson,Rusher,-4.5218238287215914e-5,999.9921448990334,lambda.min
Johnathan Hankins,Rusher,-4.532855761817907e-5,999.9921257346027,lambda.min
Romeo Okwara,Rusher,-4.543086491258621e-5,999.9921079620053,lambda.min
Jackson Barton,Blocker,-4.5862503164264115e-5,999.992032978761,lambda.min
Tyeler Davison,Rusher,-4.622339331320909e-5,999.9919702857209,lambda.min
Michael Pierce,Rusher,-4.638301318633812e-5,999.9919425569088,lambda.min
Kaden Elliss,Rusher,-4.678768349298473e-5,999.9918722584764,lambda.min
Joe Gaziano,Rusher,-4.7078748326664157e-5,999.991821695336,lambda.min
Michael Hoecht,Rusher,-4.7260933768090775e-5,999.9917900464832,lambda.min
Cory Littleton,Rusher,-4.7616497968751195e-5,999.991728278655,lambda.min
De'Vondre Campbell,Rusher,-4.761902384238579e-5,999.9917278398658,lambda.min
Jonas Griffith,Rusher,-4.8045373531750396e-5,999.9916537753389,lambda.min
Markus Bailey,Rusher,-4.89179054766386e-5,999.9915022010154,lambda.min
Raymond Johnson III,Rusher,-4.897618136407965e-5,999.9914920774568,lambda.min
Quincy Williams,Rusher,-4.9200678275501116e-5,999.9914530783489,lambda.min
Mykal Walker,Rusher,-4.9597637182567986e-5,999.9913841195237,lambda.min
Ryan Mccollum,Blocker,-4.998295877419876e-5,999.9913171823073,lambda.min
Blake Lynch,Rusher,-5.093039569619481e-5,999.9911525956564,lambda.min
Ta'Quon Graham,Rusher,-5.13857065178796e-5,999.9910735000655,lambda.min
Kyler Fackrell,Rusher,-5.190775191421608e-5,999.9909828114914,lambda.min
Jason Kelce,Blocker,-5.220360809820492e-5,999.9909314160082,lambda.min
Payton Turner,Rusher,-5.233113987609777e-5,999.9909092614693,lambda.min
Jeremiah Attaochu,Rusher,-5.269496568292496e-5,999.9908460584531,lambda.min
Fred Johnson,Blocker,-5.28469247167713e-5,999.9908196604651,lambda.min
Devin Bush,Rusher,-5.29015595793695e-5,999.9908101694175,lambda.min
Dee Ford,Rusher,-5.3146556123419975e-5,999.9907676091585,lambda.min
Marquis Haynes Sr.,Rusher,-5.338148381068478e-5,999.9907267980393,lambda.min
Austin Bryant,Rusher,-5.345005906310651e-5,999.9907148852978,lambda.min
Deatrich Wise Jr.,Rusher,-5.4386401926933214e-5,999.9905522258822,lambda.min
Cornelius Lucas,Blocker,-5.4778849077479356e-5,999.9904840508294,lambda.min
Demone Harris,Rusher,-5.730417037056618e-5,999.9900453575884,lambda.min
Julian Okwara,Rusher,-5.7314063657685006e-5,999.9900436389485,lambda.min
Chauncey Golston,Rusher,-5.809619961061818e-5,999.989907768017,lambda.min
Randy Gregory,Rusher,-5.81108778885722e-5,999.989905218139,lambda.min
Danny Shelton,Rusher,-5.8193630076844584e-5,999.9898908426115,lambda.min
Mctelvin Agim,Rusher,-5.860781794081352e-5,999.9898188908099,lambda.min
Elgton Jenkins,Blocker,-5.9032290904230175e-5,999.9897451523037,lambda.min
Ike Boettger,Blocker,-6.038560487632622e-5,999.9895100575875,lambda.min
Chase Young,Rusher,-6.051881674991741e-5,999.9894869163148,lambda.min
Joe Jackson,Rusher,-6.150213421072743e-5,999.989316096576,lambda.min
Jarrad Davis,Rusher,-6.256939610681498e-5,999.9891306941951,lambda.min
Shaquil Barrett,Rusher,-6.278794266267141e-5,999.9890927287698,lambda.min
Bunmi Rotimi,Rusher,-6.300413160249758e-5,999.9890551729044,lambda.min
Trystan Colon,Blocker,-6.37170752464572e-5,999.9889313219082,lambda.min
Corey Levin,Blocker,-6.379572927275942e-5,999.9889176583043,lambda.min
Ben Banogu,Rusher,-6.389968373324635e-5,999.9888995995649,lambda.min
Boogie Basham,Rusher,-6.417463647307859e-5,999.9888518353819,lambda.min
Jessie Lemonier,Rusher,-6.436131558868563e-5,999.988819405898,lambda.min
Tommy Togiai,Rusher,-6.440717806013576e-5,999.9888114387707,lambda.min
Jake Zimmer,Rusher,-6.496336006017411e-5,999.9887148200612,lambda.min
Bravvion Roy,Rusher,-6.632018467823119e-5,999.9884791154834,lambda.min
Andre Mintze,Rusher,-6.651138479933291e-5,999.9884459006204,lambda.min
Derek Rivers,Rusher,-6.682877955275166e-5,999.9883907635044,lambda.min
Eric Kendricks,Rusher,-6.693150458491408e-5,999.9883729183385,lambda.min
C.J. Mosley,Rusher,-6.700019350859805e-5,999.9883609858504,lambda.min
Jack Anderson,Blocker,-6.708858740695284e-5,999.9883456302574,lambda.min
Emmanuel Ogbah,Rusher,-6.711535387978181e-5,999.9883409804448,lambda.min
Krys Barnes,Rusher,-6.71566325294646e-5,999.9883338096089,lambda.min
Whitney Mercilus,Rusher,-6.73090498904828e-5,999.9883073320013,lambda.min
Ja'Whaun Bentley,Rusher,-6.833462784896001e-5,999.9881291708621,lambda.min
Jonathan Harris,Rusher,-6.891139376679698e-5,999.9880289763599,lambda.min
Linval Joseph,Rusher,-6.941916052588875e-5,999.9879407682394,lambda.min
Malcolm Koonce,Rusher,-6.980686689906077e-5,999.9878734167439,lambda.min
Carlos Davis,Rusher,-7.002572137249201e-5,999.9878353978279,lambda.min
Nate Herbig,Blocker,-7.072361903204732e-5,999.9877141605868,lambda.min
Joe Haeg,Blocker,-7.117553147193587e-5,999.9876356553552,lambda.min
Everson Griffen,Rusher,-7.14583215852253e-5,999.987586529681,lambda.min
Tyre Phillips,Blocker,-7.181513160651258e-5,999.9875245454317,lambda.min
Tyus Bowser,Rusher,-7.303063727027892e-5,999.9873133904706,lambda.min
Foyesade Oluokun,Rusher,-7.332763287578236e-5,999.9872617970497,lambda.min
James Hudson III,Blocker,-7.443179814075118e-5,999.987069983897,lambda.min
Frank Clark,Rusher,-7.44637952214876e-5,999.9870644254347,lambda.min
Jayon Brown,Rusher,-7.46193394206098e-5,999.9870374046398,lambda.min
Anthony Nelson,Rusher,-7.506280364945943e-5,999.9869603670128,lambda.min
Markus Golden,Rusher,-7.613371387643077e-5,999.9867743308519,lambda.min
Jaylon Moore,Blocker,-7.688310964209274e-5,999.9866441474735,lambda.min
Jordan Elliott,Rusher,-7.813555267466512e-5,999.9864265758343,lambda.min
Yannick Ngakoue,Rusher,-7.836028969171861e-5,999.9863875350159,lambda.min
Derrek Tuszka,Rusher,-7.836422726318972e-5,999.9863868509896,lambda.min
Solomon Thomas,Rusher,-7.837188994922656e-5,999.9863855198447,lambda.min
Tyler Shelvin,Rusher,-7.965081684696477e-5,999.9861633474869,lambda.min
Robert Jones,Blocker,-7.98250877326498e-5,999.9861330735333,lambda.min
Chase Winovich,Rusher,-8.058022309127595e-5,999.9860018930856,lambda.min
Kyle Phillips,Rusher,-8.107300787757274e-5,999.9859162876002,lambda.min
Taylor Decker,Blocker,-8.16280972202809e-5,999.9858198587048,lambda.min
Da'Shawn Hand,Rusher,-8.166639359669167e-5,999.9858132059428,lambda.min
Porter Gustin,Rusher,-8.209742807043137e-5,999.9857383275854,lambda.min
Marlon Tuipulotu,Rusher,-8.294794820242789e-5,999.9855905771054,lambda.min
Solomon Kindley,Blocker,-8.392668524453079e-5,999.9854205530668,lambda.min
Carl Granderson,Rusher,-8.405538167265229e-5,999.9853981962074,lambda.min
James Smith-Williams,Rusher,-8.437418215218647e-5,999.9853428148917,lambda.min
Greg Gaines,Rusher,-8.493752231126872e-5,999.9852449526827,lambda.min
Julie'N Davenport,Blocker,-8.517908046229573e-5,999.9852029897338,lambda.min
Marcell Harris,Rusher,-8.538016719924607e-5,999.9851680573897,lambda.min
Josh Uche,Rusher,-8.546964050446724e-5,999.9851525142847,lambda.min
James Ferentz,Blocker,-8.723753344789372e-5,999.9848453998247,lambda.min
Jackson Carman,Blocker,-8.735390775801809e-5,999.9848251835364,lambda.min
Iosua Opeta,Blocker,-8.739795174007098e-5,999.9848175323131,lambda.min
Jaylon Smith,Rusher,-8.755824655634579e-5,999.9847896862514,lambda.min
Sean Harlow,Blocker,-8.829071538419842e-5,999.9846624433834,lambda.min
John Miller,Blocker,-8.856823111517487e-5,999.9846142339632,lambda.min
Josh Jones,Blocker,-8.9257348098500155e-05,999.9844945220818,lambda.min
Terence Steele,Blocker,-8.996189121081245e-5,999.9843721304075,lambda.min
Tommy Doyle,Blocker,-9.103482888100957e-5,999.9841857420436,lambda.min
Khalen Saunders,Rusher,-9.220555252221232e-5,999.9839823665167,lambda.min
Joe Schobert,Rusher,-9.282842373716016e-5,999.9838741627041,lambda.min
Ty Sambrailo,Blocker,-9.403833613689772e-5,999.9836639793925,lambda.min
Bradley Chubb,Rusher,-9.55280418055465e-5,999.9834051910119,lambda.min
Akiem Hicks,Rusher,-9.56149237452147e-5,999.9833900980732,lambda.min
Carl Nassib,Rusher,-9.707721791899281e-5,999.9831360715569,lambda.min
Dillon Radunz,Blocker,-9.733029800578684e-5,999.9830921070428,lambda.min
Blake Brandel,Blocker,-9.74013352769087e-5,999.9830797666049,lambda.min
Jalyn Holmes,Rusher,-9.77399099969334e-5,999.9830209501519,lambda.min
Daron Payne,Rusher,-9.847062003632255e-5,999.9828940128167,lambda.min
John Penisini,Rusher,-9.889513618515858e-5,999.9828202668083,lambda.min
Andrew Van Ginkel,Rusher,-9.910959503437507e-5,999.9827830114904,lambda.min
Mike Mcglinchey,Blocker,-9.938420597203582e-5,999.9827353066844,lambda.min
Jedrick Wills Jr.,Blocker,-1.0100136900237949e-4,999.9824543766922,lambda.min
Nate Davis,Blocker,-1.0118466086845303e-4,999.9824225356339,lambda.min
Divine Deablo,Rusher,-1.0247944753448612e-4,999.9821976081521,lambda.min
Kemoko Turay,Rusher,-1.0282635833128663e-4,999.9821373435742,lambda.min
Pat Elflein,Blocker,-1.0326610728911246e-4,999.9820609513558,lambda.min
Dayo Odeyingbo,Rusher,-1.0460221938283685e-4,999.9818288449121,lambda.min
Stephen Weatherly,Rusher,-1.0499560776267236e-4,999.9817605063511,lambda.min
A'Shawn Robinson,Rusher,-1.0654252987715537e-4,999.9814917784557,lambda.min
Max Scharping,Blocker,-1.067116509986661e-4,999.9814623991078,lambda.min
John Leglue,Blocker,-1.0711095502151597e-4,999.9813930328943,lambda.min
Joe Noteboom,Blocker,-1.0746649225687285e-4,999.9813312697505,lambda.min
Jordan Willis,Rusher,-1.0867083266045498e-4,999.981122054394,lambda.min
Quinton Jefferson,Rusher,-1.0885732064822014e-4,999.9810896581123,lambda.min
Lucas Niang,Blocker,-1.0934389381798026e-4,999.9810051316953,lambda.min
Kyzir White,Rusher,-1.0991777999610931e-4,999.980905437455,lambda.min
Levi Onwuzurike,Rusher,-1.1034344859808645e-4,999.9808314912451,lambda.min
Corey Peters,Rusher,-1.1041827901978026e-4,999.9808184918694,lambda.min
Chris Board,Rusher,-1.1081868131745429e-4,999.980748934866,lambda.min
Bruce Irvin,Rusher,-1.1196357036231609e-4,999.9805500472681,lambda.min
Colton Mckivitz,Blocker,-1.1226619380073476e-4,999.9804974761925,lambda.min
Dante Fowler Jr.,Rusher,-1.1405301287884643e-4,999.9801870739261,lambda.min
Ifeadi Odenigbo,Rusher,-1.1589906859440561e-4,999.9798663812019,lambda.min
Taco Charlton,Rusher,-1.1699533963799828e-4,999.979675939416,lambda.min
Raekwon Davis,Rusher,-1.1717452854308517e-4,999.9796448111149,lambda.min
Dont'A Hightower,Rusher,-1.1747812765418116e-4,999.9795920705474,lambda.min
Jason Pierre-Paul,Rusher,-1.178613444743926e-4,999.9795254989672,lambda.min
Ted Karras,Blocker,-1.1914538014950585e-4,999.9793024391239,lambda.min
Leonard Floyd,Rusher,-1.1986918373585756e-4,999.9791767015626,lambda.min
Trey Pipkins III,Blocker,-1.206352739269691e-4,999.9790436180655,lambda.min
A.J. Cann,Blocker,-1.2152730884066455e-4,999.9788886557292,lambda.min
Jaleel Johnson,Rusher,-1.2486054466826277e-4,999.9783096133584,lambda.min
Laremy Tunsil,Blocker,-1.282741956525641e-4,999.9777166014442,lambda.min
Benson Mayowa,Rusher,-1.2865535398698676e-4,999.9776503874597,lambda.min
Ola Adeniyi,Rusher,-1.2976934174128445e-4,999.9774568679658,lambda.min
Preston Smith,Rusher,-1.3130940445403604e-4,999.9771893316706,lambda.min
Quincy Roche,Rusher,-1.3171849693971013e-4,999.977118265027,lambda.min
Christian Ringo,Rusher,-1.3186295365393604e-4,999.9770931703255,lambda.min
Pernell Mcphee,Rusher,-1.333148709047343e-4,999.9768409464654,lambda.min
Baron Browning,Rusher,-1.3383157133124913e-4,999.9767511864078,lambda.min
Geron Christian Sr.,Blocker,-1.3715262601066348e-4,999.9761742601193,lambda.min
Justin Jones,Rusher,-1.4040250505311294e-4,999.9756096983052,lambda.min
Oshane Ximines,Rusher,-1.4399907381367066e-4,999.9749849103187,lambda.min
Jonathon Cooper,Rusher,-1.442148068043242e-4,999.9749474336596,lambda.min
Calvin Anderson,Blocker,-1.4448104911911523e-4,999.9749011826324,lambda.min
Chris Lindstrom,Blocker,-1.447754715790871e-4,999.9748500362125,lambda.min
Trey Flowers,Rusher,-1.4644509080524054e-4,999.9745599936458,lambda.min
Harold Landry III,Rusher,-1.4777252537442794e-4,999.9743293946424,lambda.min
Conor Mcdermott,Blocker,-1.478227070266817e-4,999.9743206771965,lambda.min
Wyatt Raymond,Rusher,-1.4836420283777008e-4,999.9742266097394,lambda.min
Jaylon Ferguson,Rusher,-1.490191891815401e-4,999.9741128269575,lambda.min
Rashawn Slater,Blocker,-1.493922527797895e-4,999.9740480191726,lambda.min
Tyron Smith,Blocker,-1.506299195534836e-4,999.9738330144326,lambda.min
Grover Stewart,Rusher,-1.5095894362419945e-4,999.9737758570973,lambda.min
Austin Jackson,Blocker,-1.5112466114418428e-4,999.9737470690154,lambda.min
Samson Ebukam,Rusher,-1.5488114420469254e-4,999.9730945010696,lambda.min
Cam Robinson,Blocker,-1.554084072571774e-4,999.973002906096,lambda.min
Tanoh Kpassagnon,Rusher,-1.5592377159992084e-4,999.9729133781399,lambda.min
Sam Cosmi,Blocker,-1.5637851280672036e-4,999.9728343815011,lambda.min
Bobby Okereke,Rusher,-1.573738243509081e-4,999.9726614781765,lambda.min
Yodny Cajuste,Blocker,-1.5748654741745834e-4,999.9726418961742,lambda.min
Bobby Hart,Blocker,-1.5768181371327592e-4,999.9726079749444,lambda.min
Jerome Baker,Rusher,-1.595483217867762e-4,999.9722837292817,lambda.min
Jon Runyan,Blocker,-1.6358116864055542e-4,999.9715831520276,lambda.min
Mike Onwenu,Blocker,-1.641228992814622e-4,999.9714890437764,lambda.min
Uchenna Nwosu,Rusher,-1.6442127278677574e-4,999.9714372109897,lambda.min
David Onyemata,Rusher,-1.6553663815126922e-4,999.9712434521805,lambda.min
Taylor Moton,Blocker,-1.6555609278549714e-4,999.9712400725643,lambda.min
Anthony Rush,Rusher,-1.6682980697091266e-4,999.9710188057475,lambda.min
Taylor Stallworth,Rusher,-1.678329815697437e-4,999.9708445364704,lambda.min
Keanu Neal,Rusher,-1.6808772033351439e-4,999.9708002838146,lambda.min
Billy Price,Blocker,-1.681470366561299e-4,999.9707899795139,lambda.min
Netane Muti,Blocker,-1.6963871788417434e-4,999.9705308479436,lambda.min
Le'Raven Clark,Blocker,-1.7090773736976245e-4,999.9703103966795,lambda.min
Austin Reiter,Blocker,-1.713081717759733e-4,999.9702408340983,lambda.min
Korey Cunningham,Blocker,-1.721532463047214e-4,999.9700940296165,lambda.min
Riley Reiff,Blocker,-1.7351554053228883e-4,999.9698573748701,lambda.min
Khalid Kareem,Rusher,-1.740316026490502e-4,999.9697677256983,lambda.min
Jarran Reed,Rusher,-1.7563687110499164e-4,999.9694888620054,lambda.min
Trent Brown,Blocker,-1.756923468442613e-4,999.9694792248823,lambda.min
Carlos Watkins,Rusher,-1.781510398843221e-4,999.9690521061543,lambda.min
Steven Means,Rusher,-1.7966270080288813e-4,999.9687895037562,lambda.min
Jerry Tillery,Rusher,-1.7975687642007753e-4,999.9687731437758,lambda.min
Matt Pryor,Blocker,-1.8201051027005177e-4,999.9683816474777,lambda.min
Rashod Hill,Blocker,-1.8247304126485227e-4,999.9683012976143,lambda.min
Melvin Ingram,Rusher,-1.827270408098313e-4,999.9682571733739,lambda.min
D.J. Reader,Rusher,-1.8400403131401769e-4,999.9680353374022,lambda.min
Braden Smith,Blocker,-1.8412232194218336e-4,999.9680147882153,lambda.min
Jonathan Garvin,Rusher,-1.907076173681753e-4,999.9668708052293,lambda.min
Justin Herron,Blocker,-1.9343511247451093e-4,999.9663969907996,lambda.min
Quinn Meinerz,Blocker,-1.9397733149634786e-4,999.966302797708,lambda.min
Michael Jordan,Blocker,-1.9604688968404832e-4,999.9659432786276,lambda.min
Rashan Gary,Rusher,-1.9794404334530806e-4,999.965613709281,lambda.min
Connor Mcgovern,Blocker,-1.9832902501297405e-4,999.9655468311155,lambda.min
Alex Anzalone,Rusher,-1.9878058340894064e-4,999.9654683873875,lambda.min
Leighton Vander Esch,Rusher,-2.0232718481624152e-4,999.9648522796193,lambda.min
Casey Toohill,Rusher,-2.028092805523202e-4,999.9647685310122,lambda.min
Jordan Phillips,Rusher,-2.0569859408663656e-4,999.9642666058423,lambda.min
Jesse Davis,Blocker,-2.0662651912987397e-4,999.9641054087521,lambda.min
Aaron Brewer,Blocker,-2.0746447241033037e-4,999.9639598413577,lambda.min
Jaelan Phillips,Rusher,-2.084238013365999e-4,999.9637931888541,lambda.min
Matt Skura,Blocker,-2.0878198772636056e-4,999.9637309655051,lambda.min
Max Garcia,Blocker,-2.14312221904302e-4,999.9627702654302,lambda.min
Chris Reed,Blocker,-2.239078261983564e-4,999.9611033382321,lambda.min
Armon Watts,Rusher,-2.2661394383889348e-4,999.9606332374486,lambda.min
Dexter Lawrence,Rusher,-2.3244214727619048e-4,999.9596207748117,lambda.min
Arden Key,Rusher,-2.3245045051960964e-4,999.9596193323906,lambda.min
Daniel Brunskill,Blocker,-2.3299614150538815e-4,999.959524536157,lambda.min
Jake Curhan,Blocker,-2.363784888672812e-4,999.9589369622389,lambda.min
Matt Nelson,Blocker,-2.3710327083447812e-4,999.9588110547154,lambda.min
Bud Dupree,Rusher,-2.3780399953179208e-4,999.9586893256727,lambda.min
Henry Mondeaux,Rusher,-2.3801820242638023e-4,999.9586521148187,lambda.min
Isaiah Prince,Blocker,-2.39745114131897e-4,999.9583521195289,lambda.min
Cameron Jordan,Rusher,-2.4025908580270104e-4,999.9582628335047,lambda.min
Josiah Bronson,Rusher,-2.4079649800967884e-4,999.9581694754423,lambda.min
Montez Sweat,Rusher,-2.4232458686114608e-4,999.9579040192199,lambda.min
Alex Leatherwood,Blocker,-2.4261827518264238e-4,999.9578530003329,lambda.min
Marlon Davidson,Rusher,-2.431600934346064e-4,999.9577588768622,lambda.min
Kenny Willekes,Rusher,-2.45093455910793e-4,999.9574230174002,lambda.min
Marcus Cannon,Blocker,-2.4859494908969376e-4,999.9568147457337,lambda.min
Cam Sample,Rusher,-2.5414876941944384e-4,999.9558499483246,lambda.min
Daryl Williams,Blocker,-2.5535862577658394e-4,999.9556397747488,lambda.min
Jalen Mayfield,Blocker,-2.559316257692213e-4,999.9555402344548,lambda.min
Azeez Ojulari,Rusher,-2.595579259031078e-4,999.9549102815996,lambda.min
Dalvin Tomlinson,Rusher,-2.613148987989642e-4,999.9546050641462,lambda.min
Naquan Jones,Rusher,-2.614019312191236e-4,999.9545899450662,lambda.min
Michael Deiter,Blocker,-2.6479215906429426e-4,999.9540010021681,lambda.min
Quenton Nelson,Blocker,-2.709676858923314e-4,999.9529282032784,lambda.min
La'El Collins,Blocker,-2.740808076112343e-4,999.9523873986448,lambda.min
Rasheem Green,Rusher,-2.7438581435928545e-4,999.9523344135457,lambda.min
Shy Tuttle,Rusher,-2.768147541285707e-4,999.9519124634902,lambda.min
Cameron Fleming,Blocker,-2.830224314895687e-4,999.950834079481,lambda.min
Matt Peart,Blocker,-2.884045620617092e-4,999.9498991076375,lambda.min
Josh Tupou,Rusher,-2.910661465960644e-4,999.949436743047,lambda.min
Brandon Shell,Blocker,-2.9414306941169603e-4,999.9489022268069,lambda.min
Kingsley Keke,Rusher,-2.9440883853967245e-4,999.9488560579807,lambda.min
Nate Solder,Blocker,-2.9538471600030607e-4,999.9486865307022,lambda.min
Dennis Daley,Blocker,-3.053395971401149e-4,999.9469571907234,lambda.min
Hakeem Adeniji,Blocker,-3.061153772287971e-4,999.9468224239188,lambda.min
Adam Butler,Rusher,-3.066345250096612e-4,999.9467322387121,lambda.min
David Quessenberry,Blocker,-3.0732604638791566e-4,999.9466121091447,lambda.min
Trent Williams,Blocker,-3.104829290861702e-4,999.9460637024503,lambda.min
Jake Matthews,Blocker,-3.1123813373476624e-4,999.9459325099657,lambda.min
Malik Reed,Rusher,-3.1192890841987605e-4,999.9458125101121,lambda.min
Jeffery Simmons,Rusher,-3.159508891699824e-4,999.9451138204936,lambda.min
Isaiahh Loudermilk,Rusher,-3.1983873726662353e-4,999.9444384321037,lambda.min
Ryan Kelly,Blocker,-3.2080267686233704e-4,999.9442709786448,lambda.min
Mike Danna,Rusher,-3.216658327713392e-4,999.9441210331055,lambda.min
Storm Norton,Blocker,-3.252679396218972e-4,999.9434952830541,lambda.min
Lorenzo Carter,Rusher,-3.255746341592882e-4,999.943442004756,lambda.min
Justin Britt,Blocker,-3.2825630705939074e-4,999.9429761504589,lambda.min
Zach Allen,Rusher,-3.29834389390643e-4,999.9427020094795,lambda.min
Dorance Armstrong,Rusher,-3.435944888719012e-4,999.9403116353694,lambda.min
Chris Wormley,Rusher,-3.4792171827243757e-4,999.9395599186292,lambda.min
Kerry Hyder Jr.,Rusher,-3.5424422921375126e-4,999.9384615859838,lambda.min
Brandon Williams,Rusher,-3.5507517340480717e-4,999.938317236193,lambda.min
Cameron Erving,Blocker,-3.590181504932175e-4,999.9376322709163,lambda.min
Duane Brown,Blocker,-3.594095606303734e-4,999.9375642760111,lambda.min
Jonah Williams,Blocker,-3.615549508715579e-4,999.9371915835538,lambda.min
Adetokunbo Ogundeji,Rusher,-3.6383318990707995e-4,999.9367958128972,lambda.min
Christian Covington,Rusher,-3.6584446491830534e-4,999.9364464186417,lambda.min
Alex Okafor,Rusher,-3.679391566917481e-4,999.9360825334103,lambda.min
Christian Darrisaw,Blocker,-3.7253526993513014e-4,999.9352841067623,lambda.min
Sam Hubbard,Rusher,-3.7401333202039064e-4,999.9350273410794,lambda.min
Blake Hance,Blocker,-3.7893660437988177e-4,999.9341720810719,lambda.min
Tom Compton,Blocker,-3.800543996017522e-4,999.9339779001532,lambda.min
Charlie Heck,Blocker,-3.822006978289999e-4,999.9336050499625,lambda.min
Penei Sewell,Blocker,-3.854998621712806e-4,999.933031926415,lambda.min
Shamar Stephen,Rusher,-3.8650402600394896e-4,999.9328574852905,lambda.min
Jawaan Taylor,Blocker,-3.8749256583116705e-4,999.9326857583336,lambda.min
Deshawn Williams,Rusher,-3.8929565302882113e-4,999.9323725300055,lambda.min
Michael Brockers,Rusher,-3.915234753752719e-4,999.9319855176248,lambda.min
Bilal Nichols,Rusher,-3.9562084771445355e-4,999.9312737311459,lambda.min
Bobby Massie,Blocker,-4.1070107470446237e-4,999.9286540273988,lambda.min
Rodger Saffold,Blocker,-4.1165475248886626e-4,999.9284883565991,lambda.min
George Fant,Blocker,-4.158626291011242e-4,999.9277573735618,lambda.min
Derrick Nnadi,Rusher,-4.2192136214225766e-4,999.926704863831,lambda.min
Laken Tomlinson,Blocker,-4.301521895527853e-4,999.9252750226607,lambda.min
Leonard Williams,Rusher,-4.480389548124156e-4,999.9221677732801,lambda.min
Spencer Brown,Blocker,-4.536729175825939e-4,999.9211890537032,lambda.min
Justin Ellis,Rusher,-4.544294310430896e-4,999.9210576338546,lambda.min
Shelby Harris,Rusher,-4.8690134094664974e-4,999.9154166853394,lambda.min
Malik Jackson,Rusher,-5.108568510707046e-4,999.9112551869962,lambda.min
B.J. Hill,Rusher,-5.170558625602589e-4,999.9101783084029,lambda.min
Dion Dawkins,Blocker,-5.308186420891703e-4,999.9077874687209,lambda.min
Sheldon Richardson,Rusher,-5.507567826104218e-4,999.9043238589578,lambda.min
Nick Williams,Rusher,-5.626225418857879e-4,999.902262565447,lambda.min
Alex Mack,Blocker,-5.657552075256541e-4,999.9017183656866,lambda.min
Eric Fisher,Blocker,-5.832663688880936e-4,999.8986763653861,lambda.min
Dean Lowry,Rusher,-6.225862547332236e-4,999.8918458016054,lambda.min
Morgan Moses,Blocker,-6.531771971393072e-4,999.8865316106121,lambda.min
Isaiah Wynn,Blocker,-6.663079484428966e-4,999.8842505654784,lambda.min
Arik Armstead,Rusher,-6.70855349653641e-4,999.8834606009773,lambda.min
D.J. Humphries,Blocker,-6.726592217005284e-4,999.8831472363069,lambda.min
Liam Eichenberg,Blocker,-6.888500186700704e-4,999.8803346067942,lambda.min
Kaleb McGary,Blocker,-6.911779383554806e-4,999.8799302057248,lambda.min
D.J. Wonnum,Rusher,-7.140864579154705e-4,999.8759505882714,lambda.min
Mark Glowinski,Blocker,-7.417929528537964e-4,999.8711374771256,lambda.min
Taylor Lewan,Blocker,-9.53286342487457e-4,999.8343973122948,lambda.min
Ryan Jensen,Blocker,-0.0010086888727115293,999.8247729070308,lambda.min
Cameron Heyward,Rusher,-0.001015823248470918,999.8235335390212,lambda.min
